t_us,ax,ay,az,gx,gy,gz,mx,my,mz,imuTempC,baroTempC,pressPa,altM,hgx,hgy,hgz
35320011,9.773131,0.7182605,0.1340753,0.0031926755,-0.048954356,-0.090459146,7.35,51.75,27.9,27.75712,25.580133,92726.59,741.8096,-2.873042,5.746084,12.449849
35353011,9.682152,0.6895301,0.16759412,-0.005321126,-0.045761682,-0.07023886,7.8,52.8,27.9,27.852966,25.580849,92727.96,741.68744,-4.7884035,1.9153614,9.576807
35386011,9.706094,0.5602432,0.11492168,-0.0010642252,-0.04150478,-0.053211257,7.65,51.45,29.55,27.75712,25.581068,92728.03,741.68097,-1.9153614,3.8307228,0
35419011,9.830592,0.48362875,0.10055647,-0.006385351,-0.024477178,-0.04150478,6,52.8,27.9,27.852966,25.581104,92728.36,741.6518,0.9576807,6.703765,3.8307228
35452011,9.80665,0.37349546,0.02873042,-0.0010642252,-0.012770702,-0.03299098,7.95,53.85,27,27.709198,25.580976,92727.55,741.72473,-8.619126,2.873042,7.6614456
35485011,9.739613,0.5363012,0.16759412,0,-0.006385351,-0.023412954,8.55,53.25,28.65,27.852966,25.581326,92727.766,741.7048,-2.873042,4.7884035,0
35518014,9.873688,0.5363012,0.29688102,-0.005321126,-0.019156054,-0.012770702,7.05,53.55,28.2,27.709198,25.580996,92726.78,741.7928,-0.9576807,-0.9576807,2.873042
35551007,9.830592,0.44532153,0.15322891,-0.009578027,-0.024477178,-0.020220278,5.55,52.8,28.65,27.421661,25.581049,92726.25,741.84033,-5.746084,3.8307228,16.280571
35584010,9.744401,0.4357447,0.038307227,-0.007449576,-0.015963377,-0.020220278,7.65,52.65,28.8,27.709198,25.581379,92725.195,741.9349,-4.7884035,2.873042,8.619126
35617011,9.581595,0.9672575,-0.5602432,-0.008513802,0.014899152,0.013834927,7.2,53.4,28.5,27.852966,25.581617,92725.56,741.9019,2.873042,2.873042,6.703765
51929010,9.77792,-0.29209262,-0.18674773,-0.036183655,-0.30436838,-0.027669854,4.5,51.3,26.1,27.948812,25.5724,92726.27,741.8382,-0.9576807,2.873042,7.6614456
51962011,9.89763,-0.37828386,-0.63206923,-0.020220278,-0.30968952,-0.058532387,6.75,51.75,26.4,27.75712,25.571667,92726.54,741.8144,-5.746084,1.9153614,0.9576807
51995014,9.878476,-0.25857377,-0.94810385,0.023412954,-0.28201967,-0.08726646,6.3,50.1,26.1,28.044659,25.571556,92726.54,741.8144,-2.873042,9.576807,5.746084
52028007,9.639056,0,-1.6232687,0.020220278,-0.2320011,-0.081945345,6.15,49.95,26.25,28.044659,25.571758,92727.33,741.7442,-1.9153614,4.7884035,13.40753
52061010,9.854534,0.21547815,-1.3503298,-0.053211257,-0.14899153,-0.091523364,6.9,49.95,23.4,27.75712,25.572216,92727.414,741.7361,-2.873042,2.873042,6.703765
52094011,9.744401,0.019153614,-1.4796166,-0.11067942,-0.10748675,-0.093651816,7.2,52.2,23.7,27.75712,25.5724,92727.15,741.7598,-1.9153614,7.6614456,1.9153614
52127011,9.753978,0.08619126,-0.8714894,-0.17985405,-0.08088111,-0.093651816,6.9,51.9,24.9,27.75712,25.5724,92727.06,741.7674,-1.9153614,-0.9576807,4.7884035
52160011,9.710882,0.272939,-0.545878,-0.16814758,-0.10322984,-0.09790871,6.3,51.75,24.6,27.517508,25.572107,92725.914,741.87006,-1.9153614,2.873042,2.873042
52292011,9.65821,0.35434186,-1.2306197,-0.114936315,-0.13196392,-0.0031926755,6.9,51.9,24.15,27.852966,25.574562,92725.336,741.92194,-6.703765,6.703765,1.9153614
52325011,9.696517,0.16280572,-1.2737153,-0.10535829,-0.12877125,-0.004256901,7.05,51.3,23.25,27.852966,25.574892,92725.89,741.87225,-7.6614456,13.40753,2.873042
52358011,9.854534,0,-1.3311762,-0.0021284504,-0.11280786,-0.040440556,6.9,51.15,24.9,27.948812,25.575588,92725.69,741.8906,-2.873042,11.492168,8.619126
52391011,9.792285,0.10534488,-1.5035586,-0.036183655,-0.09684449,-0.042569008,7.05,52.05,22.8,27.90089,25.576248,92725.125,741.9414,0.9576807,7.6614456,8.619126
52424011,9.370906,0.1388637,-1.2976574,-0.123450115,-0.060660835,-0.045761682,6,52.8,22.8,27.948812,25.576614,92725.555,741.90247,0.9576807,8.619126,10.534488
52457011,9.763555,-0.04309563,-1.2497733,-0.19581743,-0.042569008,-0.08088111,8.4,52.65,23.4,28.140503,25.577164,92725.49,741.9079,0.9576807,8.619126,11.492168
52490011,9.998186,-0.21547815,-1.2354081,-0.17666137,-0.04363323,-0.11812899,7.2,50.4,21.9,27.90089,25.577147,92726.37,741.8301,-2.873042,5.746084,12.449849
52523011,10.199299,0.1436521,-1.0869676,-0.12238589,-0.04789013,-0.15431266,7.65,51.15,24.45,27.948812,25.577274,92726.19,741.84576,-5.746084,-0.9576807,4.7884035
52556011,9.888053,0.34955344,-1.2976574,-0.1649549,-0.05640393,-0.15431266,6.15,53.4,23.7,27.852966,25.576487,92726.58,741.8106,-0.9576807,7.6614456,10.534488
52589014,9.160215,0.51714754,-1.340753,-0.17027603,-0.04789013,-0.15111998,7.95,53.85,23.4,27.75712,25.576633,92727.03,741.77014,-9.576807,5.746084,5.746084
52622007,9.744401,0.6368576,-1.3694834,-0.040440556,-0.05214703,-0.160698,7.35,52.5,24,27.90089,25.576889,92726.836,741.78796,-3.8307228,5.746084,3.8307228
52655010,10.055647,0.7038953,-1.3838485,0.013834927,-0.044697456,-0.15537687,7.35,52.8,25.05,28.044659,25.576359,92726.52,741.8155,-0.9576807,10.534488,1.9153614
52688011,9.528923,1.0247183,-1.5275006,-0.013834927,-0.04363323,-0.11919322,6.45,53.1,22.35,27.613352,25.576836,92726.625,741.8069,-0.9576807,8.619126,7.6614456
52721011,9.409213,1.1013328,-1.685518,-0.024477178,-0.020220278,-0.08726646,6.9,53.85,21.9,27.90089,25.57645,92726.4,741.8274,-2.873042,0.9576807,5.746084
52754011,9.442732,1.1252748,-2.2744915,-0.071303084,0.029798305,-0.05959661,8.4,53.4,23.7,28.044659,25.576468,92726,741.8625,-7.6614456,10.534488,-4.7884035
52787011,9.682152,0.8714894,-2.480393,-0.14260617,0.1308997,-0.03299098,7.95,52.2,23.4,27.613352,25.576908,92726.234,741.842,-8.619126,2.873042,-2.873042
52820011,9.615114,0.7134721,-1.8674773,-0.1564411,0.1990101,-0.024477178,9.3,53.25,24.6,27.613352,25.57711,92726.234,741.842,-3.8307228,3.8307228,2.873042
52865964,9.749189,1.0342951,-1.2018893,0.004256901,0.22987263,0.0021284504,7.65,52.2,23.4,27.90089,25.576944,92726.59,741.8096,-6.703765,3.8307228,5.746084
52898099,9.591172,1.0342951,-0.5315128,0.008513802,0.19688165,0.027669854,6.75,53.55,24.6,27.75712,25.574049,92725.98,741.8647,-0.9576807,-0.9576807,9.576807
52931011,9.548077,0.9624691,-0.45968673,0.006385351,0.1308997,0.05640393,8.7,52.2,25.5,27.613352,25.571869,92726.52,741.8155,-4.7884035,4.7884035,7.6614456
52964011,9.682152,0.7757214,-0.4357447,-0.009578027,0.08300956,0.05959661,8.4,53.4,24.45,27.90089,25.570824,92725.61,741.89764,-3.8307228,2.873042,13.40753
52997011,9.835381,0.545878,-0.4357447,-0.015963377,0.018091828,0.054275483,7.35,54.3,23.25,27.948812,25.571081,92726.61,741.8079,-2.873042,6.703765,13.40753
53030011,9.792285,0.45010993,-0.49799395,-0.019156054,-0.03299098,0.036183655,7.8,54.3,24.6,27.852966,25.571556,92726.54,741.8144,-3.8307228,11.492168,5.746084
53063014,9.706094,0.30166942,-0.56982,-0.014899152,-0.07768843,0.013834927,7.95,53.4,26.25,27.709198,25.571905,92726.35,741.8317,0,4.7884035,7.6614456
53096007,9.825804,0.272939,-0.7134721,-0.005321126,-0.123450115,-0.036183655,6,50.55,25.05,28.044659,25.572327,92727.11,741.7631,-4.7884035,8.619126,1.9153614
53129010,9.773131,0.59855044,-0.8331822,-0.007449576,-0.14686307,-0.04789013,7.05,53.55,25.8,27.613352,25.573372,92726.54,741.8144,-3.8307228,2.873042,-3.8307228
53162011,9.797073,0.8283938,-1.5801731,-0.008513802,-0.13941349,-0.040440556,7.95,51.9,25.95,28.044659,25.573702,92726.586,741.8101,-2.873042,-0.9576807,10.534488
53195011,9.639056,1.1204864,-1.7621324,-0.018091828,-0.111743644,-0.015963377,8.55,52.5,24.6,27.90089,25.573957,92726.48,741.8198,-3.8307228,-0.9576807,8.619126
53228011,9.667787,0.8331822,-1.9680338,-0.008513802,-0.071303084,-0.0021284504,6.9,50.7,24.45,27.613352,25.573866,92726.484,741.8193,-0.9576807,5.746084,4.7884035
53261011,9.562442,0.8475474,-1.6998832,-0.008513802,-0.018091828,0.0031926755,7.2,53.1,24.45,28.09258,25.574526,92726.65,741.8047,-0.9576807,0.9576807,10.534488
53294011,9.634268,0.81402856,-1.4077905,-0.0010642252,-0.0010642252,0.007449576,8.1,53.55,24.6,27.948812,25.574434,92726.055,741.85767,-1.9153614,2.873042,4.7884035
53327011,9.595961,0.8283938,-1.3551182,-0.030862529,-0.0031926755,0.014899152,7.8,52.8,23.55,28.044659,25.575533,92726.445,741.8225,-0.9576807,7.6614456,7.6614456
53360011,9.739613,0.8283938,-1.1444284,-0.021284504,-0.013834927,0.015963377,6.75,54,24.6,27.852966,25.576212,92727.01,741.7723,-0.9576807,4.7884035,0.9576807
53393011,9.639056,0.7661445,-1.3503298,-0.024477178,-0.022348728,0.025541404,8.1,53.55,23.25,27.852966,25.576284,92727.04,741.7696,-3.8307228,8.619126,0
53426011,9.543288,0.8523358,-1.3551182,-0.025541404,-0.029798305,0.026605628,8.4,54.15,23.7,27.90089,25.576927,92726.46,741.8215,-6.703765,1.9153614,6.703765
53459011,9.648633,0.93373865,-1.4748282,-0.031926755,-0.017027603,0.04789013,7.8,52.5,24.3,28.044659,25.577257,92726.58,741.8106,-2.873042,-1.9153614,12.449849
53492014,9.720459,0.8475474,-1.3982137,-0.022348728,-0.022348728,0.061725058,7.95,52.65,23.1,27.852966,25.577072,92726.57,741.8117,-2.873042,9.576807,11.492168
53525007,9.662998,0.81881696,-1.2545617,-0.030862529,-0.020220278,0.07343154,7.95,52.2,23.4,27.709198,25.577366,92726.516,741.8166,-3.8307228,6.703765,13.40753
53558010,9.524135,0.7422025,-1.2785037,-0.019156054,-0.028734079,0.08620224,6.45,53.1,23.4,27.948812,25.578026,92726.57,741.8117,-1.9153614,6.703765,1.9153614
53591011,9.595961,0.7517793,-1.283292,-0.014899152,-0.038312107,0.090459146,8.4,53.4,22.65,27.948812,25.578375,92726.15,741.84955,-0.9576807,2.873042,7.6614456
53624014,9.634268,0.6895301,-1.4748282,-0.011706477,-0.026605628,0.100037165,7.2,51.45,23.7,27.613352,25.578484,92726.37,741.8301,-4.7884035,5.746084,4.7884035
53657007,9.696517,0.62249243,-1.5275006,-0.008513802,-0.03299098,0.09471604,6.9,53.1,22.65,27.517508,25.578136,92726.734,741.7971,-1.9153614,4.7884035,4.7884035
53690010,9.835381,0.35913026,-1.6328455,-0.013834927,-0.027669854,0.08726646,7.65,53.4,22.65,27.75712,25.577585,92726.95,741.7777,-4.7884035,4.7884035,2.873042
53723011,9.773131,0.14844051,-1.5945383,-0.018091828,-0.011706477,0.06917463,7.95,52.65,23.1,27.56543,25.577898,92726.83,741.7885,-4.7884035,9.576807,11.492168
53756011,9.782708,0.2633622,-1.5897499,-0.018091828,-0.006385351,0.054275483,6.75,53.55,22.05,27.75712,25.578283,92726.92,741.7804,0,4.7884035,4.7884035
53789011,9.65821,0.29209262,-1.5514427,-0.023412954,0.0021284504,0.030862529,7.8,51.75,25.35,27.709198,25.577824,92726.39,741.82794,-3.8307228,6.703765,6.703765
53822014,9.730036,0.25378537,-1.5658079,-0.021284504,0.007449576,0.011706477,7.8,52.8,22.5,27.56543,25.57764,92726.89,741.7831,-3.8307228,7.6614456,5.746084
53867968,9.634268,0.320823,-0.93373865,-0.010642252,-0.046825908,-0.0031926755,7.95,51.9,24.15,27.852966,25.577953,92726.51,741.81714,-4.7884035,1.9153614,5.746084
53900105,9.65821,0.5554548,-1.2449849,-0.015963377,-0.085138015,-0.0031926755,7.2,51.45,23.7,27.56543,25.574507,92725.84,741.8765,1.9153614,1.9153614,-7.6614456
53933007,9.586384,0.6799533,-1.757344,-0.044697456,-0.07875266,0.008513802,7.05,54,24,27.852966,25.57295,92726,741.8625,-2.873042,11.492168,0
53966011,9.485827,0.7038953,-1.7381904,-0.09258759,-0.060660835,0.019156054,7.95,51.9,22.35,28.044659,25.57207,92726.48,741.8198,-4.7884035,7.6614456,2.873042
53999014,9.543288,0.7230489,-1.8435353,-0.08407379,-0.048954356,0.03299098,6.3,51.3,24,27.613352,25.572308,92726.164,741.8479,-7.6614456,5.746084,-5.746084
54032014,9.667787,0.5746084,-2.030283,-0.079816885,-0.021284504,0.030862529,7.65,53.1,23.4,27.852966,25.571594,92726.59,741.8096,-6.703765,0.9576807,5.746084
54065014,9.825804,0.38307226,-1.958457,-0.010642252,0.011706477,0.023412954,7.05,52.05,24.6,27.948812,25.572382,92726.336,741.83276,-0.9576807,4.7884035,7.6614456
54098007,9.734824,0.41180268,-1.9393034,-0.015963377,0.03724788,0.029798305,7.05,50.55,23.55,27.613352,25.572968,92725.86,741.87494,-0.9576807,6.703765,5.746084
54131011,9.586384,0.5315128,-1.7477672,-0.012770702,0.06385351,0.025541404,7.2,50.7,24.15,27.852966,25.573994,92725.77,741.88306,-1.9153614,0.9576807,2.873042
54164011,9.624691,0.50278234,-1.6950948,-0.015963377,0.06917463,0.029798305,7.8,51.3,23.25,27.852966,25.57403,92726.27,741.8382,-4.7884035,3.8307228,0
54197011,9.682152,0.40222588,-1.4652514,-0.010642252,0.05959661,0.024477178,7.05,52.8,23.55,27.948812,25.5748,92726.23,741.8425,1.9153614,9.576807,3.8307228
54230011,9.629479,0.35434186,-1.3503298,-0.012770702,0.045761682,0.018091828,7.05,53.25,23.55,27.948812,25.575516,92726.95,741.7777,-3.8307228,1.9153614,10.534488
54263011,9.519346,0.33518824,-1.2210429,-0.011706477,0.022348728,0.017027603,8.1,52.05,23.25,27.709198,25.57634,92727.85,741.6972,-2.873042,4.7884035,6.703765
54296011,9.595961,0.39743748,-1.2689269,-0.011706477,0,0.012770702,7.8,52.8,22.8,27.75712,25.576376,92727.81,741.70044,-6.703765,4.7884035,0
54329014,9.677363,0.4309563,-1.3263878,-0.009578027,-0.024477178,0.005321126,7.05,50.55,22.8,27.613352,25.576414,92727.79,741.7026,-6.703765,3.8307228,8.619126
54362007,9.706094,0.47884035,-1.6232687,-0.007449576,-0.040440556,-0.0021284504,8.55,51,23.25,27.90089,25.576431,92726.46,741.8215,-1.9153614,1.9153614,8.619126
54395011,9.677363,0.33997664,-1.6519991,-0.006385351,-0.03937633,-0.005321126,6.9,52.65,23.7,27.948812,25.576303,92726.164,741.8479,-3.8307228,7.6614456,0
54428011,9.624691,0.49320555,-1.9632454,-0.008513802,-0.023412954,-0.010642252,7.05,52.05,23.55,27.948812,25.57678,92726.06,741.8571,-3.8307228,9.576807,3.8307228
54461014,9.648633,0.31124622,-1.9249382,-0.007449576,-0.0010642252,-0.018091828,8.4,51.15,23.4,27.613352,25.576706,92726.18,741.84686,-4.7884035,3.8307228,10.534488
54494007,9.725247,0.45968673,-1.8818425,-0.010642252,0.017027603,-0.012770702,7.35,52.5,24.6,27.709198,25.576359,92725.766,741.8841,-5.746084,-0.9576807,8.619126
54527011,9.720459,0.50757074,-1.8770541,-0.009578027,0.031926755,-0.005321126,6.9,51.45,23.1,27.75712,25.576689,92726.03,741.8598,-7.6614456,8.619126,7.6614456
54560014,9.600749,0.61770403,-1.6424223,-0.007449576,0.03724788,-0.0010642252,7.05,53.25,23.55,27.852966,25.576797,92726.77,741.79333,-2.873042,4.7884035,5.746084
54593007,9.648633,0.6607997,-1.5705963,-0.005321126,0.03724788,0.027669854,7.2,48,30.9,27.75712,25.577457,92726.734,741.7971,0.9576807,11.492168,2.873042
54626011,9.595961,0.5793968,-1.5705963,-0.008513802,0.03511943,0.04363323,2.7,47.55,29.7,27.709198,25.578245,92727.055,741.76794,-6.703765,12.449849,7.6614456
54659011,9.586384,0.3878607,-1.532289,-0.005321126,0.027669854,0.042569008,7.05,46.35,28.95,27.948812,25.5781,92726.414,741.8252,0,4.7884035,10.534488
54692014,9.701305,0.2777274,-1.6184803,-0.006385351,0.034055207,0.023412954,9.6,47.55,31.5,27.709198,25.578428,92726.6,741.809,-2.873042,-0.9576807,4.7884035
54725007,9.68694,0.4213795,-1.5705963,-0.0010642252,0.029798305,0.015963377,7.05,52.5,25.35,27.613352,25.57898,92727.39,741.7382,2.873042,2.873042,-5.746084
54758011,9.682152,0.49799395,-1.4796166,0,0.025541404,0.009578027,5.55,48.6,29.7,27.90089,25.579235,92726.65,741.8047,1.9153614,0,3.8307228
54791011,9.749189,0.44532153,-1.532289,-0.009578027,0.010642252,0.013834927,7.05,54,24.6,27.852966,25.579565,92726.695,741.80035,-2.873042,2.873042,2.873042
54824011,9.715671,0.090979666,-1.6950948,-0.006385351,0.007449576,0.0010642252,6.75,51.3,24.6,27.56543,25.578941,92726.984,741.7744,-3.8307228,4.7884035,-2.873042
54869966,9.730036,0.01436521,-1.5514427,-0.014899152,0.021284504,-0.05108281,7.65,51.9,24.15,27.56543,25.578777,92726.53,741.81494,-3.8307228,5.746084,3.8307228
54902106,9.739613,0.22984336,-1.6472107,-0.009578027,0.023412954,-0.06704619,7.05,52.5,23.25,27.709198,25.575277,92726.19,741.84576,-3.8307228,7.6614456,8.619126
54935007,9.648633,0.50757074,-1.5610195,-0.005321126,0.007449576,-0.068110414,7.2,53.4,21.6,27.75712,25.573664,92726,741.8625,-4.7884035,0.9576807,3.8307228
54968011,9.629479,0.6607997,-1.5179238,-0.004256901,0.0010642252,-0.058532387,9,49.2,27.75,27.517508,25.573353,92726.21,741.8441,-4.7884035,11.492168,7.6614456
55001014,9.65821,0.6991069,-1.7908629,-0.007449576,-0.005321126,-0.046825908,8.55,52.5,23.55,27.852966,25.572968,92727.484,741.73016,-5.746084,7.6614456,9.576807
55034007,9.619903,0.58418524,-1.661576,-0.014899152,0.006385351,-0.046825908,9.45,50.4,24.9,27.948812,25.572529,92727.836,741.69824,-3.8307228,1.9153614,8.619126
55067011,9.495404,0.5410896,-1.5466543,-0.011706477,0.010642252,-0.040440556,6.9,52.65,22.35,27.517508,25.573078,92728,741.68365,-8.619126,7.6614456,6.703765
55100011,9.730036,0.50278234,-1.6136919,-0.010642252,0.011706477,-0.034055207,7.65,52.2,22.35,27.948812,25.573353,92728.664,741.6248,-6.703765,7.6614456,7.6614456
55133014,9.706094,0.6368576,-1.7046716,-0.013834927,0.023412954,-0.03724788,8.55,51.75,23.55,28.044659,25.574728,92728.125,741.67285,-0.9576807,3.8307228,-4.7884035
55166007,9.706094,0.7422025,-1.6376339,-0.012770702,0.026605628,-0.040440556,7.65,51.45,23.7,27.709198,25.57546,92727.21,741.75446,-6.703765,8.619126,3.8307228
55232011,9.629479,0.7230489,-1.541866,-0.011706477,0.020220278,-0.03937633,7.35,51.3,24.3,27.90089,25.575918,92727.07,741.76685,-2.873042,6.703765,3.8307228
55265014,9.677363,0.7038953,-1.6041151,-0.009578027,0.013834927,-0.027669854,7.65,53.1,24.45,28.044659,25.575918,92727.34,741.74255,-6.703765,9.576807,5.746084
55298007,9.648633,0.5650316,-1.6807296,-0.0031926755,0.019156054,-0.025541404,12,48.9,28.8,28.044659,25.576359,92726.766,741.79443,-0.9576807,3.8307228,9.576807
55331010,9.629479,0.6655881,-1.5945383,-0.006385351,0.018091828,-0.020220278,8.85,53.25,25.05,27.948812,25.576836,92726.664,741.8031,-5.746084,5.746084,6.703765
55364011,9.600749,0.7230489,-1.5993267,-0.009578027,0.021284504,-0.013834927,8.4,51.9,23.1,27.709198,25.577623,92726.53,741.81494,-0.9576807,6.703765,0
55397011,9.749189,0.6943185,-1.7238252,-0.004256901,0.023412954,-0.009578027,6.9,54.9,26.7,27.948812,25.577202,92726.36,741.8306,-6.703765,-2.873042,5.746084
55430014,9.595961,0.7565677,-1.5849615,-0.0021284504,0.023412954,-0.006385351,8.1,51.3,23.25,27.709198,25.577751,92725.84,741.8765,-0.9576807,6.703765,2.873042
55463007,9.629479,0.6655881,-1.5370775,-0.009578027,0.014899152,-0.008513802,8.55,54.3,26.1,27.75712,25.577879,92725.54,741.9041,-5.746084,7.6614456,0
55496010,9.528923,0.62249243,-1.4413095,0.004256901,0.009578027,-0.008513802,6.75,51,30.45,27.709198,25.577824,92725.85,741.8755,-1.9153614,-0.9576807,2.873042
55529011,9.509769,0.7038953,-2.0207062,0.0010642252,0.030862529,-0.010642252,8.4,52.2,23.4,27.852966,25.577934,92726.555,741.8128,-3.8307228,7.6614456,1.9153614
55562011,9.600749,0.59376204,-2.3702598,0.017027603,0.088330686,-0.027669854,7.8,52.5,22.8,27.90089,25.577862,92726.03,741.8598,-5.746084,10.534488,-2.873042
55595014,9.739613,0.50757074,-2.1260512,0.009578027,0.13834926,-0.04363323,9.45,51.9,24.15,27.613352,25.577679,92726.2,741.84467,-2.873042,2.873042,3.8307228
55628007,9.677363,0.56982,-1.5131354,-0.010642252,0.16389069,-0.05959661,8.1,52.8,23.55,27.613352,25.57797,92726.414,741.8252,-2.873042,9.576807,6.703765
55661010,9.610326,0.60812724,-1.292869,-0.010642252,0.14899153,-0.07449576,8.1,53.25,24.3,28.09258,25.577898,92726.08,741.85547,-4.7884035,1.9153614,3.8307228
55694011,9.581595,0.5363012,-1.0582372,-0.015963377,0.123450115,-0.10216562,6.3,53.25,26.1,27.56543,25.57799,92725.85,741.8755,-2.873042,0.9576807,4.7884035
55727011,9.461885,1.1587936,-0.7038953,-0.029798305,0.060660835,-0.09258759,7.95,54.15,24.15,27.948812,25.578484,92726.36,741.8306,-0.9576807,-0.9576807,6.703765
55760011,9.816227,1.0103531,-0.5650316,-0.022348728,0.0010642252,-0.07023886,8.55,54.3,24,28.09258,25.578283,92726.62,741.8074,-6.703765,4.7884035,12.449849
55793014,9.68694,1.0199299,-0.81881696,-0.011706477,-0.064917736,-0.03937633,7.2,55.35,24.45,27.56543,25.578283,92726.695,741.80035,-3.8307228,9.576807,12.449849
55826007,9.595961,0.9768343,-1.1061212,-0.0031926755,-0.09578026,-0.023412954,8.55,54.3,24.3,27.90089,25.578264,92726.76,741.795,-2.873042,1.9153614,8.619126
55871963,9.739613,0.8523358,-1.6041151,-0.008513802,-0.10110139,-0.019156054,8.7,53.4,24.9,27.75712,25.578264,92726.945,741.7782,-2.873042,3.8307228,11.492168
55904099,9.744401,0.7422025,-1.5849615,-0.007449576,-0.09897295,-0.03511943,8.1,54.3,22.8,27.90089,25.574598,92726.28,741.83765,-0.9576807,7.6614456,7.6614456
55937011,9.629479,0.90500826,-1.6424223,-0.011706477,-0.09790871,-0.04150478,10.35,53.25,23.25,27.75712,25.573023,92725.9,741.8717,-4.7884035,4.7884035,3.8307228
55970011,9.490616,1.0390835,-1.6376339,-0.022348728,-0.08939491,-0.030862529,7.95,53.4,23.1,27.852966,25.572418,92726.47,741.8204,-3.8307228,0.9576807,7.6614456
56003011,9.485827,0.9576807,-1.685518,-0.004256901,-0.085138015,-0.026605628,9,54.6,22.65,27.852966,25.572124,92726.78,741.7928,-3.8307228,7.6614456,5.746084
56036011,9.504981,0.93373865,-1.8483237,0.004256901,-0.071303084,-0.029798305,9,53.4,24.15,27.852966,25.572327,92726.82,741.78955,-5.746084,7.6614456,2.873042
56069011,9.476251,0.9911995,-2.2409728,-0.050018582,-0.04150478,-0.017027603,8.7,54.15,24.45,27.90089,25.572784,92726.766,741.79443,-1.9153614,9.576807,6.703765
56102011,9.65821,0.7565677,-2.4420857,-0.14154196,0.014899152,-0.017027603,9.45,54.9,21.9,27.75712,25.573719,92726.28,741.83765,-5.746084,4.7884035,8.619126
56135011,10.103531,0.33039984,-1.8148049,-0.057468157,0.045761682,-0.09684449,7.8,52.8,24.3,27.948812,25.574268,92725.875,741.87384,-3.8307228,8.619126,3.8307228
56168014,9.500193,0.7613561,-1.70946,-0.026605628,0.038312107,-0.15218419,8.85,54.3,23.55,28.140503,25.574526,92725.1,741.943,-0.9576807,6.703765,11.492168
56201007,9.303867,0.8714894,-1.6424223,0.005321126,0.04789013,-0.16814758,8.55,54.75,23.55,27.75712,25.575314,92725.09,741.9441,-7.6614456,7.6614456,6.703765
56234011,9.457097,1.0869676,-1.934515,-0.040440556,0.068110414,-0.16708335,10.05,55.2,22.05,27.852966,25.574287,92724.875,741.963,-5.746084,4.7884035,5.746084
56267011,9.792285,1.3215994,-1.6280571,-0.07875266,0.064917736,-0.16176222,9.3,54.75,23.25,27.948812,25.574837,92724.72,741.97705,-3.8307228,1.9153614,4.7884035
56300011,9.5385,1.7525556,-1.4413095,-0.26818475,0.060660835,-0.10748675,11.85,53.25,24.3,27.709198,25.575993,92725.766,741.8841,-1.9153614,6.703765,5.746084
56333011,9.3182335,1.2689269,-0.9864111,-0.18411095,0.034055207,-0.11067942,10.95,54.9,23.7,27.90089,25.57612,92726.25,741.84033,-4.7884035,7.6614456,7.6614456
56366011,9.524135,1.8435353,-1.4796166,0.021284504,-0.0010642252,-0.093651816,10.35,54,22.8,27.613352,25.576797,92726.164,741.8479,-0.9576807,5.746084,6.703765
56399011,9.653421,1.6280571,-1.5705963,-0.011706477,-0.015963377,-0.061725058,10.05,54.3,23.55,27.75712,25.577019,92725.445,741.91223,-5.746084,3.8307228,6.703765
56432011,9.945514,1.5993267,-1.7477672,0.008513802,-0.011706477,-0.048954356,10.2,54.15,23.7,28.09258,25.57733,92725.83,741.8776,-5.746084,4.7884035,12.449849
56465011,9.68694,1.1587936,-1.6759412,0.010642252,-0.005321126,-0.053211257,8.55,55.5,24,27.56543,25.577549,92725.81,741.87976,-3.8307228,0.9576807,12.449849
56498011,9.691729,0.82360536,-1.5753847,0.010642252,-0.005321126,-0.081945345,12.6,52.5,28.95,27.852966,25.577585,92726.63,741.8058,-3.8307228,5.746084,3.8307228
56531011,9.667787,0.90021986,-1.6184803,-0.04789013,-0.024477178,-0.13941349,9.6,55.2,24.6,28.044659,25.577604,92726.53,741.81494,-1.9153614,5.746084,11.492168
56564011,10.189722,0.51235914,-1.5562311,-0.10110139,-0.04363323,-0.2149735,9.45,57.6,25.5,27.852966,25.578209,92726.58,741.8106,-2.873042,2.873042,9.576807
56597011,10.630256,0.521936,-1.1444284,-0.005321126,-0.064917736,-0.3341667,10.2,54.6,23.1,27.852966,25.578356,92726.266,741.8393,-3.8307228,2.873042,13.40753
56630011,10.740389,1.1779473,-1.0199299,0.057468157,-0.13196392,-0.44591033,10.65,55.95,24,27.852966,25.578192,92726.55,741.8139,-2.873042,3.8307228,2.873042
56664981,10.16578,1.9153614,-1.4556746,0.026605628,-0.17985405,-0.5044427,10.2,57.3,24.45,27.852966,25.579088,92726.836,741.78796,-2.873042,3.8307228,0.9576807
56697106,10.184934,2.255338,-1.8435353,-0.1990101,-0.2532856,-0.50550693,10.65,56.7,22.5,27.948812,25.578722,92726.97,741.77606,-2.873042,2.873042,1.9153614
56730007,10.577583,2.5617957,-2.1787236,-0.54169065,-0.39908445,-0.5587182,10.05,56.25,23.25,27.948812,25.578758,92728.01,741.68317,-6.703765,3.8307228,11.492168
56763010,10.01734,2.3127987,-2.2122424,-0.67046183,-0.39057064,-0.5065712,13.95,57.75,22.5,27.852966,25.578337,92727.83,741.69934,-2.873042,2.873042,8.619126
56796011,9.442732,2.681506,-1.733402,-0.55765396,-0.32778138,-0.38737795,16.5,53.55,29.4,27.948812,25.578173,92729.17,741.57886,-4.7884035,4.7884035,8.619126
56829011,9.050082,2.566584,-1.541866,-0.4182405,-0.27669853,-0.2490287,13.8,57.6,23.7,27.613352,25.577751,92728.23,741.66315,-2.873042,1.9153614,4.7884035
56874980,8.954314,3.040636,-2.0638018,-0.15750532,-0.20220278,-0.05108281,12.6,57.75,28.65,27.852966,25.578026,92727.78,741.7031,-6.703765,-0.9576807,6.703765
56907123,8.815451,3.2034419,-2.0254946,-0.2915977,-0.22561572,0.023412954,13.2,60.15,22.8,27.613352,25.574856,92727.445,741.7334,-0.9576807,-0.9576807,13.40753
56940010,8.762778,3.122039,-2.030283,-0.45123145,-0.25967094,0.036183655,14.4,57.75,23.55,27.852966,25.572767,92726.67,741.80255,-5.746084,-0.9576807,0
56973011,8.508993,2.954445,-1.958457,-0.54381907,-0.27669853,0.060660835,12.9,60.45,23.25,27.948812,25.571795,92726.51,741.81714,-1.9153614,-0.9576807,3.8307228
57006014,8.7053175,3.0933087,-2.1452048,-0.51827765,-0.2617994,0.12238589,13.95,58.95,22.8,27.90089,25.571356,92726.31,741.83496,-0.9576807,4.7884035,8.619126
57039007,8.614338,3.2034419,-2.4420857,-0.5278557,-0.16814758,0.19049631,14.55,58.35,24.45,27.948812,25.570585,92726.79,741.7923,-0.9576807,-1.9153614,2.873042
57072011,8.590396,3.217807,-2.4277205,-0.5736174,-0.06598196,0.24690023,14.55,57.6,25.95,27.56543,25.571043,92726.22,741.8431,-1.9153614,-2.873042,4.7884035
57105011,8.590396,3.2752678,-2.2984335,-0.7055813,-0.022348728,0.2628636,12.3,59.55,24.9,27.709198,25.570347,92726.58,741.8106,-3.8307228,6.703765,4.7884035
57138011,8.7053175,2.9831753,-2.1883004,-0.74602187,0.05108281,0.2660563,12.9,58.2,26.1,27.90089,25.571154,92726.984,741.7744,-0.9576807,1.9153614,0.9576807
57171014,9.006987,3.0071173,-1.8579005,-0.9599311,0.03299098,0.26818475,12.75,58.05,27,27.852966,25.570732,92727.37,741.7404,0.9576807,5.746084,7.6614456
57270011,9.136273,2.6862943,-1.5753847,-1.2419508,-0.26818475,0.2575425,12,56.85,31.65,27.90089,25.568497,92725.9,741.8717,-7.6614456,-0.9576807,8.619126
57303011,9.289502,2.825158,-1.661576,-1.2738775,-0.28414813,0.3001115,10.35,56.7,31.5,27.852966,25.567415,92725.82,741.8793,-4.7884035,9.576807,0.9576807
57336011,9.26556,3.1986535,-1.7812861,-1.3143181,-0.36077234,0.34587318,10.35,55.2,33,27.613352,25.567049,92726.16,741.849,-9.576807,7.6614456,7.6614456
57369011,9.337387,2.9735985,-1.6280571,-1.2419508,-0.3926991,0.36928612,9,54.9,32.1,27.90089,25.566334,92725.43,741.9138,-5.746084,0.9576807,8.619126
57402011,8.791509,2.992752,-1.8435353,-1.144042,-0.36290076,0.47783712,8.85,55.2,33.6,27.852966,25.566664,92726.68,741.802,-4.7884035,0.9576807,4.7884035
57435014,8.748413,3.1364043,-1.9393034,-1.1089226,-0.3128822,0.6055441,7.35,54,34.35,27.56543,25.566774,92726.56,741.81226,-0.9576807,6.703765,9.576807
57468007,9.179369,2.7629087,-1.7477672,-1.0993446,-0.26392785,0.6970675,8.55,51.3,33.3,27.75712,25.566866,92726.63,741.8058,-5.746084,-1.9153614,5.746084
57501010,8.959103,2.4372973,-1.7381904,-1.1110511,-0.18943208,0.66514075,6.9,50.4,35.7,27.948812,25.566628,92726.18,741.84686,-0.9576807,1.9153614,4.7884035
57534011,9.600749,2.1021092,-1.7477672,-1.1302071,-0.19688165,0.6640765,7.05,51,34.8,27.948812,25.566608,92726.59,741.8096,-4.7884035,5.746084,4.7884035
57567011,9.461885,1.7956513,-1.6950948,-1.1706477,-0.13622083,0.58532387,5.55,48.3,35.85,27.90089,25.566591,92726.33,741.8333,-2.873042,8.619126,9.576807
57600014,9.485827,1.5705963,-1.9536686,-1.205767,-0.12557857,0.5523328,5.55,47.55,36.15,28.044659,25.565985,92725.42,741.91437,3.8307228,3.8307228,5.746084
57633007,9.825804,1.4987702,-2.1212628,-1.2823913,-0.068110414,0.4906078,5.4,44.55,41.1,27.852966,25.56538,92724.99,741.9527,-0.9576807,4.7884035,7.6614456
57666010,9.672575,1.1300632,-2.0350714,-1.4814014,-0.05533971,0.37673572,5.55,46.35,37.95,28.044659,25.5645,92725.74,741.88574,-5.746084,7.6614456,7.6614456
57699011,9.385271,1.6519991,-2.2026656,-1.6559343,-0.04150478,0.34906584,4.35,37.35,48,27.948812,25.564262,92725.81,741.87976,-2.873042,6.703765,9.576807
57732014,9.390059,1.5035586,-2.0925324,-1.810247,0.0031926755,0.31820333,6.3,42.9,39.75,28.044659,25.563951,92725.984,741.86414,-5.746084,-0.9576807,6.703765
57765007,9.485827,1.5179238,-1.8914193,-1.8581371,0.031926755,0.2873408,4.65,41.25,42.15,27.852966,25.56342,92725.76,741.88464,-2.873042,8.619126,0.9576807
57798010,9.299079,1.316811,-1.3982137,-1.7314944,0.038312107,0.25115713,4.35,39.6,43.2,27.75712,25.56318,92725.48,741.9095,-4.7884035,3.8307228,5.746084
57831011,9.3661175,1.460463,-1.0103531,-1.6229434,0.057468157,0.22880842,4.8,37.5,43.05,28.044659,25.56298,92725.41,741.91547,-10.534488,3.8307228,3.8307228
57876964,9.203311,1.6136919,-0.7182605,-1.347309,0.03299098,0.19049631,6.45,35.1,45,27.852966,25.563438,92725.34,741.9214,-1.9153614,-0.9576807,8.619126
57909104,9.141062,1.8291701,-0.39264908,-1.214281,-0.005321126,0.203267,3.9,35.85,42.9,28.044659,25.560396,92724.84,741.96625,-8.619126,2.873042,5.746084
57942007,9.361329,1.9776106,-0.35434186,-1.1333998,-0.06704619,0.18091829,5.85,35.1,44.7,27.852966,25.558546,92725.29,741.9263,-1.9153614,-1.9153614,5.746084
57975010,9.572019,2.2697031,-0.45489833,-1.2462077,-0.13622083,0.15005575,5.55,30.3,45.6,27.948812,25.558344,92725.445,741.91223,-4.7884035,5.746084,7.6614456
58008011,9.356541,2.1930888,-0.320823,-1.2909051,-0.19581743,0.15324843,4.35,33.6,43.65,27.90089,25.558344,92725.45,741.9117,-2.873042,1.9153614,12.449849
58041011,9.595961,2.0494366,-0.31124622,-1.2547214,-0.2330653,0.18517518,4.35,32.85,42.15,27.90089,25.558765,92724.98,741.95435,-6.703765,4.7884035,4.7884035
58074011,9.854534,2.1021092,-0.59855044,-1.2887768,-0.21071658,0.20220278,1.95,29.85,44.1,27.75712,25.558655,92724.95,741.9565,-5.746084,7.6614456,0
58107011,9.5385,1.661576,-0.1340753,-1.2345012,-0.19688165,0.24264334,3.9,27.45,43.2,27.90089,25.559168,92724.77,741.97217,-3.8307228,7.6614456,10.534488
58140011,9.471462,1.4173675,-0.04309563,-1.0088854,-0.18623939,0.26818475,2.7,28.8,42.75,27.90089,25.559534,92724.5,741.997,-2.873042,7.6614456,4.7884035
58173011,9.198523,1.340753,-0.22505496,-0.87905,-0.20752391,0.2617994,4.65,28.65,41.4,28.140503,25.560102,92724.79,741.97107,-8.619126,7.6614456,7.6614456
58206011,9.399636,1.1061212,-0.19632454,-0.70132434,-0.20220278,0.18623939,4.5,25.35,44.55,27.517508,25.560837,92724.34,742.01105,-6.703765,-1.9153614,5.746084
58239011,9.830592,1.2306197,-0.47405192,-0.64492047,-0.17027603,0.14154196,3.45,26.1,42.75,28.044659,25.561386,92724.45,742.00134,-5.746084,-0.9576807,6.703765
58272011,10.189722,1.3311762,-0.6895301,-0.7055813,-0.054275483,0.123450115,5.1,24,43.95,27.75712,25.56135,92725.01,741.95166,-3.8307228,2.873042,5.746084
58305011,10.0029745,1.0630256,-0.4405331,-0.74602187,-0.013834927,0.06385351,3.15,24.75,42.15,27.613352,25.561312,92725.13,741.9403,-5.746084,7.6614456,9.576807
58338011,9.821015,0.58418524,-0.18195933,-0.63640666,-0.08300956,-0.054275483,5.4,21.75,41.85,27.709198,25.560854,92725.14,741.93976,-0.9576807,1.9153614,8.619126
58371011,9.768343,0.8283938,-0.22984336,-0.47464442,-0.17240448,-0.15963377,1.35,25.2,40.05,27.852966,25.56067,92724.88,741.96246,-2.873042,8.619126,5.746084
58404011,9.528923,1.4030021,-0.61291564,-0.36502925,-0.2149735,-0.16176222,1.05,22.8,40.65,27.613352,25.561258,92725.14,741.93976,-1.9153614,7.6614456,0.9576807
58437011,9.629479,1.9009962,-0.82360536,-0.28095543,-0.27457008,-0.15111998,0.3,25.95,43.65,27.948812,25.561697,92725.625,741.89655,-3.8307228,5.746084,5.746084
58470011,9.509769,1.8770541,-0.94810385,-0.26499206,-0.2713774,-0.11280786,3.15,24.45,40.05,27.948812,25.561733,92725.34,741.9214,-2.873042,2.873042,0
58503011,9.414001,1.9488802,-1.3215994,-0.21178082,-0.25860673,-0.07023886,1.8,24.75,37.8,27.56543,25.562046,92725.484,741.90894,-4.7884035,-0.9576807,3.8307228
58536011,9.232041,1.685518,-1.4700398,-0.20858812,-0.1979459,-0.06598196,2.55,24.45,38.55,27.613352,25.56243,92725.914,741.87006,-1.9153614,5.746084,0.9576807
58569011,9.050082,1.8100165,-1.7669208,-0.25009292,-0.14686307,-0.10961519,2.55,24.75,38.85,27.852966,25.563017,92725.29,741.9263,-8.619126,5.746084,8.619126
58602011,9.078813,1.8483237,-1.8770541,-0.41717625,-0.09578026,-0.14686307,0.15,21.9,40.95,27.948812,25.56287,92725.41,741.91547,-5.746084,-0.9576807,5.746084
58635011,9.011775,1.541866,-1.5514427,-0.47677287,-0.100037165,-0.15111998,1.05,25.2,36.75,27.948812,25.563053,92725.71,741.889,-5.746084,1.9153614,6.703765
58668011,8.90643,1.6041151,-1.364695,-0.41079092,-0.123450115,-0.1266428,2.25,23.85,35.85,27.852966,25.562302,92725.02,741.95,-1.9153614,10.534488,4.7884035
58701011,9.165004,1.6998832,-1.436521,-0.22774418,-0.15750532,-0.111743644,1.95,24.9,37.65,28.09258,25.562632,92724.55,741.9927,-0.9576807,8.619126,2.873042
58734011,9.524135,2.5187001,-2.4277205,-0.23945066,-0.11600055,-0.08300956,1.8,23.55,36.45,27.852966,25.563164,92725.28,741.9268,-1.9153614,3.8307228,3.8307228
58767011,9.758766,2.9113493,-2.6527755,-0.5587182,0.018091828,0.014899152,2.55,23.25,36,27.852966,25.563272,92725.18,741.9365,-4.7884035,4.7884035,3.8307228
58800011,9.940725,3.514688,-3.0023289,-0.9982432,0.13196392,0.11812899,3.15,23.25,36.75,27.852966,25.563494,92724.555,741.9922,-4.7884035,-0.9576807,16.280571
58833011,9.672575,3.2704794,-2.5713725,-1.4335113,0.17453292,0.22242306,1.95,22.65,36.6,27.75712,25.563383,92724.17,742.0262,-10.534488,5.746084,3.8307228
58878964,9.500193,2.930503,-2.2218192,-2.0060644,0.23093686,0.32884556,3,21.15,37.65,27.948812,25.563145,92724.58,741.99,-5.746084,-0.9576807,3.8307228
58911099,9.859323,2.8874073,-2.3127987,-2.3029833,0.2330653,0.31713912,3.15,20.1,37.5,27.75712,25.559736,92724.46,742.00024,-5.746084,3.8307228,3.8307228
58944011,9.92636,2.873042,-1.685518,-2.7584717,0.22242306,0.35864386,3,19.2,36.15,27.709198,25.55805,92725.3,741.9252,-2.873042,4.7884035,4.7884035
58977011,10.141838,2.3654714,-1.2785037,-3.2512078,0.30543262,0.41930473,3,11.55,40.95,27.709198,25.557243,92725.586,741.8998,-1.9153614,6.703765,4.7884035
59010011,9.744401,1.3934253,-0.20111294,-3.2746208,0.37779993,0.6353424,5.25,12,36.15,28.044659,25.55708,92726.04,741.85925,-7.6614456,5.746084,9.576807
59043011,9.725247,0.31124622,0.59376204,-2.755279,0.31820333,0.8247745,6.45,12.6,33.15,27.852966,25.556952,92726.82,741.78955,-1.9153614,8.619126,3.8307228
59076011,9.481039,-0.6991069,1.0869676,-2.0007434,0.093651816,0.8503159,4.2,12,32.25,27.75712,25.557573,92726.836,741.78796,-5.746084,8.619126,12.449849
59109011,9.576807,-1.2593501,0.9624691,-1.6548702,-0.0031926755,0.7630494,8.4,7.5,32.7,27.90089,25.558197,92726.445,741.8225,-5.746084,13.40753,9.576807
59142011,9.44752,-1.9153614,1.436521,-1.3175108,-0.19581743,0.53530526,8.7,6.75,29.1,27.852966,25.558968,92725.78,741.8825,-3.8307228,7.6614456,7.6614456
59175011,9.797073,-1.7286136,1.1875241,-0.67684716,-0.44484612,0.03937633,6.75,4.65,28.2,27.613352,25.558508,92725.2,741.9343,-7.6614456,2.873042,8.619126
59208011,10.189722,-0.22505496,-0.5746084,-0.63427824,-0.29798305,-0.10748675,5.85,7.5,26.7,27.852966,25.559334,92724.734,741.97595,-5.746084,-0.9576807,2.873042
59241011,9.892841,0.80924016,-1.4987702,-1.0993446,-0.020220278,-0.12451435,7.2,6,28.8,27.90089,25.55981,92724.49,741.99756,-6.703765,9.576807,9.576807
59274011,10.093954,0.5746084,-0.8331822,-1.3334742,0.10642251,-0.114936315,6,6.6,25.35,27.852966,25.560177,92725.195,741.9349,-0.9576807,7.6614456,12.449849
59307011,9.830592,0.49799395,-0.4405331,-1.4037131,0.203267,-0.17027603,6.15,6.45,24.9,27.948812,25.560139,92724.92,741.9592,-2.873042,11.492168,9.576807
59340014,9.509769,0.51235914,0.12449849,-1.3121897,0.2990473,-0.15324843,6.3,1.2,27.9,27.852966,25.560415,92724.055,742.037,-4.7884035,1.9153614,1.9153614
59373007,9.270349,0.5506664,0.9576807,-1.1568127,0.28521234,-0.1351566,6.45,8.4,22.65,27.56543,25.560928,92723.914,742.04944,0,10.534488,-2.873042
59406011,8.90643,0.51714754,1.6567876,-0.8535086,0.1819825,-0.11387209,6.9,7.2,22.35,27.948812,25.561588,92724.73,741.9765,-1.9153614,1.9153614,12.449849
59439014,8.844181,1.1492168,1.9776106,-0.6023514,0.17240448,-0.08407379,5.85,5.25,21.15,27.852966,25.561642,92724.52,741.9949,-4.7884035,2.873042,4.7884035
59472007,8.810662,1.1971009,1.9919758,-0.50125,0.11600055,-0.0010642252,7.95,6,21.6,27.613352,25.561697,92724.516,741.9954,-0.9576807,5.746084,5.746084
59505010,8.920795,0.842759,1.958457,-0.47890133,0.03937633,0.06704619,6.75,7.05,21,27.948812,25.561148,92724.68,741.9803,-4.7884035,0.9576807,9.576807
59538011,9.141062,0.7134721,1.9440918,-0.45442417,-0.054275483,0.079816885,6.3,5.4,21.45,27.90089,25.562046,92725.086,741.94464,-0.9576807,4.7884035,9.576807
59571011,9.696517,-0.02873042,1.6041151,-0.37035036,-0.12557857,0.046825908,6.3,7.05,21,28.044659,25.56199,92725.23,741.9322,-6.703765,7.6614456,10.534488
59604011,9.68694,-0.24420857,1.3838485,-0.26924896,-0.15218419,-0.013834927,6.9,7.5,19.8,28.044659,25.561808,92724.58,741.99,-4.7884035,2.873042,10.534488
59637011,9.92636,-0.02873042,1.4077905,-0.10961519,-0.21178082,-0.046825908,6.75,7.35,20.7,28.09258,25.561514,92725.21,741.9333,-0.9576807,8.619126,0
59670011,9.801862,0.33997664,0.9768343,0.03937633,-0.26392785,-0.008513802,3.45,4.65,24.3,27.90089,25.561605,92724.61,741.9873,-4.7884035,2.873042,8.619126
59703011,9.993398,0.51714754,0.58418524,0.15750532,-0.27563432,0.026605628,7.35,7.35,19.65,27.613352,25.561954,92724.64,741.9846,-7.6614456,-0.9576807,8.619126
59736011,9.959879,0.4213795,0.33518824,0.14260617,-0.27244166,-0.012770702,5.1,9.45,18.75,27.948812,25.561478,92724.51,741.99646,-1.9153614,1.9153614,9.576807
59769011,9.950302,0.5315128,-0.12928689,0.10110139,-0.23732221,-0.020220278,5.4,7.95,18,27.948812,25.561863,92724.28,742.0165,-2.873042,2.873042,7.6614456
59802011,9.959879,0.4165911,-0.12928689,-0.100037165,-0.17240448,-0.0031926755,4.2,5.85,17.85,27.852966,25.562449,92723.88,742.0521,-4.7884035,6.703765,3.8307228
59835011,9.524135,-0.34955344,-0.009576807,-0.10961519,-0.18411095,-0.046825908,7.8,8.1,17.4,27.75712,25.562723,92724.28,742.0165,2.873042,4.7884035,12.449849
59880964,9.672575,0.34955344,0.20590134,-0.06917463,-0.18411095,-0.07449576,8.85,6.6,23.25,27.852966,25.562798,92724.54,741.9938,-7.6614456,-0.9576807,6.703765
59913099,9.572019,0.35434186,0.07182605,0.09790871,-0.17134026,-0.08939491,7.95,7.5,18.3,27.75712,25.559626,92724.48,741.9992,-5.746084,2.873042,19.153614
59946011,9.610326,0.47405192,-0.20111294,0.14154196,-0.120257445,-0.10322984,8.1,7.05,17.85,27.75712,25.558563,92724.7,741.97864,-1.9153614,6.703765,9.576807
59979011,9.701305,0.6464345,-0.3878607,0.17027603,-0.07768843,-0.081945345,7.05,2.85,24.6,28.044659,25.557482,92724.24,742.0197,-0.9576807,6.703765,5.746084
60012011,9.878476,0.5650316,-0.38307226,0.16601913,-0.046825908,-0.05533971,6.9,8.4,16.95,27.852966,25.55739,92724.77,741.97217,-5.746084,3.8307228,16.280571
60045011,9.77792,0.6895301,-0.22026655,0.21284503,-0.03937633,-0.048954356,7.2,5.25,19.35,27.613352,25.55807,92725.04,741.9489,-2.873042,8.619126,3.8307228
60078011,9.911995,0.6368576,-0.23463176,0.25541404,-0.023412954,-0.06278928,7.2,7.95,16.5,27.75712,25.558125,92724.72,741.97705,-3.8307228,4.7884035,2.873042
60111011,9.734824,0.7182605,-0.095768064,0.2798912,-0.014899152,-0.061725058,7.05,7.35,18.45,27.90089,25.558619,92725.14,741.93976,-6.703765,5.746084,11.492168
60144011,9.844957,0.545878,-0.01436521,0.34055206,0.0031926755,-0.04789013,8.7,4.5,23.1,27.852966,25.559425,92724.695,741.9792,-1.9153614,9.576807,0
60177011,9.816227,0.866701,-0.110133275,0.35225853,0.0021284504,-0.044697456,6.75,9.3,17.4,27.948812,25.56003,92724.93,741.9587,-0.9576807,2.873042,13.40753
60276011,9.921572,0.6368576,-0.1388637,0.28627658,-0.034055207,-0.05640393,7.05,6.6,18.9,27.948812,25.561295,92725.06,741.9468,-4.7884035,3.8307228,6.703765
60309011,9.801862,0.62728083,-0.11492168,0.3554512,-0.029798305,-0.090459146,6.15,7.2,18.3,27.948812,25.562027,92724.62,741.98676,-5.746084,8.619126,6.703765
60342011,9.634268,0.7517793,-0.08140286,0.39057064,-0.019156054,-0.093651816,6.15,7.95,20.55,27.613352,25.562265,92724.22,742.02185,-2.873042,5.746084,13.40753
60375011,9.56723,0.6512229,-0.15322891,0.47464442,-0.0031926755,-0.085138015,9,6,22.35,27.852966,25.562302,92724.17,742.0262,-4.7884035,2.873042,0
60408011,9.591172,0.80924016,-0.10534488,0.52253455,0.010642252,-0.093651816,6,9.6,19.95,27.852966,25.562193,92724.11,742.0316,-1.9153614,8.619126,6.703765
60441011,9.65821,0.8475474,-0.14844051,0.6278928,0.036183655,-0.08300956,6,9.6,17.85,27.852966,25.562246,92724.09,742.0332,-5.746084,-0.9576807,5.746084
60474011,9.730036,0.8619126,-0.01436521,0.7353796,0.050018582,-0.07449576,4.5,9.6,21,27.90089,25.56287,92724.36,742.00946,-4.7884035,3.8307228,12.449849
60507011,9.68694,0.8619126,0.02873042,0.8641508,0.045761682,-0.054275483,7.05,10.05,21.75,27.948812,25.562614,92723.23,742.111,-1.9153614,10.534488,13.40753
60540011,9.868899,0.91458505,-0.12928689,1.0014359,0.08407379,-0.040440556,6.15,10.2,20.55,27.709198,25.56256,92723.13,742.11914,-4.7884035,1.9153614,8.619126
60573011,9.931149,1.3838485,-0.44532153,0.8662793,0.06598196,-0.019156054,4.8,10.05,21.75,27.90089,25.562523,92722.93,742.1375,-6.703765,6.703765,12.449849
60606011,9.859323,1.2545617,-0.40701428,0.64066356,0.027669854,0.038312107,6,5.4,24.6,27.90089,25.56265,92723.54,742.0824,-1.9153614,2.873042,3.8307228
60639011,9.730036,1.0726024,-0.39264908,0.534241,-0.022348728,0.057468157,6.3,8.85,23.55,27.948812,25.562302,92722.58,742.1688,0.9576807,4.7884035,4.7884035
60672011,9.624691,1.043872,-0.5410896,0.45123145,-0.050018582,0.08939491,5.4,9.45,24.15,28.044659,25.56276,92722.9,742.1402,1.9153614,7.6614456,11.492168
60705011,9.744401,0.7134721,-0.61291564,0.3682219,-0.05959661,0.091523364,4.2,1.65,31.5,27.90089,25.563713,92723.555,742.0813,-6.703765,7.6614456,2.873042
60738011,9.849746,0.36870706,-0.58897364,0.41504782,-0.042569008,0.07555999,6,7.05,27.6,27.75712,25.563824,92724.06,742.03644,-4.7884035,6.703765,8.619126
60771011,9.773131,0.33039984,-0.6799533,0.4693233,-0.023412954,0.020220278,5.25,9.6,24.3,27.613352,25.564207,92724.66,741.983,-1.9153614,0.9576807,6.703765
60804011,9.787497,0.51714754,-0.79966336,0.48102978,-0.021284504,-0.023412954,4.8,8.85,24,27.709198,25.563915,92724.54,741.9938,-0.9576807,6.703765,6.703765
60837011,9.811439,0.7134721,-0.8571242,0.4320754,-0.036183655,-0.036183655,2.85,8.7,31.65,28.044659,25.563824,92724.62,741.98676,-1.9153614,8.619126,3.8307228
60882965,9.706094,1.0821792,-1.091756,0.2532856,-0.024477178,-0.006385351,1.35,7.5,29.55,27.852966,25.563475,92724.48,741.9992,-3.8307228,6.703765,6.703765
60915099,9.725247,1.067814,-1.067814,0.12983547,-0.022348728,0.021284504,5.85,10.2,24.9,28.09258,25.560726,92724.55,741.9927,-5.746084,2.873042,16.280571
60948011,9.782708,0.90021986,-1.0390835,0.068110414,0.020220278,0.05214703,6.45,6.75,27.75,27.948812,25.559534,92725.086,741.94464,-3.8307228,5.746084,5.746084
60981011,9.816227,0.6512229,-0.92416185,0.07449576,0.03937633,0.044697456,2.85,7.5,31.65,27.852966,25.559076,92724.72,741.97705,-2.873042,1.9153614,6.703765
61014011,9.773131,0.47405192,-0.7517793,0.088330686,0.06278928,0.014899152,4.35,6,30.6,27.75712,25.558453,92725.09,741.9441,-0.9576807,9.576807,4.7884035
61047011,9.787497,0.51714754,-0.7469909,0.09790871,0.06385351,-0.009578027,5.55,6.3,28.95,27.709198,25.558416,92725.19,741.9354,-4.7884035,5.746084,10.534488
61080011,9.68694,0.7230489,-0.59376204,0.079816885,0.054275483,-0.026605628,4.5,9.6,26.4,27.948812,25.559278,92725.31,741.9241,-0.9576807,3.8307228,0
61113011,9.68694,0.79487497,-0.60333884,0.053211257,0.04363323,-0.024477178,8.1,9.3,28.95,27.613352,25.559626,92725.48,741.9095,-1.9153614,7.6614456,8.619126
61146011,9.68694,0.81881696,-0.50278234,0.04150478,0.026605628,-0.009578027,5.4,4.2,30.6,28.044659,25.560469,92724.86,741.9646,-1.9153614,1.9153614,4.7884035
61179011,9.710882,0.79008657,-0.5410896,0.015963377,0.020220278,-0.004256901,7.05,6.6,28.65,27.852966,25.560507,92723.83,742.057,-0.9576807,6.703765,0.9576807
61212011,9.734824,0.6751649,-0.58418524,0.012770702,0.0021284504,0.004256901,5.4,9.9,25.2,27.75712,25.561275,92723.664,742.0716,0,0.9576807,4.7884035
61245011,9.797073,0.521936,-0.50278234,0.014899152,-0.006385351,-0.007449576,5.4,6,30.9,27.948812,25.562302,92724.79,741.97107,-4.7884035,1.9153614,2.873042
61278011,9.725247,0.63206923,-0.5506664,0.021284504,-0.013834927,-0.025541404,7.35,7.05,28.65,27.90089,25.562778,92725.13,741.9403,-4.7884035,5.746084,7.6614456
61311011,9.739613,0.6799533,-0.6703765,0.011706477,-0.014899152,-0.030862529,5.1,10.2,24.45,27.852966,25.56298,92724.92,741.9592,-3.8307228,9.576807,0
61344011,9.701305,0.770933,-0.6799533,0.007449576,-0.010642252,-0.021284504,5.25,10.5,25.05,28.044659,25.56298,92725.31,741.9241,-2.873042,-2.873042,9.576807
61377011,9.682152,0.78529817,-0.7038953,-0.028734079,-0.008513802,-0.011706477,6.15,5.7,30.9,28.044659,25.563145,92724.78,741.9716,-2.873042,-0.9576807,3.8307228
61410011,9.648633,0.7374141,-0.7038953,-0.05214703,-0.021284504,-0.007449576,7.2,6.75,28.5,27.709198,25.563402,92725.125,741.9414,-3.8307228,3.8307228,9.576807
61443011,9.725247,0.6991069,-0.7422025,-0.05214703,-0.014899152,-0.009578027,5.4,9.45,26.7,27.75712,25.563879,92725.305,741.9246,-2.873042,-0.9576807,7.6614456
61476011,9.696517,0.7278373,-0.7757214,-0.061725058,-0.012770702,-0.021284504,5.25,9.3,25.35,27.90089,25.564245,92725,741.9522,-4.7884035,6.703765,1.9153614
61509011,9.749189,0.61291564,-0.7134721,-0.068110414,-0.012770702,-0.018091828,5.55,8.55,25.8,27.948812,25.56364,92724.445,742.0019,-2.873042,5.746084,12.449849
61542011,9.672575,0.6560113,-0.7661445,-0.06278928,-0.008513802,-0.026605628,5.25,9.3,25.8,27.90089,25.563494,92724.375,742.0078,-5.746084,-0.9576807,2.873042
61575011,9.662998,0.7326257,-0.7278373,-0.08726646,-0.008513802,-0.036183655,6.15,10.95,25.5,27.90089,25.563951,92724.59,741.98895,-0.9576807,12.449849,4.7884035
61608011,9.715671,0.81402856,-0.7422025,-0.10748675,-0.011706477,-0.027669854,5.4,10.65,25.2,27.852966,25.564445,92725.516,741.90625,-1.9153614,7.6614456,8.619126
61641011,9.653421,0.89543146,-0.6991069,-0.10429406,0.0010642252,-0.020220278,8.4,6.75,28.8,27.948812,25.56571,92725.98,741.8647,-2.873042,5.746084,8.619126
61676061,9.605537,0.9528923,-0.79487497,-0.09897295,0.011706477,-0.011706477,5.4,8.7,24.45,27.852966,25.565619,92725.945,741.8674,-5.746084,5.746084,11.492168
61709011,9.696517,0.9528923,-0.6943185,-0.10642251,0.017027603,0,5.25,8.55,25.8,27.852966,25.564959,92725.65,741.89435,-4.7884035,10.534488,0.9576807
61742011,9.662998,0.93373865,-0.7613561,-0.12132167,0.017027603,0.015963377,6,8.1,28.65,27.75712,25.564775,92725.2,741.9343,-0.9576807,3.8307228,4.7884035
61775011,9.624691,1.091756,-0.8619126,-0.19475321,0.013834927,0.03937633,5.85,1.8,32.7,28.044659,25.564337,92725.52,741.9052,-2.873042,-1.9153614,17.238253
61808011,9.672575,1.2497733,-0.9672575,-0.37779993,0.007449576,0.08407379,4.65,9.15,24.9,27.948812,25.564154,92725.66,741.8933,-2.873042,0.9576807,7.6614456
61841011,9.509769,1.2689269,-1.1252748,-0.5289199,0.0021284504,0.108550966,5.4,5.25,27.75,27.613352,25.563713,92725.1,741.943,-3.8307228,6.703765,0
61886978,9.428367,1.115698,-0.9911995,-0.813068,-0.015963377,0.19049631,5.1,9.9,29.1,27.709198,25.56441,92724.77,741.97217,-6.703765,4.7884035,9.576807
61919122,9.715671,0.8331822,-1.0199299,-0.90671986,-0.004256901,0.23093686,8.4,3,30.3,27.948812,25.562155,92725.23,741.9322,-2.873042,-0.9576807,3.8307228
61952010,9.595961,0.842759,-0.94810385,-1.1504273,-0.0010642252,0.22348729,5.85,2.55,29.55,27.75712,25.560469,92725.42,741.91437,-3.8307228,3.8307228,5.746084
61985011,9.696517,0.38307226,-0.4405331,-1.285584,-0.026605628,0.25967094,6.3,9.6,23.25,27.421661,25.55992,92725.86,741.87494,-1.9153614,10.534488,3.8307228
62018011,9.753978,0.23942018,-0.4309563,-1.1770331,-0.06598196,0.28308392,7.05,7.05,23.55,27.75712,25.560102,92725.6,741.89813,-4.7884035,4.7884035,3.8307228
62051011,9.80665,-0.14844051,-0.59376204,-1.1067941,-0.11387209,0.2330653,4.5,7.05,23.25,27.90089,25.560102,92725.52,741.9052,-4.7884035,8.619126,12.449849
62084011,10.117896,-0.22026655,-0.7326257,-1.0269773,-0.10535829,0.1649549,3.9,3.3,24.15,27.613352,25.56069,92725.44,741.9127,-8.619126,14.365211,3.8307228
62117011,10.141838,-0.05746084,-0.8331822,-0.9631238,-0.07449576,0.08939491,7.05,5.85,19.95,27.948812,25.561403,92726.02,741.86035,-0.9576807,9.576807,4.7884035
62150014,10.242394,-0.02873042,-0.8523358,-0.8588297,-0.038312107,0.03511943,6.9,3.3,21.9,27.90089,25.56254,92726.164,741.8479,-4.7884035,-0.9576807,7.6614456
62249011,9.667787,0.49320555,-0.4261679,-0.4224974,0.13409238,-0.054275483,7.2,9.15,18,27.948812,25.56351,92725.85,741.8755,-0.9576807,0,8.619126
62282014,9.586384,0.6464345,-0.272939,-0.33948782,0.15431266,-0.06598196,5.55,5.1,18.9,27.75712,25.56397,92724.98,741.95435,-6.703765,5.746084,15.322891
62315007,9.648633,0.6799533,-0.15801731,-0.30223995,0.1479273,-0.05640393,4.35,4.95,18.75,27.852966,25.564611,92725.69,741.8906,-6.703765,1.9153614,7.6614456
62348010,9.734824,0.8714894,-0.02873042,-0.27350587,0.11280786,-0.028734079,4.5,8.1,17.85,27.852966,25.565088,92725.94,741.8679,-0.9576807,-2.873042,6.703765
62381014,9.854534,0.7757214,0.05746084,-0.25541404,0.09258759,-0.0021284504,7.2,11.4,15.15,28.09258,25.564575,92725.79,741.88196,-2.873042,1.9153614,4.7884035
62414007,9.811439,0.7517793,0.15322891,-0.19156052,0.08300956,0.006385351,8.4,7.2,19.8,28.044659,25.564465,92726.03,741.8598,-0.9576807,7.6614456,7.6614456
62447011,9.758766,0.58418524,0.20590134,-0.10110139,0.048954356,0.0010642252,7.95,6.75,15.15,27.852966,25.564684,92725.836,741.8771,-1.9153614,3.8307228,1.9153614
62480011,9.701305,0.62728083,0.22984336,-0.050018582,0.015963377,0.0010642252,4.8,4.35,22.8,27.948812,25.56485,92725.695,741.8901,-4.7884035,9.576807,4.7884035
62513011,9.739613,0.56982,0.15322891,0.04150478,-0.006385351,-0.0010642252,8.1,9.3,14.55,27.56543,25.565125,92725.766,741.8841,-6.703765,8.619126,8.619126
62546011,9.768343,0.7038953,0.01436521,0.08088111,-0.025541404,-0.0021284504,5.1,4.2,15.75,27.90089,25.565327,92725.82,741.8793,-5.746084,1.9153614,7.6614456
62579011,9.854534,0.5650316,-0.08140286,0.10322984,-0.03937633,-0.0021284504,7.65,7.95,13.35,27.852966,25.565472,92726.14,741.8501,-3.8307228,-0.9576807,7.6614456
62612011,9.844957,0.5554548,-0.11971009,0.16814758,-0.046825908,-0.014899152,6.45,7.95,15.15,27.613352,25.56516,92726.16,741.849,-4.7884035,6.703765,5.746084
62645011,9.854534,0.5363012,-0.22984336,0.20645969,-0.046825908,-0.027669854,5.55,5.1,17.4,28.044659,25.565784,92725.914,741.87006,-2.873042,-0.9576807,11.492168
62678011,9.840169,0.50278234,-0.23463176,0.28946924,-0.042569008,-0.054275483,6,8.55,15.6,27.709198,25.565968,92726.11,741.8528,-1.9153614,7.6614456,6.703765
62711011,9.821015,0.34955344,-0.05267244,0.4022771,-0.048954356,-0.091523364,7.2,7.5,13.65,27.75712,25.565674,92725.73,741.8873,-3.8307228,-0.9576807,9.576807
62744011,9.9550905,0.4261679,-0.02873042,0.56297517,-0.042569008,-0.13834926,6.75,7.8,15.3,27.75712,25.565601,92726.336,741.83276,-6.703765,6.703765,5.746084
62777011,10.022128,0.4309563,-0.11492168,0.7726275,0.005321126,-0.18304673,7.35,8.1,16.05,27.613352,25.565088,92726.26,741.8398,-4.7884035,-0.9576807,1.9153614
62810011,10.0269165,0.6368576,-0.1436521,0.9258759,0.034055207,-0.1979459,6,8.55,18.15,27.56543,25.565308,92726.05,741.85815,-0.9576807,11.492168,7.6614456
62843014,9.864111,0.9864111,-0.24420857,1.0652894,0.045761682,-0.20965236,7.05,5.85,24,27.90089,25.565308,92725.71,741.889,-1.9153614,4.7884035,5.746084
62888967,9.825804,1.091756,-0.22026655,1.1397852,0.061725058,-0.20113856,5.25,10.5,21.45,27.75712,25.565472,92725.914,741.87006,-2.873042,4.7884035,6.703765
62921106,9.739613,1.1827357,-0.17717093,1.1546843,0.053211257,-0.17985405,7.35,7.8,24.6,27.75712,25.562798,92725.9,741.8717,-0.9576807,1.9153614,0
62954007,9.691729,1.1875241,-0.22505496,1.1663908,0.04789013,-0.17453292,5.25,3.9,26.4,27.709198,25.560799,92725.6,741.89813,-1.9153614,2.873042,5.746084
62987010,9.572019,1.1731589,-0.24899697,1.1185006,0.018091828,-0.1564411,7.05,11.25,23.25,28.044659,25.559883,92725.06,741.9468,-2.873042,-0.9576807,6.703765
63020011,9.677363,1.1252748,-0.2777274,1.1227576,0.008513802,-0.15324843,6.15,9.15,25.2,27.75712,25.55906,92725.22,741.93274,-3.8307228,-0.9576807,2.873042
63053011,9.619903,1.2114661,-0.30645782,1.1216934,0.005321126,-0.13834926,0.9,8.1,28.65,27.709198,25.559608,92724.57,741.99054,-2.873042,4.7884035,15.322891
63086014,9.634268,1.0295067,-0.4357447,1.138721,-0.006385351,-0.14899153,4.65,3.75,32.7,27.90089,25.560305,92724.875,741.963,-3.8307228,-0.9576807,4.7884035
63119014,9.672575,1.1875241,-0.6895301,1.1365925,0.0031926755,-0.15856956,4.2,10.8,26.4,27.852966,25.561129,92725.45,741.9117,-5.746084,-2.873042,0.9576807
63152007,9.773131,1.1492168,-0.8379706,1.1195648,0.013834927,-0.14899153,3.6,12.15,27.3,27.75712,25.561752,92725.03,741.94946,-1.9153614,9.576807,5.746084
63185010,9.725247,1.115698,-0.9576807,1.0908308,0.03511943,-0.1266428,0.9,8.55,30.45,27.709198,25.562357,92724.88,741.96246,-0.9576807,4.7884035,3.8307228
63284014,9.753978,0.8619126,-1.1827357,0.98227984,0.08407379,-0.05959661,2.7,15.45,28.95,27.948812,25.563145,92725.36,741.91974,-5.746084,7.6614456,15.322891
63317007,9.749189,0.60333884,-1.1013328,0.95460993,0.09684449,-0.07449576,2.7,12,27.9,27.852966,25.564575,92725.38,741.9176,-1.9153614,2.873042,5.746084
63350010,9.739613,0.60333884,-1.1587936,0.95567423,0.10642251,-0.09578026,3,10.05,32.25,27.75712,25.565216,92725.59,741.89923,-0.9576807,2.873042,3.8307228
63383011,9.591172,0.7182605,-1.292869,0.9343897,0.11067942,-0.09684449,2.25,11.25,35.1,27.90089,25.5654,92725.26,741.92896,-0.9576807,4.7884035,10.534488
63416011,9.696517,0.81881696,-1.2593501,0.80349,0.11387209,-0.07449576,4.35,13.35,28.8,27.852966,25.566261,92725.164,741.9376,0,4.7884035,4.7884035
63449011,9.595961,1.0199299,-1.283292,0.6981317,0.09897295,-0.05640393,1.5,10.8,34.05,28.09258,25.56648,92725.87,741.8744,-0.9576807,4.7884035,9.576807
63482014,9.524135,0.8331822,-1.3215994,0.50125,0.088330686,-0.030862529,6.9,14.1,35.25,27.852966,25.566628,92725.516,741.90625,-3.8307228,5.746084,7.6614456
63515007,9.615114,0.80445176,-1.292869,0.39482754,0.07449576,0.0010642252,5.1,14.85,31.65,27.613352,25.566315,92725.45,741.9117,-5.746084,3.8307228,0.9576807
63548010,9.696517,0.7757214,-1.1731589,0.32352445,0.05214703,0.0010642252,2.55,13.65,35.7,27.90089,25.565931,92725.234,741.93164,-2.873042,6.703765,11.492168
63581011,9.763555,0.6607997,-1.2880806,0.2575425,0.04150478,0.019156054,4.35,12.6,33.45,27.613352,25.56637,92725.516,741.90625,-0.9576807,14.365211,6.703765
63614011,9.643845,0.50757074,-1.4030021,0.23732221,0.030862529,0.0021284504,2.25,14.7,35.85,28.044659,25.566406,92725.96,741.8663,-4.7884035,5.746084,2.873042
63647011,9.605537,0.5746084,-1.4700398,0.1266428,0.013834927,-0.015963377,0.6,12.6,37.05,27.709198,25.565857,92724.84,741.96625,-5.746084,6.703765,3.8307228
63680011,9.706094,0.82360536,-1.5514427,-0.011706477,0.004256901,-0.008513802,2.25,11.25,35.1,27.613352,25.566462,92725.12,741.9419,-0.9576807,3.8307228,7.6614456
63713011,9.734824,0.90979666,-1.5993267,-0.13409238,-0.027669854,0.009578027,3.9,14.1,30.6,28.044659,25.56604,92725.266,741.92786,-2.873042,4.7884035,5.746084
63746011,9.696517,0.89543146,-1.7286136,-0.34161627,-0.04150478,0.038312107,3,15,30.75,28.044659,25.56571,92724.8,741.97003,-0.9576807,2.873042,6.703765
63779011,9.797073,0.7517793,-1.6184803,-0.48315823,-0.048954356,0.036183655,3.6,14.4,32.1,27.421661,25.565472,92725.61,741.89764,-7.6614456,8.619126,5.746084
63812011,9.883265,0.6895301,-1.6472107,-0.60341567,-0.045761682,0.007449576,2.25,15,31.8,27.90089,25.565748,92725.01,741.95166,-2.873042,5.746084,3.8307228
63845011,9.68694,0.6655881,-1.5227122,-0.68961793,-0.03511943,0.0010642252,1.8,12.15,34.95,27.948812,25.566078,92725.6,741.89813,-0.9576807,4.7884035,3.8307228
63890964,9.500193,0.93373865,-1.3599066,-0.87692153,-0.03511943,-0.019156054,4.65,10.65,33.45,27.90089,25.566334,92726.92,741.7804,-12.449849,2.873042,4.7884035
63923104,9.442732,1.0342951,-1.3551182,-0.97057337,-0.03299098,-0.03299098,2.25,14.25,31.5,27.709198,25.563164,92727.02,741.7706,-4.7884035,7.6614456,3.8307228
63956014,9.552865,1.0773908,-1.2785037,-1.0887023,-0.019156054,-0.028734079,4.65,13.35,29.55,27.75712,25.560928,92726.42,741.8247,-1.9153614,6.703765,8.619126
63989007,9.5385,1.0199299,-1.0151415,-1.1365925,-0.018091828,-0.022348728,4.5,13.8,28.65,27.948812,25.56056,92725.66,741.8933,-2.873042,3.8307228,9.576807
64022010,9.653421,1.1013328,-0.9864111,-1.1206292,-0.015963377,-0.018091828,6.3,13.5,26.85,27.613352,25.559994,92725.47,741.91003,-4.7884035,4.7884035,0.9576807
64055011,9.844957,1.2401965,-0.8762778,-1.1408494,0.007449576,-0.040440556,2.25,11.55,30.45,27.852966,25.561184,92726.11,741.8528,-2.873042,-0.9576807,5.746084
64088011,9.888053,1.2114661,-0.7374141,-1.1174364,0.03299098,-0.05640393,4.5,9.6,33,27.75712,25.561056,92725.93,741.86896,-1.9153614,3.8307228,4.7884035
64121011,9.696517,1.5275006,-0.5506664,-1.0429407,0.068110414,-0.042569008,4.35,13.65,30.3,27.852966,25.561844,92725.85,741.8755,-6.703765,4.7884035,7.6614456
64154011,9.768343,1.5227122,-0.33039984,-0.9439677,0.07236731,-0.03511943,1.95,9.3,28.65,28.09258,25.562138,92725.29,741.9263,-0.9576807,6.703765,-3.8307228
64187011,9.457097,1.7190368,-0.20111294,-0.8747931,0.08620224,-0.025541404,4.8,9.6,26.4,28.044659,25.562798,92723.945,742.04675,-4.7884035,9.576807,8.619126
64220011,9.528923,1.661576,-0.11971009,-0.8109396,0.08726646,0.014899152,3.9,13.65,24.9,27.75712,25.563292,92724.68,741.9803,-0.9576807,4.7884035,17.238253
64253011,9.409213,1.6232687,0.06703765,-0.73750806,0.064917736,0.048954356,1.05,7.5,28.5,28.044659,25.563364,92725.31,741.9241,-0.9576807,7.6614456,9.576807
64286014,9.471462,1.7046716,0.05267244,-0.6747188,0.024477178,0.081945345,2.25,9.3,30,28.044659,25.564445,92725.87,741.8744,-2.873042,0.9576807,8.619126
64319007,9.548077,1.5610195,0.10534488,-0.60873675,-0.0010642252,0.10535829,5.85,11.4,24.9,27.90089,25.564667,92725.42,741.91437,-5.746084,6.703765,11.492168
64352011,9.634268,1.4556746,0.04309563,-0.5065712,-0.028734079,0.11919322,4.65,5.25,29.85,27.90089,25.565289,92725.77,741.88306,1.9153614,6.703765,6.703765
64385011,9.682152,1.340753,-0.01436521,-0.43313965,-0.054275483,0.12877125,4.8,10.5,25.35,27.90089,25.565454,92725.53,741.90466,-0.9576807,5.746084,0
64418011,9.576807,1.340753,-0.20590134,-0.3884422,-0.07236731,0.10961519,4.8,12.75,22.05,27.56543,25.565857,92725.71,741.889,-6.703765,5.746084,3.8307228
64451011,9.442732,1.5227122,-0.38307226,-0.35225853,-0.081945345,0.076624215,4.65,8.4,28.8,27.613352,25.566608,92725.5,741.90735,-5.746084,1.9153614,5.746084
64484011,9.701305,1.5562311,-0.60333884,-0.3299098,-0.07449576,0.064917736,4.8,11.25,21.45,27.948812,25.566591,92725.22,741.93274,-2.873042,8.619126,9.576807
64517011,10.01734,1.5658079,-0.63206923,-0.22029461,-0.031926755,0.053211257,4.35,12.9,24.9,27.709198,25.566572,92724.86,741.9646,-0.9576807,4.7884035,3.8307228
64550011,10.117896,1.6232687,-0.45010993,-0.111743644,-0.013834927,0.044697456,5.25,11.25,24.6,27.613352,25.566847,92725.086,741.94464,-5.746084,1.9153614,7.6614456
64583011,10.093954,1.6998832,-0.49320555,-0.019156054,-0.004256901,0.05108281,6.45,4.5,28.8,27.90089,25.567213,92725.29,741.9263,-6.703765,3.8307228,15.322891
64616011,9.648633,1.6950948,-0.30645782,0.040440556,-0.015963377,0.091523364,3,12,25.35,28.044659,25.567196,92724.805,741.9695,-5.746084,4.7884035,7.6614456
64649011,9.600749,1.460463,-0.35913026,0.07023886,-0.03299098,0.10642251,5.55,11.25,21.75,27.75712,25.566444,92724.27,742.017,-3.8307228,-0.9576807,1.9153614
64682014,9.610326,1.412579,-0.36870706,0.11280786,-0.05533971,0.10748675,4.35,7.2,27,27.948812,25.566462,92725.31,741.9241,-0.9576807,2.873042,7.6614456
64715014,9.648633,1.3072342,-0.36870706,0.17985405,-0.040440556,0.09258759,6.15,9.15,23.1,27.75712,25.566628,92726.125,741.8517,-4.7884035,1.9153614,17.238253
64748007,9.624691,1.1204864,-0.40222588,0.26073518,-0.023412954,0.068110414,2.1,6.45,28.8,27.613352,25.566444,92725.36,741.91974,-0.9576807,3.8307228,7.6614456
64781011,9.782708,1.1731589,-0.46926352,0.37354302,0.013834927,0.03511943,3.45,9.6,25.35,27.90089,25.566608,92725.43,741.9138,-6.703765,1.9153614,7.6614456
64814014,9.811439,1.2258313,-0.37828386,0.48209402,0.040440556,0.015963377,1.8,8.7,24.15,27.852966,25.56615,92725.5,741.90735,-0.9576807,3.8307228,8.619126
64847007,9.816227,1.3024458,-0.39264908,0.6055441,0.07023886,0.013834927,4.35,10.2,22.35,28.044659,25.566683,92725.76,741.88464,-1.9153614,3.8307228,7.6614456
64892964,9.77792,1.2737153,-0.34476504,0.7034528,0.081945345,0.034055207,6.15,11.4,24.45,27.517508,25.566792,92726.16,741.849,-3.8307228,2.873042,13.40753
64925099,9.672575,1.2880806,-0.39743748,0.79391193,0.093651816,0.048954356,6.45,10.65,24.45,27.90089,25.56364,92725.47,741.91003,-6.703765,6.703765,3.8307228
64958014,9.648633,1.283292,-0.49320555,0.8428663,0.08939491,0.071303084,7.05,5.85,25.8,27.90089,25.56188,92725.52,741.9052,-4.7884035,6.703765,9.576807
64991007,9.629479,1.13964,-0.5602432,0.89820606,0.09897295,0.090459146,2.55,9.45,28.05,27.948812,25.561275,92724.695,741.9792,-1.9153614,-0.9576807,1.9153614
65024010,9.77792,0.9672575,-0.7374141,0.8747931,0.10110139,0.09790871,6.75,12.75,25.8,28.044659,25.560982,92725.42,741.91437,-4.7884035,8.619126,9.576807
65057014,9.720459,0.90021986,-0.7517793,0.80561846,0.11280786,0.100037165,4.65,5.25,32.4,27.852966,25.561184,92726.21,741.8441,-8.619126,1.9153614,4.7884035
65090007,9.720459,0.8619126,-0.80924016,0.65237,0.09578026,0.07768843,2.25,11.55,28.65,27.56543,25.561935,92725.914,741.87006,-5.746084,1.9153614,12.449849
65123010,9.610326,0.7374141,-0.78050977,0.5406264,0.05959661,0.081945345,4.65,11.4,25.95,27.948812,25.561916,92724.83,741.9673,-4.7884035,4.7884035,6.703765
65156011,9.787497,0.7422025,-0.82360536,0.42462584,0.024477178,0.08088111,3,9.6,31.5,28.044659,25.562193,92724.38,742.00726,-0.9576807,1.9153614,1.9153614
65189011,9.821015,0.6607997,-0.94331545,0.34693742,0.005321126,0.08300956,3.9,6.75,32.7,27.75712,25.56298,92724.164,742.02673,-2.873042,5.746084,2.873042
65288007,9.964667,0.5506664,-1.0630256,0.2990473,0.068110414,0.10322984,6,12,30.75,27.852966,25.564207,92725.33,741.9225,-5.746084,3.8307228,8.619126
65321010,10.0987425,0.5650316,-1.0869676,0.37354302,0.120257445,0.16176222,7.65,9.9,30.9,27.517508,25.564629,92726.22,741.8431,-2.873042,12.449849,7.6614456
65354011,10.060435,0.5554548,-0.9768343,0.4097267,0.15111998,0.20220278,7.2,7.2,35.25,27.90089,25.564959,92726.445,741.8225,-0.9576807,-2.873042,3.8307228
65387011,10.132261,0.35913026,-0.91937345,0.42036897,0.12132167,0.20965236,5.85,9.9,28.05,27.948812,25.564775,92725.8,741.88086,-0.9576807,-0.9576807,5.746084
65420011,10.060435,0.5315128,-1.0390835,0.43420386,0.18836786,0.28840503,3.45,7.8,33.3,27.613352,25.564922,92725.67,741.8922,-2.873042,3.8307228,3.8307228
65453014,9.782708,0.33518824,-0.78529817,0.45016724,0.25967094,0.32884556,6.15,10.65,31.35,27.75712,25.565472,92725.664,741.89276,-6.703765,4.7884035,4.7884035
65486007,9.466674,0.37828386,-0.7038953,0.37247878,0.21390925,0.3341667,5.55,4.35,36.9,27.948812,25.565876,92725.95,741.8668,-1.9153614,5.746084,3.8307228
65519010,9.787497,0.19632454,-0.4405331,0.36183658,0.2703132,0.36502925,6.75,9.3,31.8,27.75712,25.566334,92725.62,741.8971,-0.9576807,11.492168,6.703765
65552009,9.155427,0.20590134,0.33518824,0.57255316,0.31713912,0.3937633,9,11.4,32.7,28.044659,25.566095,92725.24,741.9306,-0.9576807,7.6614456,10.534488
65585009,9.3182335,0.17717093,0.51714754,0.751343,0.1266428,0.406534,5.25,8.55,36.6,27.948812,25.566645,92725.7,741.8895,-2.873042,6.703765,9.576807
65618009,9.3661175,0.090979666,1.0390835,0.82158184,-0.044697456,0.47677287,8.4,4.95,38.25,27.709198,25.566462,92725.914,741.87006,-7.6614456,13.40753,10.534488
65651009,9.227253,0.062249243,1.2737153,1.0631609,-0.22774418,0.72473735,8.55,8.85,37.65,27.90089,25.565893,92725.984,741.86414,-4.7884035,-1.9153614,13.40753
65684009,9.279925,-0.19153613,1.3072342,1.2781345,-0.40759823,0.9258759,8.85,2.85,41.25,27.709198,25.56606,92725.72,741.8879,1.9153614,6.703765,5.746084
65717009,9.677363,-0.5506664,0.90979666,1.4569242,-0.47677287,1.0993446,9.75,4.2,40.35,27.948812,25.566315,92725.555,741.90247,-0.9576807,11.492168,8.619126
65750009,9.945514,-1.5179238,0.2873042,1.4005203,-0.45761684,1.0876381,9.75,9.15,36.75,27.75712,25.565784,92725.42,741.91437,-0.9576807,7.6614456,5.746084
65783009,8.983045,-1.7525556,0.095768064,1.2674922,-0.4959289,1.0184635,7.95,6,38.55,27.948812,25.56582,92725.12,741.9419,5.746084,7.6614456,5.746084
65816011,8.647857,-2.0925324,-0.21547815,1.233437,-0.58638805,0.94077504,10.95,6,35.7,27.75712,25.56615,92725.55,741.903,-2.873042,2.873042,3.8307228
65849011,8.963891,-2.1978772,-0.7086837,1.223859,-0.5800027,0.9609954,13.8,1.5,39.3,27.852966,25.566242,92725.54,741.9041,-4.7884035,11.492168,1.9153614
65894965,9.045294,-2.7246015,-0.7422025,1.0535829,-0.47038752,1.0003717,9.45,4.5,38.55,27.852966,25.566023,92725.04,741.9489,-0.9576807,9.576807,7.6614456
65927104,9.3421755,-3.9264908,-0.80445176,0.97483027,-0.38737795,0.9588669,11.85,4.65,37.65,27.75712,25.562485,92725.664,741.89276,-1.9153614,8.619126,7.6614456
65960007,9.002198,-4.2425256,-0.9768343,0.921619,-0.363965,0.7204804,12,-1.5,42.45,27.90089,25.560854,92725.63,741.89545,-2.873042,8.619126,9.576807
65993010,8.690952,-3.9839516,-0.6655881,0.8183891,-0.3331025,0.6385351,12.6,2.4,37.35,28.044659,25.55948,92726.445,741.8225,-2.873042,14.365211,8.619126
66026011,9.030929,-4.295198,-0.9672575,0.708774,-0.29372615,0.60128725,12.15,2.4,37.95,27.948812,25.55948,92725.69,741.8906,0.9576807,6.703765,7.6614456
66059014,8.978256,-4.5920787,-0.8810662,0.62363595,-0.29266194,0.5033785,13.95,-0.15,44.85,27.90089,25.560213,92726,741.8625,-2.873042,15.322891,9.576807
66092007,9.102755,-5.1235914,-1.1252748,0.5363695,-0.2915977,0.42569005,14.7,4.65,40.95,27.90089,25.560616,92725.48,741.9095,-2.873042,7.6614456,5.746084
66125010,8.916007,-5.1666875,-1.1923125,0.45335993,-0.27669853,0.30968952,13.2,2.4,37.65,28.044659,25.561514,92725.37,741.91925,-0.9576807,12.449849,4.7884035
66158011,8.992621,-4.9943047,-1.3263878,0.41079092,-0.25647828,0.24477178,13.95,2.4,36.9,28.09258,25.561295,92725.23,741.9322,2.873042,13.40753,7.6614456
66191011,8.882488,-4.9176903,-1.4030021,0.30436838,-0.23519376,0.203267,12,2.55,40.05,27.852966,25.561295,92726.02,741.86035,-4.7884035,8.619126,8.619126
66224011,8.724471,-4.8698063,-1.3503298,0.19475321,-0.203267,0.18517518,10.95,0.75,42.9,27.90089,25.561863,92725.89,741.87225,-3.8307228,9.576807,7.6614456
66257011,8.614338,-5.0996494,-1.3311762,0.17985405,-0.19475321,0.16921179,16.05,4.5,38.55,28.044659,25.562742,92726.02,741.86035,-3.8307228,13.40753,5.746084
66290011,8.643068,-5.195418,-1.340753,0.16708335,-0.18091829,0.10535829,13.95,3.9,38.7,28.044659,25.563236,92725.66,741.8933,1.9153614,14.365211,6.703765
66323011,8.820239,-5.3247046,-1.4939818,0.120257445,-0.1436704,0.050018582,14.4,3.6,39.75,27.948812,25.563768,92725.7,741.8895,-0.9576807,12.449849,1.9153614
66356011,9.02614,-5.401319,-1.5753847,0.085138015,-0.088330686,-0.060660835,14.4,3.15,40.5,27.90089,25.563438,92725.29,741.9263,-2.873042,11.492168,15.322891
66389011,8.99741,-5.554548,-1.5227122,0.11387209,-0.05533971,-0.15324843,12.15,3.6,36.6,27.613352,25.563915,92725.28,741.9268,-7.6614456,6.703765,8.619126
66422011,9.136273,-5.645528,-1.5370775,0.114936315,-0.015963377,-0.25115713,14.85,2.25,40.05,28.09258,25.56353,92725.12,741.9419,1.9153614,5.746084,3.8307228
66455011,9.437943,-5.3103395,-1.8866309,0.050018582,0.120257445,-0.42143315,13.2,6.3,38.4,28.044659,25.563694,92725.52,741.9052,-0.9576807,11.492168,13.40753
66488011,9.275137,-5.6359506,-1.508347,0.004256901,0.20433123,-0.56616783,12.15,4.35,40.5,27.613352,25.563677,92725.805,741.8803,-0.9576807,14.365211,7.6614456
66521014,9.165004,-5.463568,-1.6424223,0.031926755,0.27457008,-0.7747559,12.75,5.7,38.25,27.948812,25.564392,92726.17,741.84735,-4.7884035,8.619126,13.40753
66554007,9.150639,-5.473145,-1.163582,0.050018582,0.32033178,-0.97695875,15.15,1.2,41.55,27.709198,25.56375,92726.33,741.8333,0.9576807,10.534488,5.746084
66587011,9.064447,-4.9464207,-0.94810385,0.1351566,0.2990473,-1.1738403,10.95,7.2,42.45,27.613352,25.563713,92725.97,741.8652,-0.9576807,22.984337,8.619126
66620011,9.203311,-4.7309427,-0.82360536,0.1436704,0.27882698,-1.4271259,9.75,6.75,39.6,27.948812,25.563383,92725.92,741.8695,-0.9576807,6.703765,6.703765
66653014,9.241618,-3.739743,-0.62249243,0.079816885,0.26818475,-1.5612184,7.8,4.35,47.1,27.948812,25.563438,92726.82,741.78955,-1.9153614,5.746084,7.6614456
66687981,9.241618,-3.0358477,-0.59855044,-0.019156054,0.26073518,-1.6463563,5.4,11.4,45.45,27.709198,25.563036,92726.54,741.8144,-1.9153614,10.534488,7.6614456
66720096,9.303867,-2.2218192,-0.51235914,-0.07236731,0.27244166,-1.6878612,6.3,12.3,43.35,27.709198,25.562302,92725.64,741.8949,1.9153614,10.534488,9.576807
66753011,9.399636,-1.7190368,-0.29688102,-0.13728504,0.29479036,-1.7219163,2.7,13.8,44.85,27.852966,25.56232,92725.96,741.8663,-1.9153614,9.576807,19.153614
66786014,9.270349,-1.4460979,-0.22984336,-0.15856956,0.2873408,-1.7708707,4.8,18,44.55,27.75712,25.562063,92725.13,741.9403,-1.9153614,2.873042,6.703765
66819007,9.107543,-0.60812724,-0.29209262,-0.19581743,0.2990473,-1.8368527,8.1,20.4,45.9,28.044659,25.561716,92725.2,741.9343,-3.8307228,7.6614456,8.619126
66852010,8.671799,-0.15322891,0.29209262,-0.1564411,0.2915977,-1.9198622,2.85,19.35,49.35,27.948812,25.56188,92725.34,741.9214,-6.703765,7.6614456,8.619126
66897980,8.537724,1.1540052,0.07182605,-0.18836786,0.28095543,-1.9049631,5.4,25.5,44.25,27.948812,25.56232,92725.234,741.93164,-2.873042,-0.9576807,15.322891
66930124,8.470686,2.1260512,0.24899697,-0.2873408,0.32778138,-1.7538431,5.85,26.25,45,28.09258,25.558968,92725.65,741.89435,-2.873042,6.703765,-2.873042
66963010,8.135497,2.2840683,0.46926352,-0.31607488,0.31501064,-1.6644481,6,29.55,44.55,27.852966,25.557335,92724.984,741.9538,-3.8307228,8.619126,10.534488
66996014,8.082825,2.6910827,0.5267244,-0.32033178,0.29053345,-1.597402,6.15,31.2,44.7,27.948812,25.556255,92724.39,742.0068,-4.7884035,0,2.873042
67029014,8.130709,3.040636,0.5602432,-0.30649686,0.25647828,-1.5718606,5.25,32.55,46.35,27.90089,25.556034,92724.64,741.9846,-6.703765,-0.9576807,7.6614456
67062014,7.9631147,3.9935284,0.6703765,-0.3033042,0.24264334,-1.4963007,5.85,33.6,45.45,28.044659,25.55587,92725.414,741.9149,-2.873042,-0.9576807,10.534488
67095007,7.9008656,4.7165775,1.0199299,-0.2969188,0.1649549,-1.3366668,6.75,36.45,47.4,27.948812,25.5562,92725.22,741.93274,-1.9153614,3.8307228,4.7884035
67128010,7.7907324,5.5162406,1.2593501,-0.321396,0.108550966,-1.1312714,5.4,37.05,45.75,27.90089,25.555998,92724.54,741.9938,-3.8307228,4.7884035,12.449849
67161011,8.178593,6.1004257,1.1923125,-0.25115713,0.014899152,-0.8354168,6.45,37.35,45.45,27.75712,25.556713,92725.09,741.9441,-5.746084,0.9576807,6.703765
67194014,8.394072,6.363788,1.0390835,-0.30543262,-0.019156054,-0.6300213,5.1,37.05,49.05,28.044659,25.557116,92724.6,741.98785,-1.9153614,-6.703765,8.619126
67227014,8.350976,6.253655,1.1204864,-0.33523092,-0.05108281,-0.44271767,8.4,38.85,46.8,27.90089,25.556969,92725.164,741.9376,-4.7884035,0.9576807,6.703765
67260007,8.288726,6.105214,1.115698,-0.28521234,-0.09258759,-0.25222135,7.95,40.05,46.2,27.613352,25.557611,92725.305,741.9246,-0.9576807,-1.9153614,1.9153614
67293011,8.1163435,5.9280434,0.91937345,-0.20539546,-0.09258759,-0.12238589,2.7,37.5,50.25,27.75712,25.55807,92725.99,741.86304,-0.9576807,3.8307228,9.576807
67326011,8.327033,6.105214,0.6560113,-0.12983547,-0.042569008,0.05533971,6.9,37.8,48.3,28.044659,25.558582,92726.1,741.8539,-4.7884035,-4.7884035,3.8307228
67359011,8.504205,6.1387334,0.5746084,-0.117064774,0.048954356,0.17666137,5.55,36.75,50.7,27.709198,25.558508,92726.96,741.77716,0.9576807,-2.873042,10.534488
67392011,8.259995,5.8945246,0.6943185,-0.111743644,0.1479273,0.3086253,7.2,39.3,48,27.852966,25.55904,92726.86,741.78577,-1.9153614,-0.9576807,10.534488
67425014,9.188946,4.4436383,0.8475474,-0.027669854,0.21816616,0.38524953,5.1,38.85,47.55,27.90089,25.55959,92726.81,741.7901,-0.9576807,1.9153614,12.449849
67458007,8.111555,5.0038815,1.3551182,0.09790871,0.26499206,0.4012129,6,33.75,52.5,27.613352,25.56001,92727.08,741.76636,-0.9576807,-0.9576807,10.534488
67491010,8.183381,4.984728,1.3599066,0.38312104,0.3086253,0.439525,5.1,31.2,54,27.948812,25.560469,92727.164,741.75824,-2.873042,-4.7884035,6.703765
67524011,8.054094,4.855441,1.5993267,0.66514075,0.35864386,0.47251597,6.75,37.2,47.1,27.852966,25.560507,92726.86,741.78577,-0.9576807,3.8307228,7.6614456
67557014,8.317456,4.175488,1.7621324,1.4260617,0.39482754,0.5608467,6.45,39.3,47.25,27.948812,25.55981,92727.06,741.7674,-4.7884035,-2.873042,12.449849
67590007,8.461109,3.7588966,1.5370775,2.003936,0.3958918,0.57787424,7.8,39.45,48.9,27.75712,25.560177,92727.555,741.72314,-6.703765,-0.9576807,9.576807
67623011,9.121908,2.9017725,0.91458505,2.519021,0.38099262,0.55126864,8.55,31.8,54.9,27.948812,25.560598,92727.23,741.7528,-0.9576807,-0.9576807,5.746084
67656011,8.896853,2.9783869,0.8379706,3.1926756,0.45761684,0.38205683,6.9,42,47.55,27.90089,25.56135,92727.07,741.76685,-3.8307228,7.6614456,12.449849
67689014,9.188946,2.1643584,0.80445176,3.7354305,0.47996554,0.25222135,7.35,46.35,48.15,27.948812,25.561752,92727.07,741.76685,-0.9576807,2.873042,11.492168
67722007,9.490616,2.8778305,-0.7613561,4.1845336,0.5076354,-0.017027603,3.75,44.4,48.15,27.948812,25.561478,92725.93,741.86896,-5.746084,10.534488,0
67755011,8.930372,3.7014358,-2.0111294,4.0674686,0.4948647,-0.27669853,7.35,47.55,47.1,27.75712,25.561716,92726.33,741.8333,-1.9153614,4.7884035,4.7884035
67788011,8.6574335,3.9935284,-2.4756045,3.6949897,0.38631374,-0.44271767,9.6,52.8,38.4,27.852966,25.561459,92725.81,741.87976,0,0.9576807,7.6614456
67821014,8.341399,4.1180267,-2.834735,3.0309134,0.1479273,-0.6672692,10.5,52.65,38.55,27.852966,25.560818,92726.05,741.85815,-0.9576807,-0.9576807,5.746084
67854007,8.178593,4.4963107,-3.083732,2.4796448,-0.021284504,-0.8077469,8.55,55.2,38.4,27.948812,25.560635,92725.71,741.889,1.9153614,-0.9576807,-0.9576807
67899962,7.690176,6.694188,-4.5058875,1.3058044,-0.012770702,-0.83967364,12.9,57.75,31.2,28.044659,25.560781,92726.09,741.8544,1.9153614,-4.7884035,0
67932099,7.632715,7.489063,-4.6591167,0.24690023,0.0031926755,-0.69174635,14.4,58.95,30.45,27.90089,25.556786,92726.08,741.85547,-0.9576807,-2.873042,0
67965011,7.445967,6.5601125,-3.4859576,-0.79497623,-0.013834927,-0.4906078,12.75,59.1,30.6,27.852966,25.554384,92726.914,741.78094,-4.7884035,-0.9576807,0.9576807
67998014,7.824251,6.1866174,-3.1411927,-1.1961892,-0.036183655,-0.354387,15.6,60.45,31.2,27.852966,25.553322,92727.555,741.72314,-1.9153614,-0.9576807,-4.7884035
68031007,8.274361,6.7324953,-3.0023289,-1.7900268,-0.06598196,-0.203267,14.7,57,36.9,28.09258,25.552662,92726.91,741.782,2.873042,1.9153614,0
68064011,8.12592,6.6606693,-2.96881,-2.3785431,-0.088330686,-0.15856956,14.7,58.5,35.1,27.852966,25.552462,92726.05,741.85815,-1.9153614,-0.9576807,0
68097011,7.85777,6.3781533,-2.1212628,-2.8712795,-0.09578026,-0.17240448,17.25,55.5,44.55,28.09258,25.553047,92726.73,741.79767,0,4.7884035,0.9576807
68130014,7.776367,6.4547677,-1.2785037,-3.18629,-0.15431266,-0.079816885,13.8,56.1,39.6,28.044659,25.553635,92726.984,741.7744,-6.703765,2.873042,2.873042
68163007,7.4124484,6.133945,-0.6799533,-3.4150984,-0.21284503,-0.088330686,15.15,55.2,45.9,27.75712,25.554367,92726.66,741.80414,0.9576807,-0.9576807,12.449849
68295011,6.943185,4.7548847,2.0350714,-2.055019,-0.6842968,-0.021284504,12.6,47.1,54.3,27.948812,25.55587,92726.1,741.8539,-3.8307228,-0.9576807,14.365211
68328014,7.264008,4.735731,2.5761611,-1.3153822,-0.75985676,0.12238589,12.3,44.25,50.85,27.613352,25.556034,92725.7,741.8895,-0.9576807,5.746084,9.576807
68361007,7.6231384,4.074931,2.336741,-0.20113856,-0.84073794,0.36290076,10.65,42.45,49.5,27.948812,25.556309,92725.58,741.9003,-0.9576807,-0.9576807,16.280571
68394011,8.192958,3.5673606,2.2122424,0.75772834,-0.88330686,0.51827765,8.55,39.9,48.45,27.75712,25.557262,92725.8,741.88086,-5.746084,1.9153614,4.7884035
68427011,9.44752,3.347094,0.7086837,1.7549073,-0.73325115,0.5736174,8.85,42.15,47.4,27.852966,25.557959,92725.805,741.8803,0,2.873042,0
68460014,9.921572,3.7541082,-0.62728083,2.4445252,-0.36290076,0.6811041,8.1,44.1,46.35,27.852966,25.558197,92725.76,741.88464,-1.9153614,0.9576807,10.534488
68493007,9.308656,3.6487634,-1.0534488,2.7776277,-0.05533971,0.65556276,7.35,42.45,47.7,27.75712,25.55838,92725.72,741.8879,0,-1.9153614,8.619126
68526011,9.059659,3.1794999,-0.9528923,3.2437584,0.15431266,0.61086524,8.1,47.55,43.8,27.948812,25.559095,92727.125,741.762,-4.7884035,-0.9576807,7.6614456
68559011,9.332599,3.4332852,-2.1499932,3.421484,0.2617994,0.5108281,9.6,47.55,44.1,27.948812,25.560066,92726.53,741.81494,1.9153614,-0.9576807,4.7884035
68592011,8.939949,3.5913026,-2.3702598,3.2416298,0.33523092,0.38950643,7.05,49.8,41.25,27.948812,25.560799,92726.086,741.8549,-2.873042,-0.9576807,4.7884035
68625011,9.11712,3.916914,-2.920926,3.1384,0.29479036,0.28521234,9.3,50.1,40.95,27.948812,25.560469,92725.12,741.9419,0,-0.9576807,3.8307228
68658011,8.556877,4.256891,-3.2848446,2.7169669,0.25009292,0.22774418,7.05,52.8,35.1,27.90089,25.560085,92724.375,742.0078,-3.8307228,2.873042,20.111294
68691014,8.7532015,4.405331,-3.5338416,2.1635697,0.17240448,0.30649686,7.8,51.3,33.3,27.852966,25.560085,92723.875,742.0527,-6.703765,-0.9576807,12.449849
68724007,8.7532015,4.8362875,-3.9217024,1.5058786,0.22135884,0.3714146,6.3,52.8,33.6,27.75712,25.560965,92723.98,742.044,-1.9153614,8.619126,0
68757010,8.796297,4.5441947,-4.185065,0.5746816,0.27563432,0.51402074,3.9,49.95,34.65,27.948812,25.560598,92724.414,742.0046,-0.9576807,-1.9153614,8.619126
68790011,8.743625,4.098873,-3.739743,-0.040440556,0.35332274,0.59277344,6,51.3,33,27.852966,25.560469,92724.336,742.0116,-3.8307228,2.873042,4.7884035
68823011,9.064447,3.394978,-3.3039982,-0.5544613,0.42036897,0.65556276,9.45,48.9,36,27.75712,25.560507,92724.75,741.97437,-3.8307228,3.8307228,0.9576807
68856011,9.097966,3.0693667,-3.040636,-1.0312343,0.54381907,0.65449846,8.4,47.25,35.7,27.709198,25.56069,92725.375,741.9187,-6.703765,-0.9576807,6.703765
68901964,9.409213,2.2026656,-2.1883004,-1.2909051,0.6183148,0.6055441,8.4,48,36.45,28.044659,25.560102,92724.68,741.9803,-2.873042,-5.746084,6.703765
68934099,8.892065,2.0207062,-1.3455414,-1.3611441,0.6715261,0.5938376,7.8,47.1,40.2,27.852966,25.556126,92724.25,742.01917,-0.9576807,3.8307228,4.7884035
68967011,8.499416,2.1260512,-0.7661445,-1.328153,0.52466303,0.7034528,7.2,48,42.15,28.044659,25.55433,92725.2,741.9343,-1.9153614,-0.9576807,4.7884035
69000011,8.652645,2.3463178,-0.39743748,-1.2994189,0.21923038,0.8907565,5.1,43.5,45,27.613352,25.553432,92725.43,741.9138,-1.9153614,2.873042,9.576807
69033014,8.710106,2.1021092,-0.9720459,-1.30474,0.061725058,0.99292207,4.8,42.45,41.55,28.044659,25.553175,92723.96,742.0451,-0.9576807,-0.9576807,2.873042
69066007,8.762778,1.7764976,-1.4221559,-1.3111255,0.05214703,1.1238217,4.8,40.65,41.25,27.852966,25.552845,92724.42,742.004,-4.7884035,7.6614456,5.746084
69099007,8.954314,1.1540052,-1.4939818,-1.2185379,0.12770702,1.2110882,4.8,40.65,42.75,27.852966,25.55378,92725.02,741.95,2.873042,7.6614456,0
69132010,9.294291,0.22026655,-1.541866,-1.0897666,0.23732221,1.1844826,5.25,35.7,42,27.948812,25.554037,92724.945,741.95703,-1.9153614,9.576807,3.8307228
69165011,9.600749,-0.30166942,-1.1300632,-0.92268324,0.42356163,1.0620967,2.25,30.3,45.6,27.709198,25.554073,92723.83,742.057,-0.9576807,-0.9576807,7.6614456
69198011,9.572019,-0.7374141,-0.8619126,-0.7907193,0.5065712,0.9269401,3.75,30.3,43.05,27.56543,25.55455,92724.55,741.9927,2.873042,7.6614456,4.7884035
69231011,9.629479,-1.0773908,-0.6607997,-0.6598196,0.57787424,0.80561846,4.35,30.15,45.45,27.90089,25.555485,92723.9,742.05054,-3.8307228,5.746084,0.9576807
69264011,9.428367,-0.90021986,-0.29688102,-0.5235988,0.58425957,0.69387484,4.65,30.15,46.2,28.044659,25.556639,92724.83,741.9673,1.9153614,2.873042,4.7884035
69297011,9.591172,-1.2401965,0.31603462,-0.3682219,0.49380046,0.65237,5.85,27.75,46.5,27.852966,25.556913,92724.67,741.9819,-4.7884035,-0.9576807,7.6614456
69330011,9.797073,-1.0007763,0.33039984,-0.20645969,0.34587318,0.66088384,6.15,25.95,44.7,27.948812,25.55741,92724.76,741.9738,-1.9153614,5.746084,13.40753
69363014,9.80665,-1.1971009,0.39264908,-0.1351566,0.28521234,0.6715261,5.85,25.95,47.25,27.852966,25.557775,92724.97,741.9549,-2.873042,1.9153614,19.153614
69396007,9.931149,-1.5514427,0.18195933,-0.057468157,0.29053345,0.6438562,6.75,24.6,46.65,27.90089,25.557922,92725.52,741.9052,-3.8307228,9.576807,1.9153614
69429010,10.012551,-1.6998832,0.31124622,-0.03937633,0.31607488,0.59277344,6.45,23.25,47.25,28.044659,25.5586,92725.34,741.9214,-2.873042,5.746084,1.9153614
69462014,10.16578,-2.360683,0.320823,-0.05959661,0.30436838,0.45868105,6.9,25.2,48.6,28.044659,25.558674,92724.68,741.9803,-1.9153614,8.619126,7.6614456
69495007,9.854534,-2.6719291,1.0151415,0.0021284504,0.23093686,0.30223995,7.35,21.9,47.4,27.75712,25.558874,92725.086,741.94464,-0.9576807,7.6614456,13.40753
69528010,9.677363,-2.5761611,1.3120226,0.14579885,0.15218419,0.2149735,7.8,23.4,47.1,28.044659,25.559334,92725.31,741.9241,-2.873042,8.619126,11.492168
69561011,9.557653,-2.3989902,1.3024458,0.27882698,0.03724788,0.120257445,8.4,21.3,48,27.90089,25.559956,92725.4,741.9165,-4.7884035,5.746084,13.40753
69594011,9.485827,-2.0446482,1.0199299,0.28627658,-0.023412954,0.06917463,7.95,22.05,48.3,27.75712,25.559828,92726.64,741.80524,-0.9576807,5.746084,3.8307228
69627014,9.481039,-1.9967642,0.7613561,0.21710193,-0.048954356,0.027669854,6,22.2,53.1,27.75712,25.559755,92727,741.7728,-4.7884035,12.449849,10.534488
69660014,9.710882,-2.0446482,0.7086837,0.111743644,-0.09684449,-0.048954356,7.05,23.85,47.7,27.75712,25.560268,92726.81,741.7901,-0.9576807,3.8307228,12.449849
69693007,9.591172,-2.2409728,1.0342951,0.12770702,-0.12132167,-0.06598196,7.2,24.45,51.15,27.852966,25.560652,92726.81,741.7901,-7.6614456,7.6614456,13.40753
69726011,9.725247,-2.3463178,0.7469909,0.2330653,-0.14899153,-0.08407379,6.9,23.55,48.6,27.517508,25.56036,92726.25,741.84033,-1.9153614,9.576807,13.40753
69759011,9.65821,-2.1739352,0.6703765,0.3011757,-0.17559716,-0.09790871,9.3,19.2,51,27.948812,25.559847,92726.34,741.8323,-0.9576807,5.746084,3.8307228
69792014,9.706094,-2.0398598,0.39264908,0.31501064,-0.17240448,-0.10535829,6.75,23.4,50.25,27.75712,25.560194,92726.43,741.82416,-1.9153614,2.873042,7.6614456
69825007,9.514558,-1.9440918,0.2633622,0.2532856,-0.15111998,-0.11067942,5.85,24.75,46.8,27.709198,25.56003,92725.97,741.8652,-4.7884035,8.619126,8.619126
69858010,9.667787,-1.9297266,0.22505496,0.17666137,-0.11600055,-0.10748675,5.85,20.55,54,27.90089,25.560324,92726.29,741.8371,-2.873042,7.6614456,8.619126
69903964,9.404425,-1.9680338,0.25378537,0.120257445,-0.07023886,-0.09258759,7.2,25.2,46.8,27.90089,25.561295,92726.266,741.8393,-1.9153614,5.746084,7.6614456
69936099,9.481039,-1.9057846,0.51714754,0.11812899,-0.05533971,-0.08726646,7.35,24.6,47.7,27.90089,25.558783,92726.26,741.8398,-0.9576807,8.619126,7.6614456
69969011,9.648633,-1.8674773,0.39264908,0.10429406,-0.036183655,-0.081945345,5.4,24.45,47.25,27.709198,25.556328,92725.836,741.8771,-2.873042,6.703765,12.449849
70002011,9.495404,-1.9297266,0.40222588,0.10961519,-0.03511943,-0.07768843,6.9,25.2,48,27.948812,25.555504,92726.48,741.8198,-1.9153614,-0.9576807,6.703765
70035011,9.629479,-1.8435353,0.37828386,0.114936315,-0.026605628,-0.079816885,6.3,25.65,47.7,28.09258,25.555027,92726.4,741.8274,-4.7884035,8.619126,9.576807
70068011,9.634268,-1.7860745,0.4357447,0.091523364,-0.020220278,-0.07768843,6.45,27,46.8,27.75712,25.555265,92726.766,741.79443,-5.746084,10.534488,6.703765
70101011,9.662998,-1.7525556,0.4261679,0.076624215,-0.011706477,-0.06278928,5.55,26.55,45.9,28.044659,25.554861,92725.46,741.9106,-4.7884035,5.746084,8.619126
70134011,9.619903,-1.7381904,0.40222588,0.07236731,-0.007449576,-0.053211257,4.65,28.2,49.8,27.852966,25.555283,92725.66,741.8933,-2.873042,8.619126,3.8307228
70167011,9.610326,-1.7717092,0.40701428,0.06598196,0.0010642252,-0.05108281,4.5,26.85,46.35,27.709198,25.555887,92726.016,741.86145,-1.9153614,8.619126,4.7884035
70233011,9.682152,-1.733402,0.36870706,0.04150478,0.031926755,-0.054275483,6.15,27,46.2,27.75712,25.557024,92725.39,741.91705,-3.8307228,-0.9576807,10.534488
70266011,9.639056,-1.7477672,0.3878607,0.031926755,0.046825908,-0.046825908,5.85,27.6,45.9,27.852966,25.557795,92724.78,741.9716,-0.9576807,8.619126,12.449849
70299011,9.715671,-1.685518,0.45489833,0.004256901,0.058532387,-0.036183655,5.25,26.1,46.65,28.044659,25.557775,92725.21,741.9333,-5.746084,0.9576807,6.703765
70332011,9.758766,-1.6807296,0.4165911,-0.012770702,0.06385351,-0.038312107,6.15,27.45,46.8,27.852966,25.558344,92725.23,741.9322,-1.9153614,2.873042,7.6614456
70365011,9.701305,-1.685518,0.49799395,-0.021284504,0.071303084,-0.045761682,5.85,27,46.8,27.613352,25.558197,92724.97,741.9549,-5.746084,3.8307228,10.534488
70398011,9.701305,-1.6136919,0.5410896,-0.031926755,0.064917736,-0.04150478,5.55,27,47.25,27.948812,25.558216,92724.945,741.95703,-1.9153614,10.534488,7.6614456
70431011,9.720459,-1.5753847,0.63206923,-0.024477178,0.068110414,-0.034055207,5.1,26.25,46.8,27.948812,25.558546,92725,741.9522,-2.873042,4.7884035,12.449849
70464011,9.725247,-1.5945383,0.62249243,-0.018091828,0.05959661,-0.027669854,5.55,25.65,46.35,27.75712,25.558197,92725.195,741.9349,-0.9576807,5.746084,10.534488
70497011,9.758766,-1.5179238,0.59855044,-0.023412954,0.053211257,-0.038312107,6,26.85,52.05,27.90089,25.558216,92725.266,741.92786,-3.8307228,5.746084,6.703765
70530011,9.773131,-1.5705963,0.60812724,-0.017027603,0.038312107,-0.03937633,4.5,24.9,50.25,27.948812,25.557812,92724.64,741.9846,-3.8307228,8.619126,4.7884035
70563011,9.739613,-1.6328455,0.5793968,0.0021284504,0.014899152,-0.06385351,6,28.05,47.4,27.75712,25.558233,92725.055,741.9473,-1.9153614,6.703765,-0.9576807
70596011,9.662998,-1.5993267,0.60333884,0.005321126,-0.013834927,-0.08939491,6.15,26.7,52.65,27.90089,25.558546,92725.08,741.9452,-3.8307228,9.576807,19.153614
70629011,9.720459,-1.541866,0.50278234,-0.03724788,-0.09684449,-0.1564411,4.8,28.8,48.9,27.948812,25.55893,92724.836,741.9668,-0.9576807,7.6614456,11.492168
70662011,9.950302,-1.3455414,0.038307227,-0.10322984,-0.09578026,-0.22242306,5.85,27.75,46.5,27.852966,25.558912,92725.17,741.9371,-0.9576807,10.534488,2.873042
70695011,10.007763,-1.6567876,-0.34476504,-0.2532856,0.011706477,-0.33948782,8.55,24.15,53.1,27.613352,25.558765,92725.1,741.943,-6.703765,7.6614456,12.449849
70728011,9.935937,-1.6280571,-0.02873042,-0.17346871,0.08088111,-0.42888275,5.85,31.95,49.8,28.044659,25.559242,92724.45,742.00134,-4.7884035,9.576807,1.9153614
70761011,9.414001,-1.7860745,0.37349546,0.28414813,0.022348728,-0.5044427,8.55,28.05,49.95,28.044659,25.558857,92724.086,742.0343,-6.703765,9.576807,7.6614456
70794014,9.370906,-1.7238252,-0.272939,0.58851653,-0.005321126,-0.6747188,6.9,30.45,47.25,27.90089,25.55873,92724.3,742.01483,-5.746084,5.746084,5.746084
70827007,9.888053,-0.58897364,-0.80445176,0.51402074,0.027669854,-0.86521506,5.85,31.95,45,27.948812,25.558912,92725.67,741.8922,-2.873042,0.9576807,4.7884035
70860010,9.634268,-0.45489833,-0.19632454,0.37247878,0.093651816,-1.0376196,7.05,33,47.4,28.044659,25.557886,92725.57,741.9014,-4.7884035,4.7884035,2.873042
70905964,9.356541,-0.4165911,-0.11492168,0.53743374,0.06598196,-1.1706477,7.8,33,49.5,27.948812,25.558289,92725.46,741.9106,0,5.746084,15.322891
70938099,9.02614,0.07182605,0.31124622,0.4278185,0.06917463,-1.3483732,6.3,37.5,45.9,27.709198,25.555063,92725.77,741.88306,1.9153614,10.534488,10.534488
70971011,7.675811,-2.528277,2.3463178,0.65449846,-0.024477178,-1.6878612,8.4,38.1,46.8,27.948812,25.552956,92725.2,741.9343,2.873042,-0.9576807,1.9153614
71004011,9.988609,4.76925,0.45010993,0.62363595,-0.24690023,-1.4931079,6.75,41.4,46.65,27.948812,25.551655,92724.836,741.9668,2.873042,7.6614456,4.7884035
71037011,8.710106,2.7964275,1.2210429,0.32352445,-0.16921179,-1.4952363,8.4,43.5,44.7,27.613352,25.551416,92725.89,741.87225,-0.9576807,5.746084,6.703765
71070014,8.892065,4.122815,-0.8762778,0.75772834,-0.09471604,-1.3036758,8.7,45.75,44.25,27.90089,25.551672,92725.9,741.8717,-0.9576807,-1.9153614,4.7884035
71103007,9.112331,4.9224787,-0.50757074,0.5693605,0.054275483,-1.1302071,10.35,47.55,45.15,27.948812,25.55158,92725.555,741.90247,-1.9153614,-0.9576807,15.322891
71136011,9.23683,5.233725,0.16280572,0.17666137,0.07236731,-1.0855097,11.1,48.3,45.15,27.852966,25.551361,92725.55,741.903,1.9153614,2.873042,2.873042
71169014,9.165004,5.21936,0.24899697,0.15750532,0.14260617,-0.88330686,10.2,50.4,46.2,27.90089,25.551636,92725.5,741.90735,-0.9576807,7.6614456,1.9153614
71202007,8.619126,5.0038815,0.60812724,0.2958546,0.15963377,-0.77582014,11.7,49.95,44.7,27.948812,25.552423,92725.59,741.89923,5.746084,-0.9576807,6.703765
71235010,8.556877,3.9552212,0.91458505,0.59277344,0.13728504,-0.73325115,12.75,52.2,46.2,27.852966,25.552279,92725.93,741.86896,-4.7884035,-4.7884035,10.534488
71268011,8.90643,4.783615,-0.4405331,0.9131052,0.1351566,-0.7566641,12.75,53.85,44.25,27.948812,25.552626,92726,741.8625,-0.9576807,2.873042,1.9153614
71301011,8.566454,4.936844,-1.0007763,0.7428292,0.2490287,-0.8822427,14.7,55.95,43.35,28.044659,25.553158,92726.25,741.84033,-0.9576807,6.703765,7.6614456
71334011,8.374918,5.0996494,-0.92895025,0.27882698,0.3671577,-1.0259131,15.9,57,41.55,28.044659,25.552845,92725.84,741.8765,-3.8307228,-0.9576807,7.6614456
71367014,8.049306,5.094861,-0.39264908,0.12770702,0.41717625,-1.0950876,14.55,56.4,42.15,27.948812,25.553175,92724.945,741.95703,-0.9576807,-1.9153614,2.873042
71400007,8.015787,5.5018754,-0.36391866,0.07343154,0.5076354,-1.1259503,18.6,58.8,43.65,27.75712,25.553286,92725.836,741.8771,3.8307228,7.6614456,8.619126
71433011,8.058883,5.746084,-0.30645782,-0.03511943,0.57787424,-1.1153079,17.55,59.1,43.65,27.948812,25.553963,92725.914,741.87006,-0.9576807,-1.9153614,5.746084
71466014,7.848193,6.143522,0.33518824,-0.0021284504,0.62257177,-1.101473,21.9,58.35,42.9,28.044659,25.554018,92725.86,741.87494,-0.9576807,-8.619126,6.703765
71499007,7.675811,6.133945,0.521936,0.06704619,0.59915876,-1.0642252,21.9,58.05,44.7,27.948812,25.553926,92725.945,741.8674,-1.9153614,-0.9576807,4.7884035
71532011,7.541735,6.3111157,0.8810662,0.14686307,0.5523328,-1.0408123,22.35,59.7,42.3,27.852966,25.553413,92725.33,741.9225,-2.873042,7.6614456,-5.746084
71565014,7.144298,6.1100025,1.2689269,0.27776277,0.47677287,-1.0748675,25.65,60.45,42,27.613352,25.554056,92726.25,741.84033,-0.9576807,2.873042,5.746084
71598007,6.8330517,7.1490865,0.90021986,0.32352445,0.41079092,-1.1333998,25.65,61.95,40.95,28.044659,25.553799,92726.64,741.80524,-0.9576807,-0.9576807,16.280571
71631011,6.469133,6.919243,1.0534488,0.34693742,0.36502925,-1.1940606,27,63,42.15,28.09258,25.55389,92726.555,741.8128,1.9153614,-0.9576807,4.7884035
71665222,5.9567738,7.8386164,0.7517793,0.2490287,0.3682219,-1.2025745,29.25,64.05,41.1,27.56543,25.554276,92725.55,741.903,-1.9153614,-2.873042,9.576807
71698079,5.568913,7.5704656,1.0295067,0.20113856,0.4054698,-1.1823542,28.5,62.25,42.45,27.852966,25.55411,92725.125,741.9414,-6.703765,-0.9576807,0
71731014,5.133168,7.929596,0.89543146,0.18623939,0.40440556,-1.1610696,33.15,65.25,38.85,28.140503,25.553982,92725.97,741.8652,-0.9576807,-1.9153614,18.195932
71764007,4.793192,8.1881695,1.0199299,0.13834926,0.42356163,-1.1323357,33.75,65.1,40.2,27.613352,25.55345,92725.78,741.8825,0,-0.9576807,11.492168
71797010,4.596867,8.058883,1.1587936,0.16601913,0.41717625,-1.0769958,36.3,63.6,38.7,28.044659,25.553358,92725.27,741.9273,5.746084,-0.9576807,1.9153614
71830014,4.3478703,8.1642275,1.067814,0.160698,0.3980202,-1.0578398,36.3,64.35,37.95,27.948812,25.554293,92724.97,741.9549,1.9153614,-4.7884035,4.7884035
71863007,4.1276035,8.303091,0.8331822,0.10322984,0.37779993,-1.068482,37.35,65.1,43.35,27.613352,25.553835,92724.62,741.98676,1.9153614,-1.9153614,15.322891
71908976,3.8498764,8.480263,0.866701,-0.038312107,0.38950643,-1.1185006,38.85,62.7,40.95,27.852966,25.554073,92724.35,742.01,2.873042,-1.9153614,13.40753
71941113,3.6822822,8.571242,0.79008657,-0.111743644,0.3714146,-1.1419137,43.65,63.9,37.95,27.948812,25.551764,92724.19,742.0246,-1.9153614,-7.6614456,7.6614456
71974015,3.1364043,8.805874,1.0390835,-0.160698,0.3884422,-1.1727761,45.45,63.6,37.65,27.852966,25.550316,92724.85,741.96515,5.746084,-0.9576807,8.619126
72007007,2.5378537,9.064447,1.0103531,-0.22880842,0.38631374,-1.1940606,45.6,63.75,38.85,27.852966,25.549236,92724.914,741.9598,5.746084,-1.9153614,14.365211
72040011,1.9871874,9.054871,1.2114661,-0.23838644,0.33097404,-1.1780972,49.95,60.3,41.4,27.852966,25.549015,92724.79,741.97107,8.619126,-2.873042,3.8307228
72073014,1.8148049,9.299079,1.1013328,-0.2320011,0.37673572,-1.1493632,49.05,63.6,36.15,27.90089,25.54973,92724.61,741.9873,-0.9576807,-5.746084,15.322891
72106007,1.4796166,9.346964,1.1827357,-0.2575425,0.41079092,-1.1557485,53.85,62.4,36.6,27.56543,25.549969,92725.43,741.9138,3.8307228,-9.576807,3.8307228
72139011,1.0151415,9.452309,1.3551182,-0.26073518,0.41079092,-1.1568127,51.45,61.8,37.5,28.044659,25.551031,92725.94,741.8679,0.9576807,-3.8307228,6.703765
72172011,0.40701428,9.720459,1.4987702,-0.32458866,0.38950643,-1.1568127,53.7,61.8,36.45,27.90089,25.551672,92725.56,741.9019,2.873042,-4.7884035,11.492168
72205014,-0.08619126,9.988609,1.5610195,-0.38737795,0.36077234,-1.1504273,56.85,59.7,37.35,27.948812,25.552021,92725.25,741.9295,9.576807,-5.746084,7.6614456
72238007,-0.33039984,9.959879,1.7238252,-0.41398358,0.363965,-1.1110511,55.5,56.85,39.3,27.75712,25.552717,92725.695,741.8901,8.619126,-0.9576807,14.365211
72271011,-0.7565677,9.931149,1.9536686,-0.38312104,0.35332274,-1.0769958,58.8,59.1,38.55,27.852966,25.55323,92725.875,741.87384,9.576807,2.873042,0.9576807
72304014,-1.1923125,9.706094,2.1978772,-0.31607488,0.30649686,-1.0110139,61.65,58.05,36.45,27.709198,25.553469,92726.56,741.81226,6.703765,2.873042,2.873042
72337014,-1.5514427,9.782708,2.135628,-0.2330653,0.3001115,-0.94928885,62.4,57.6,35.7,27.75712,25.553652,92727.234,741.7523,6.703765,-7.6614456,2.873042
72370014,-1.6136919,9.672575,2.0829554,-0.14047772,0.24796446,-0.8577655,63.75,54.75,35.1,28.044659,25.553652,92727.12,741.7626,4.7884035,-8.619126,12.449849
72403007,-1.910573,9.835381,1.934515,-0.13728504,0.2330653,-0.78859085,64.35,54.15,36,27.948812,25.553652,92727.91,741.6923,7.6614456,-1.9153614,4.7884035
72436011,-2.054225,9.696517,1.8339585,-0.11919322,0.25967094,-0.6683334,65.85,53.55,36.15,27.948812,25.55422,92728.04,741.6804,5.746084,-7.6614456,7.6614456
72469014,-2.0685902,9.112331,2.030283,-0.05214703,0.2703132,-0.65237,65.55,54.3,34.35,27.948812,25.554367,92728.07,741.67773,11.492168,-0.9576807,13.40753
72502007,-2.1787236,8.983045,1.8483237,-0.07023886,0.29372615,-0.6970675,67.8,52.8,34.8,27.948812,25.554184,92728.04,741.6804,12.449849,-3.8307228,7.6614456
72535011,-2.2505496,8.700529,1.8579005,-0.11387209,0.3937633,-0.8205176,67.95,53.1,34.65,27.613352,25.553743,92728.086,741.6761,10.534488,-1.9153614,9.576807
72568014,-2.9640217,8.844181,2.030283,-0.19049631,0.439525,-0.89927024,69.45,51.15,34.95,27.90089,25.553286,92727.234,741.7523,9.576807,-2.873042,6.703765
72601007,-3.4093432,8.710106,2.3558946,-0.23412955,0.3926991,-0.93013275,70.5,49.95,34.2,27.948812,25.553066,92726.91,741.782,12.449849,-5.746084,0.9576807
72634011,-3.892972,8.805874,2.4468741,-0.21284503,0.36502925,-0.921619,67.8,49.35,36.15,27.75712,25.553358,92726.47,741.8204,10.534488,-0.9576807,10.534488
72667011,-4.074931,8.671799,2.384625,-0.17453292,0.34055206,-0.8758573,72.3,49.2,31.65,27.75712,25.552828,92726.555,741.8128,11.492168,-2.873042,16.280571
72700014,-4.256891,8.7532015,2.27928,-0.16282645,0.31075373,-0.8120038,72.3,48.45,31.65,27.75712,25.552443,92726.48,741.8198,10.534488,-0.9576807,8.619126
72733007,-4.3143516,8.552089,2.336741,-0.14154196,0.26392785,-0.7630494,74.4,46.35,31.8,27.56543,25.552296,92726.45,741.82196,9.576807,-1.9153614,13.40753
72766010,-4.534618,8.532935,2.0973208,-0.14473462,0.25860673,-0.666205,73.2,45.15,31.8,28.09258,25.551453,92726.71,741.7993,10.534488,-4.7884035,6.703765
72799014,-4.711789,8.283937,2.2266076,-0.19049631,0.23838644,-0.61512214,74.7,44.85,30,27.75712,25.551416,92727.47,741.73175,12.449849,-5.746084,6.703765
72832007,-4.8458643,8.121132,2.3319526,-0.13196392,0.23093686,-0.5704247,74.1,45,30.6,27.852966,25.551086,92727.82,741.6999,12.449849,-0.9576807,11.492168
72865011,-5.0661306,8.034941,2.2744915,-0.14047772,0.20007433,-0.52147037,75.3,44.25,31.35,27.709198,25.550554,92726.87,741.7852,11.492168,-0.9576807,15.322891
72910965,-5.243302,7.551312,2.360683,-0.08939491,0.20858812,-0.5565898,74.4,40.65,35.85,28.044659,25.550299,92727.64,741.7156,12.449849,-0.9576807,8.619126
72943104,-5.386954,7.73806,2.2170308,-0.13196392,0.22242306,-0.59064496,77.4,39.3,33.15,27.948812,25.547312,92727.02,741.7706,8.619126,-3.8307228,11.492168
72976014,-5.4300494,7.3645644,2.231396,-0.17559716,0.20433123,-0.62257177,76.5,40.95,28.95,27.709198,25.545221,92726.59,741.8096,16.280571,-0.9576807,8.619126
73009007,-5.7748146,7.326257,2.1404164,-0.1564411,0.203267,-0.68748945,77.85,41.25,29.55,27.90089,25.54425,92727.414,741.7361,12.449849,-4.7884035,7.6614456
73042011,-5.913678,7.249643,2.231396,-0.19475321,0.22348729,-0.6821683,76.5,36.45,34.35,28.044659,25.543812,92727.37,741.7404,10.534488,-6.703765,13.40753
73075011,-6.2871737,7.1826053,2.4037786,-0.17134026,0.22667997,-0.6736545,78.15,37.8,29.1,27.90089,25.544214,92726.19,741.84576,6.703765,-2.873042,7.6614456
73108011,-6.3829417,7.0245876,2.4947581,-0.10961519,0.21071658,-0.68748945,79.2,37.35,28.05,28.044659,25.544947,92727.29,741.74744,10.534488,-0.9576807,17.238253
73141011,-6.5265937,6.871359,2.2601264,-0.06917463,0.20007433,-0.70026016,75.45,32.55,33,27.948812,25.545204,92727.75,741.7058,12.449849,-1.9153614,11.492168
73174014,-6.7133417,6.8043213,1.9680338,-0.08407379,0.21923038,-0.7311227,79.2,33.9,27.75,27.75712,25.545698,92727.44,741.73444,15.322891,-0.9576807,11.492168
73240011,-7.2831616,6.50744,2.1212628,-0.09258759,0.27776277,-0.72793,80.55,33.3,26.1,27.948812,25.548063,92727.7,741.71014,15.322891,0,12.449849
73273014,-7.441179,6.4164605,2.1068976,-0.071303084,0.2575425,-0.7268658,82.5,30.45,28.8,27.852966,25.547989,92727.586,741.7204,12.449849,-0.9576807,10.534488
73306014,-7.642292,6.445191,1.934515,-0.08407379,0.22561572,-0.69174635,81.9,31.65,25.95,27.75712,25.548521,92728.06,741.6783,15.322891,-1.9153614,8.619126
73339007,-7.6375036,6.1195793,1.8243817,-0.114936315,0.20965236,-0.6513058,81.6,29.85,25.35,28.044659,25.549658,92728.73,741.6183,11.492168,-2.873042,8.619126
73372011,-7.9104424,5.717354,1.9728222,-0.12238589,0.21390925,-0.6278928,81.45,29.7,25.95,27.90089,25.550354,92728.9,741.6032,15.322891,1.9153614,5.746084
73405011,-8.001422,5.497087,1.9297266,-0.10216562,0.23093686,-0.6257644,81.9,28.65,24.9,27.75712,25.55072,92728.84,741.60803,14.365211,2.873042,5.746084
73438011,-8.09719,5.3438582,1.8579005,-0.05640393,0.2660563,-0.63321394,82.35,28.05,24,27.852966,25.552185,92728.78,741.61346,15.322891,0.9576807,3.8307228
73471014,-8.1642275,5.118803,1.9297266,-0.031926755,0.28201967,-0.64598465,82.5,28.2,23.1,27.948812,25.551966,92727.86,741.69666,14.365211,0.9576807,6.703765
73504007,-8.183381,5.080496,1.5610195,0.027669854,0.31075373,-0.67046183,80.85,25.65,24.6,27.75712,25.55105,92727.875,741.695,11.492168,-2.873042,17.238253
73537011,-8.346188,4.8219223,1.5514427,0.038312107,0.34480897,-0.6395993,82.5,26.25,23.4,28.044659,25.55125,92727.94,741.68964,18.195932,-0.9576807,21.068975
73570011,-8.470686,4.6016555,1.6136919,0.07875266,0.33842358,-0.59490186,83.85,24.15,23.55,27.90089,25.551123,92728.07,741.67773,12.449849,-1.9153614,11.492168
73603011,-8.6095495,4.4340615,1.6663644,0.123450115,0.3139464,-0.5597824,83.4,23.85,21.45,27.373737,25.551746,92729.195,741.5773,14.365211,-1.9153614,4.7884035
73636014,-8.839393,4.2281604,1.5370775,0.17559716,0.25009292,-0.5278557,83.85,23.1,24,27.852966,25.552351,92729.63,741.5378,14.365211,6.703765,8.619126
73669007,-8.825027,4.2281604,1.2018893,0.15963377,0.2160377,-0.45761684,83.7,23.55,21.6,27.90089,25.551802,92729.016,741.5929,17.238253,-2.873042,4.7884035
73702011,-8.805874,4.0557775,0.81881696,0.11387209,0.17985405,-0.43739656,82.8,22.2,20.7,27.852966,25.552113,92728.71,741.61993,15.322891,-0.9576807,10.534488
73735014,-8.892065,4.036624,0.89543146,0.08300956,0.14260617,-0.43101117,83.4,20.4,21.75,27.90089,25.551746,92729.086,741.587,13.40753,5.746084,8.619126
73768007,-9.006987,4.0414124,0.79966336,0.027669854,0.07236731,-0.38099262,83.85,21.45,21.75,27.90089,25.551636,92729.4,741.55835,20.111294,3.8307228,5.746084
73801011,-9.074024,3.8067808,0.91458505,-0.006385351,0.036183655,-0.34587318,83.7,20.1,21.15,27.90089,25.551838,92729.39,741.55945,22.026655,3.8307228,0.9576807
73834011,-9.054871,3.9791632,0.81402856,-0.005321126,0.040440556,-0.2873408,83.85,20.7,21.75,27.948812,25.551397,92729.125,741.5832,17.238253,-0.9576807,15.322891
73867011,-9.030929,3.845088,0.79487497,-0.046825908,0.05640393,-0.22987263,82.2,17.1,22.35,28.044659,25.5505,92728.945,741.5994,18.195932,1.9153614,2.873042
73912965,-9.188946,3.5913026,1.0007763,-0.010642252,0.060660835,-0.16601913,84.15,18.9,20.7,27.852966,25.550097,92729.59,741.5411,17.238253,0.9576807,6.703765
73945104,-9.131485,3.4380736,0.89543146,-0.0031926755,0.058532387,-0.13409238,84.45,17.85,23.7,27.613352,25.547312,92728.95,741.5983,15.322891,1.9153614,7.6614456
73978007,-9.198523,3.4476504,0.93373865,0.009578027,0.07023886,-0.10642251,82.8,18.45,19.2,27.948812,25.544636,92728.92,741.601,17.238253,3.8307228,9.576807
74011010,-9.184157,3.5290532,0.7086837,-0.026605628,0.07449576,-0.10748675,82.5,18.6,21.9,27.948812,25.543957,92729.055,741.58966,13.40753,1.9153614,-1.9153614
74044011,-9.289502,3.4476504,0.7757214,-0.040440556,0.07236731,-0.090459146,83.7,15.15,26.7,27.613352,25.544031,92729.27,741.57025,19.153614,7.6614456,8.619126
74077011,-9.11712,3.3662477,0.7182605,-0.05959661,0.08620224,-0.08300956,84.45,17.55,20.55,27.90089,25.543646,92729.195,741.5773,17.238253,-0.9576807,7.6614456
74110014,-9.227253,3.4237084,0.7661445,-0.07768843,0.10110139,-0.07236731,83.85,18.9,20.25,28.09258,25.544231,92729.77,741.5254,10.534488,-0.9576807,19.153614
74143007,-9.141062,3.3662477,0.91458505,-0.042569008,0.08088111,-0.021284504,83.7,17.85,19.8,28.09258,25.545404,92728.914,741.6021,16.280571,-0.9576807,8.619126
74176010,-9.078813,3.394978,0.9528923,0.009578027,0.044697456,0.012770702,82.5,14.4,25.95,27.852966,25.545992,92727.91,741.6923,15.322891,-0.9576807,6.703765
74209014,-9.193734,3.41892,0.8523358,0,0.006385351,0.03724788,85.35,16.2,21.75,27.90089,25.546577,92728.35,741.65234,16.280571,-4.7884035,9.576807
74242007,-9.241618,3.3135753,1.0199299,-0.014899152,-0.020220278,0.06598196,84.9,17.7,22.05,27.90089,25.54775,92728.266,741.6599,17.238253,3.8307228,8.619126
74275011,-9.222465,3.217807,0.94331545,0.011706477,-0.038312107,0.076624215,82.95,18.6,21.9,28.044659,25.548044,92728.21,741.6648,10.534488,6.703765,7.6614456
74308014,-9.289502,3.2704794,0.82360536,0.005321126,-0.028734079,0.07236731,80.55,16.5,22.05,27.90089,25.548998,92729.06,741.5886,22.984337,0,6.703765
74341007,-9.217676,3.2944214,0.82360536,-0.006385351,-0.0031926755,0.05640393,83.85,16.95,20.25,27.948812,25.549858,92729.586,741.5421,16.280571,7.6614456,19.153614
74374011,-9.165004,3.371036,0.79008657,-0.011706477,0.015963377,0.050018582,82.95,19.35,20.1,27.948812,25.550224,92728.9,741.6032,14.365211,-0.9576807,12.449849
74407014,-9.121908,3.3854012,0.8619126,-0.022348728,0.0021284504,0.060660835,82.35,18.9,20.7,27.852966,25.550629,92729.57,741.5432,17.238253,7.6614456,15.322891
74440007,-9.102755,3.5194764,0.842759,-0.04789013,-0.029798305,0.09578026,84.75,15.15,24.9,27.948812,25.550646,92729.3,741.5675,17.238253,5.746084,5.746084
74473010,-9.26556,3.715801,1.1252748,-0.07875266,-0.09258759,0.15324843,83.4,19.2,21,27.852966,25.550518,92729.34,741.56323,14.365211,2.873042,6.703765
74506011,-9.232041,3.9121256,1.283292,-0.05640393,-0.18730363,0.2532856,83.1,21.9,20.25,27.852966,25.550995,92729.35,741.5627,14.365211,-1.9153614,17.238253
74539011,-9.251195,4.098873,1.484405,-0.05959661,-0.31607488,0.429947,86.4,17.25,23.25,27.852966,25.551214,92728.76,741.6156,18.195932,7.6614456,12.449849
74572014,-9.370906,4.122815,1.7381904,-0.07555999,-0.4480388,0.534241,82.5,20.55,22.35,27.517508,25.551672,92728.234,741.6626,13.40753,-0.9576807,10.534488
74605007,-9.32781,4.1371803,1.8291701,-0.009578027,-0.5810669,0.675783,83.85,21.9,21.75,27.948812,25.552443,92728.37,741.6507,15.322891,3.8307228,6.703765
74638010,-8.987833,4.4196963,1.661576,0.019156054,-0.6374709,0.7736917,81.3,23.1,24,27.948812,25.55259,92729.53,741.547,13.40753,-0.9576807,7.6614456
74671011,-8.829816,4.6112323,1.6950948,-0.020220278,-0.6736545,0.86202234,83.25,22.8,23.7,27.852966,25.552845,92730.14,741.49243,12.449849,-0.9576807,0
74704014,-8.6574335,4.6926355,1.9776106,-0.009578027,-0.72899425,0.95141727,82.5,25.5,24.9,28.09258,25.552462,92730.195,741.48755,17.238253,1.9153614,4.7884035
74737007,-8.413225,5.109226,2.0590134,-0.028734079,-0.76411366,1.0259131,82.2,25.95,28.8,28.044659,25.553488,92730.07,741.49835,16.280571,-0.9576807,11.492168
74770010,-8.303091,5.353435,2.2744915,-0.05214703,-0.7960404,1.1376567,81.9,27,27.3,28.044659,25.552645,92729.195,741.5773,17.238253,-0.9576807,7.6614456
74803014,-8.135497,5.731719,2.9592333,-0.018091828,-0.87160045,1.2547214,79.5,28.05,28.65,27.75712,25.553028,92728.766,741.61505,16.280571,-2.873042,11.492168
74836007,-7.7811556,6.0525417,3.1890767,0.07875266,-0.96631646,1.389878,80.7,27.75,29.85,27.90089,25.553028,92728.67,741.6237,18.195932,-1.9153614,3.8307228
74869011,-7.393295,6.172252,3.289633,0.13622083,-1.0440049,1.6133653,78.9,30.15,32.1,28.044659,25.553175,92729.94,741.51025,8.619126,0,13.40753
74914965,-6.6893997,6.517017,3.4380736,0.19475321,-1.0748675,1.7570357,78.6,31.95,34.2,27.75712,25.552845,92729.055,741.58966,10.534488,-1.9153614,18.195932
74947099,-6.3589997,6.9527617,3.5817258,0.15750532,-1.1174364,1.810247,70.65,33.75,41.55,28.044659,25.549822,92729.08,741.5875,12.449849,-4.7884035,9.576807
74980011,-5.5737014,7.216124,3.787627,0.1990101,-1.148299,1.8613299,73.8,35.1,41.85,27.852966,25.54755,92728.516,741.63776,7.6614456,-1.9153614,13.40753
75013011,-5.315128,7.417237,3.86903,0.2628636,-1.1546843,1.8975134,73.05,37.8,41.1,27.948812,25.546871,92728.18,741.6675,10.534488,-5.746084,8.619126
75046011,-4.7165775,7.8529816,3.9552212,0.29266194,-1.144042,1.9485964,66.3,40.65,44.55,28.044659,25.546946,92728.64,741.62695,6.703765,-7.6614456,6.703765
75079014,-4.0462008,8.250419,3.9791632,0.31075373,-1.1504273,1.9837157,66.15,42.75,46.8,27.90089,25.547146,92728.72,741.6194,6.703765,-4.7884035,14.365211
75112007,-3.1794999,8.671799,3.8307228,0.30436838,-1.1291429,1.990101,67.35,43.35,47.1,27.709198,25.547293,92728.195,741.66583,9.576807,-2.873042,7.6614456
75145010,-2.2697031,8.6813755,3.7205894,0.2628636,-1.1302071,1.980523,62.4,48,43.95,27.852966,25.548302,92727.86,741.69666,9.576807,-2.873042,12.449849
75178014,-1.8435353,8.7532015,3.8115692,0.32778138,-1.0599682,1.9017704,61.95,49.8,51.3,27.948812,25.549328,92727.375,741.73987,5.746084,-1.9153614,11.492168
75244011,-0.16280572,8.78672,3.6822822,0.37886417,-0.9684449,1.7314944,56.85,50.1,48.15,27.852966,25.551361,92726.7,741.7998,6.703765,-4.7884035,3.8307228
75277014,0.58418524,9.208099,3.3806129,0.2798912,-0.89182067,1.5942093,51.45,54.9,45.75,28.09258,25.55105,92725.8,741.88086,4.7884035,-5.746084,10.534488
75310014,1.1731589,8.781932,3.7349546,0.26818475,-0.9365182,1.5761174,49.35,53.85,51.9,27.90089,25.551544,92725.57,741.9014,4.7884035,-5.746084,15.322891
75343007,1.2114661,9.14585,3.6774938,0.38418528,-0.9833441,1.6335857,46.8,51.15,52.2,27.709198,25.552498,92725.83,741.8776,8.619126,-1.9153614,7.6614456
75376010,1.5275006,9.5385,3.3566709,0.3299098,-1.0078212,1.8081186,44.4,58.2,51,28.044659,25.553083,92725.69,741.8906,1.9153614,-5.746084,13.40753
75409011,2.327164,8.825027,3.53863,0.48741513,-1.0333626,2.0784316,41.4,57.45,48.15,27.852966,25.553358,92726.13,741.8506,5.746084,-4.7884035,7.6614456
75442014,3.1603463,8.719683,3.0502129,0.6374709,-0.95780265,2.2391295,35.55,52.8,51.3,27.709198,25.552992,92725.62,741.8971,2.873042,-0.9576807,8.619126
75475007,3.7541082,8.389283,2.6479871,0.685361,-0.87905,2.3934424,34.05,58.5,47.4,27.90089,25.553139,92725.91,741.87115,1.9153614,-12.449849,17.238253
75508011,4.6495395,7.690176,2.0398598,0.699196,-0.7673064,2.395571,31.35,60.3,46.8,27.709198,25.55356,92726.766,741.79443,2.873042,1.9153614,0.9576807
75541011,5.7843914,7.1634517,1.2689269,0.56297517,-0.66301227,2.3466165,28.5,59.1,48,27.709198,25.553286,92726.555,741.8128,-1.9153614,-1.9153614,0.9576807
75574014,6.3350577,6.4882865,1.1923125,0.41291937,-0.5331768,2.2061388,24.3,57,46.65,28.044659,25.55292,92726.22,741.8431,1.9153614,-2.873042,15.322891
75607007,6.7468605,5.889736,1.2497733,0.38205683,-0.51402074,2.0826886,21.75,57.75,46.35,27.90089,25.552809,92725.86,741.87494,-0.9576807,1.9153614,11.492168
75640011,7.1155677,5.707777,0.9768343,0.29798305,-0.48422244,1.970945,21.3,56.7,47.7,27.852966,25.55257,92726.86,741.78577,-2.873042,2.873042,11.492168
75673011,7.565677,4.8602295,0.6847417,0.15111998,-0.39908445,1.8357885,18,55.95,44.55,27.852966,25.552975,92726.87,741.7852,-1.9153614,-5.746084,6.703765
75706011,7.699753,4.8027687,0.89064306,0.12877125,-0.3926991,1.7463936,18.75,51.75,47.7,27.948812,25.552992,92726.234,741.842,-3.8307228,-0.9576807,0
75739011,7.9008656,4.3287168,0.7757214,0.10322984,-0.32778138,1.6793473,15.45,53.25,46.35,27.948812,25.553596,92726.61,741.8079,-0.9576807,-3.8307228,10.534488
75772011,7.8865004,4.0078936,0.94331545,0.18517518,-0.27563432,1.5910167,13.8,50.4,44.7,27.90089,25.55345,92726.47,741.8204,-3.8307228,7.6614456,3.8307228
75805011,7.9870567,3.892972,0.770933,0.25115713,-0.25009292,1.6165581,12.15,48.6,45.9,27.90089,25.55334,92726.22,741.8431,-6.703765,3.8307228,-4.7884035
75838011,8.336611,3.4715924,0.47884035,0.2543498,-0.16601913,1.5441906,11.85,47.55,44.85,27.948812,25.552975,92725.68,741.89166,-4.7884035,9.576807,2.873042
75871014,8.48984,2.9400797,0.35913026,0.28095543,-0.15537687,1.5335484,10.2,46.95,43.95,27.948812,25.553139,92725.08,741.9452,-2.873042,2.873042,4.7884035
75916967,8.7771435,2.4995465,0.15322891,0.2703132,-0.022348728,1.5409981,6.45,45,47.55,27.709198,25.553707,92724.875,741.963,-3.8307228,-4.7884035,8.619126
75949105,8.978256,1.5993267,0.272939,0.28521234,-0.022348728,1.5016217,7.35,42.9,46.35,28.044659,25.55061,92724.664,741.9824,-2.873042,3.8307228,10.534488
75982007,9.490616,0.9624691,-0.17717093,0.20007433,0.040440556,1.4154195,5.4,39.3,49.8,27.709198,25.54975,92725.13,741.9403,2.873042,6.703765,9.576807
76015010,9.409213,0.15801731,0.18674773,0.120257445,0.05108281,1.3409237,6.3,36.75,51,27.948812,25.548227,92725.44,741.9127,-1.9153614,8.619126,11.492168
76048011,9.940725,-0.34955344,-0.12928689,0.04363323,0.04363323,1.2164093,7.95,37.35,48,27.948812,25.5481,92725.16,741.9381,-3.8307228,5.746084,3.8307228
76081011,10.295067,-0.9959879,-0.45010993,-0.09258759,0.08939491,0.9716376,7.2,33.6,51.9,27.948812,25.548172,92724.98,741.95435,-0.9576807,11.492168,14.365211
76114011,10.184934,-1.8100165,0.1388637,-0.10748675,0.046825908,0.72899425,9.6,34.5,50.25,27.90089,25.548943,92724.86,741.9646,-0.9576807,9.576807,8.619126
76147011,10.0269165,-1.3263878,0.30166942,0.04150478,-0.061725058,0.48102978,7.05,33.75,47.7,28.044659,25.549528,92724.484,741.9981,-0.9576807,7.6614456,12.449849
76180011,9.840169,-0.866701,0.05746084,0.021284504,-0.06917463,0.3671577,5.55,34.05,44.85,27.90089,25.549381,92724.51,741.99646,-4.7884035,7.6614456,5.746084
76246014,9.720459,-0.7230489,-0.39743748,0.11387209,-0.10110139,0.29798305,5.1,30.45,49.35,28.044659,25.550867,92724.945,741.95703,-0.9576807,8.619126,11.492168
76279007,9.758766,-1.0247183,-0.16759412,0.08088111,-0.08939491,0.2490287,5.25,34.05,44.55,27.90089,25.551123,92724.73,741.9765,-6.703765,6.703765,5.746084
76312011,9.883265,-1.1827357,-0.21068975,0.06278928,-0.090459146,0.19688165,3.9,34.35,43.65,27.56543,25.5516,92725.64,741.8949,-5.746084,7.6614456,8.619126
76345014,9.830592,-1.1827357,-0.17717093,0.011706477,-0.09897295,0.11919322,5.1,30.45,49.8,27.948812,25.55138,92725.47,741.91003,-1.9153614,3.8307228,5.746084
76378007,9.797073,-1.3215994,-0.038307227,0.05640393,-0.12238589,0.057468157,5.55,35.7,43.35,27.90089,25.55193,92724.77,741.97217,-2.873042,3.8307228,2.873042
76411011,9.615114,-1.2737153,-0.39264908,0.108550966,-0.11812899,0.04363323,5.25,33.75,44.55,27.613352,25.552057,92725.07,741.9457,-9.576807,3.8307228,1.9153614
76444011,9.672575,-1.2976574,-0.62249243,0.036183655,-0.048954356,0.027669854,3,29.85,48.9,27.948812,25.553194,92725.65,741.89435,-4.7884035,2.873042,2.873042
76477014,9.801862,-1.4030021,-0.59376204,-0.013834927,0.024477178,0.019156054,4.65,33.15,44.25,27.948812,25.552717,92725.08,741.9452,-0.9576807,6.703765,10.534488
76510007,9.782708,-1.6567876,-0.31124622,0.022348728,0.05533971,-0.0010642252,5.4,33.9,44.7,27.709198,25.552792,92725.75,741.8852,-0.9576807,6.703765,7.6614456
76543010,9.821015,-1.6089035,-0.15322891,0.081945345,0.04363323,-0.04789013,5.25,33.75,43.8,28.044659,25.552406,92725.445,741.91223,-5.746084,6.703765,7.6614456
76576014,9.931149,-1.460463,-0.1388637,0.10429406,0.04150478,-0.081945345,6.3,30.75,48.15,27.852966,25.552864,92725.516,741.90625,-1.9153614,6.703765,8.619126
76609007,9.907207,-1.2976574,0.095768064,0.17027603,0.015963377,-0.12238589,6.45,32.85,46.5,27.90089,25.552607,92725.734,741.88684,-0.9576807,5.746084,1.9153614
76642010,9.763555,-1.0199299,-0.033518825,0.18623939,-0.014899152,-0.15005575,4.8,34.5,43.05,28.09258,25.552279,92724.984,741.9538,-0.9576807,5.746084,15.322891
76675011,9.792285,-0.9864111,0.07182605,0.19688165,-0.04150478,-0.160698,3.9,35.4,41.85,27.90089,25.552315,92725.08,741.9452,-0.9576807,4.7884035,8.619126
76708011,9.859323,-0.62728083,0.0047884034,0.18943208,-0.03724788,-0.16282645,3.9,30.9,46.8,27.90089,25.552204,92725.12,741.9419,-5.746084,10.534488,5.746084
76741011,9.758766,-0.45968673,-0.18195933,0.12557857,-0.014899152,-0.14260617,3.75,36,43.8,27.852966,25.552406,92725.2,741.9343,-4.7884035,0.9576807,4.7884035
76774011,9.792285,-0.46447513,-0.0047884034,0.1308997,-0.023412954,-0.10642251,5.85,35.4,43.95,27.948812,25.55257,92725.414,741.9149,-0.9576807,8.619126,3.8307228
76807011,9.68694,-0.48841715,-0.07182605,0.16708335,-0.03937633,-0.085138015,5.85,35.85,45,27.852966,25.552387,92725.08,741.9452,-8.619126,5.746084,10.534488
76840014,9.744401,-0.5315128,-0.038307227,0.17878982,-0.04150478,-0.07343154,7.05,33.75,46.35,27.90089,25.551966,92724.61,741.9873,-1.9153614,3.8307228,7.6614456
76874948,9.830592,-0.5410896,-0.19153613,0.14899153,-0.019156054,-0.05533971,5.1,35.4,43.2,27.948812,25.551802,92724.73,741.9765,-0.9576807,4.7884035,7.6614456
76909814,9.873688,-0.5363012,-0.10055647,0.15537687,-0.023412954,-0.031926755,2.1,34.65,46.5,27.948812,25.5505,92724.56,741.99164,-0.9576807,-0.9576807,4.7884035
76953042,9.792285,-0.58418524,-0.19153613,0.2160377,-0.015963377,-0.007449576,3.9,37.35,45,27.948812,25.550097,92725.15,741.9392,-3.8307228,-1.9153614,0.9576807
76986015,9.830592,-0.5506664,-0.24420857,0.20858812,0.014899152,0.019156054,3.6,37.8,45.75,27.948812,25.54643,92725.29,741.9263,-2.873042,0.9576807,9.576807
77019007,9.773131,-0.59855044,-0.23463176,0.18836786,0.036183655,0.036183655,6,33.3,48.15,27.75712,25.544123,92724.46,742.00024,-2.873042,5.746084,11.492168
77052011,9.629479,-0.6607997,-0.12449849,0.1649549,0.040440556,0.046825908,3.9,33.15,48.6,27.852966,25.54284,92725.55,741.903,-5.746084,10.534488,10.534488
77085014,9.672575,-0.6991069,-0.05267244,0.16282645,0.03299098,0.046825908,3.9,40.35,46.2,27.90089,25.542747,92725.82,741.8793,-0.9576807,6.703765,6.703765
77118007,9.706094,-0.81402856,-0.038307227,0.17134026,0.030862529,0.040440556,4.65,37.8,43.2,27.90089,25.542675,92726.17,741.84735,-1.9153614,5.746084,3.8307228
77151011,9.701305,-0.79008657,-0.17717093,0.16814758,0.027669854,0.012770702,4.8,36,46.35,27.948812,25.541904,92725.695,741.8901,-2.873042,3.8307228,5.746084
77283007,9.821015,-0.63206923,-0.16280572,0.2149735,-0.0021284504,-0.021284504,4.5,39.15,41.25,27.948812,25.543022,92725.18,741.9365,-4.7884035,6.703765,0
77316011,9.816227,-0.5602432,-0.15322891,0.26924896,-0.026605628,-0.017027603,5.55,38.25,43.05,27.613352,25.543188,92725.32,741.9235,-2.873042,6.703765,4.7884035
77349011,9.940725,-0.50278234,-0.39264908,0.28840503,-0.019156054,-0.009578027,2.7,37.5,44.55,27.948812,25.543737,92726.54,741.8144,-1.9153614,2.873042,7.6614456
77382014,9.89763,-0.5554548,-0.08140286,0.30756107,-0.012770702,0.0010642252,3.45,35.25,45.9,27.709198,25.544453,92726.65,741.8047,-2.873042,2.873042,5.746084
77415007,9.998186,-0.7326257,0.07182605,0.3341667,0.006385351,0.010642252,4.65,34.65,45.45,27.852966,25.544983,92725.71,741.889,-0.9576807,7.6614456,8.619126
77448011,10.218452,-0.91458505,0.45968673,0.36183658,0.064917736,0.0010642252,4.65,39.3,40.35,28.044659,25.5448,92725.47,741.91003,-2.873042,11.492168,14.365211
77481014,9.9790325,-1.2449849,0.91458505,0.45335993,0.12238589,-0.040440556,4.5,34.05,45.6,28.044659,25.54524,92725.836,741.8771,-9.576807,8.619126,8.619126
77514007,9.433155,-0.6464345,1.0151415,0.46719486,0.10535829,-0.04789013,5.55,35.25,45.9,27.90089,25.545296,92725.33,741.9225,-1.9153614,11.492168,12.449849
77547011,9.619903,-0.60812724,1.0247183,0.47145176,-0.030862529,-0.040440556,2.55,38.85,42.9,27.852966,25.5459,92725.516,741.90625,-2.873042,8.619126,6.703765
77580011,9.734824,-0.62249243,0.8283938,0.5448833,-0.20965236,-0.09684449,2.25,35.25,48.9,27.90089,25.546083,92725.16,741.9381,-5.746084,0.9576807,3.8307228
77613011,10.0269165,-0.6560113,0.6991069,0.59064496,-0.3128822,-0.17666137,2.1,37.35,44.7,27.75712,25.546358,92724.77,741.97217,-5.746084,12.449849,6.703765
77646014,10.223241,-0.6703765,0.3878607,0.8684077,-0.39163485,-0.26073518,6.15,39.6,41.4,27.852966,25.546413,92724.74,741.97485,-2.873042,5.746084,6.703765
77679007,9.773131,-0.41180268,0.45010993,1.2174735,-0.38312104,-0.22561572,8.1,42.75,41.4,27.613352,25.54689,92724.37,742.0089,-7.6614456,4.7884035,8.619126
77712011,9.916783,-0.521936,0.33997664,1.8592013,-0.2671205,-0.06917463,5.25,39.45,43.05,27.852966,25.546816,92723.87,742.0538,-3.8307228,6.703765,0
77745014,10.13705,0.33997664,-0.12928689,1.9762661,-0.08939491,0.064917736,7.05,40.95,42.3,27.90089,25.546907,92724.24,742.0197,-6.703765,0.9576807,11.492168
77778007,10.500969,0.12928689,-0.3878607,1.4984291,0.06385351,0.111743644,3.9,44.55,35.7,27.90089,25.547567,92724.36,742.00946,-4.7884035,9.576807,6.703765
77811010,9.787497,-0.5650316,0.1388637,0.8928849,0.29053345,0.054275483,3.75,45.15,34.8,27.613352,25.547459,92724.9,741.96136,-2.873042,-0.9576807,7.6614456
77844011,8.968679,-1.0821792,0.8571242,0.8801142,0.33097404,0.058532387,5.1,41.25,38.55,27.90089,25.547531,92724.89,741.9619,-0.9576807,6.703765,3.8307228
77877011,8.623915,-1.091756,0.7182605,1.4611812,0.21710193,0.12877125,5.1,45.75,33.15,27.948812,25.547586,92724.75,741.97437,-8.619126,8.619126,15.322891
77922966,8.992621,-0.10534488,-0.48362875,1.7602284,-0.28095543,-0.008513802,5.1,46.95,33.45,28.044659,25.548227,92724.625,741.98566,-4.7884035,4.7884035,7.6614456
77955099,10.261548,-0.320823,-1.9967642,1.2642995,-0.44165343,-0.10642251,3.75,42.45,37.35,27.75712,25.545168,92724.92,741.9592,-7.6614456,4.7884035,1.9153614
77988011,10.649409,-0.545878,-2.255338,0.7875266,-0.22242306,-0.05533971,4.8,51.3,33.3,27.948812,25.543188,92725.36,741.91974,-1.9153614,7.6614456,-3.8307228
78021011,10.668563,-1.2641385,-1.6184803,0.6576911,-0.03511943,0.10961519,6.15,48.45,31.65,27.90089,25.541685,92724.52,741.9949,-3.8307228,6.703765,11.492168
78054014,10.228029,-1.2401965,-1.4460979,0.6140579,-0.08620224,0.23519376,5.25,47.1,34.05,27.709198,25.5413,92725.36,741.91974,-4.7884035,4.7884035,7.6614456
78087014,9.56723,-1.9632454,-1.4748282,0.57681006,-0.07875266,0.23838644,2.85,49.2,28.8,27.852966,25.541153,92725.3,741.9252,-0.9576807,17.238253,0
78120007,8.99741,-2.4660277,-1.9728222,0.55126864,0,0.09258759,7.35,44.85,29.7,27.852966,25.541191,92725.14,741.93976,-1.9153614,7.6614456,3.8307228
78153011,9.260772,-1.9632454,-2.4133554,0.47570863,0.14047772,-0.03511943,4.65,48.9,30.3,27.852966,25.54152,92724.65,741.9841,-2.873042,9.576807,0
78186011,9.739613,-0.60812724,-2.5617957,0.091523364,0.3671577,-0.017027603,4.2,47.85,28.95,27.90089,25.542345,92724.836,741.9668,-3.8307228,12.449849,5.746084
78219011,9.217676,-1.5131354,-0.93373865,-0.29266194,0.4980574,0.038312107,1.35,48.45,33.9,28.044659,25.542675,92724.625,741.98566,-2.873042,6.703765,-0.9576807
78252011,9.3421755,-1.1061212,-0.91937345,-0.19156052,0.5044427,0.04789013,6.15,41.55,36.75,27.75712,25.54218,92724.31,742.0138,-0.9576807,7.6614456,5.746084
78285011,9.3661175,-0.62249243,-0.8331822,-0.26392785,0.59277344,0.020220278,7.2,47.7,33.45,28.09258,25.5424,92723.914,742.04944,-3.8307228,2.873042,9.576807
78318011,9.375694,-0.7038953,0.076614454,-0.28201967,0.567232,-0.061725058,3.6,48.45,30.9,27.948812,25.543297,92724.79,741.97107,-0.9576807,8.619126,15.322891
78351011,9.423578,-1.043872,0.8379706,-0.32884556,0.4948647,-0.15431266,6.75,50.1,33,27.852966,25.543829,92724.984,741.9538,-3.8307228,-0.9576807,5.746084
78384011,9.864111,-0.9528923,1.412579,-0.321396,0.4267543,-0.20220278,2.55,45,36.45,28.044659,25.544231,92724.69,741.97974,-1.9153614,9.576807,2.873042
78417011,10.141838,-0.9624691,1.5514427,-0.28840503,0.34055206,-0.25009292,4.8,46.65,37.35,27.948812,25.54394,92724.34,742.01105,-2.873042,6.703765,7.6614456
78450011,10.405201,-0.90979666,1.4269443,-0.10642251,0.24796446,-0.3033042,5.85,49.2,36.75,28.09258,25.544306,92724.93,741.9587,-2.873042,-0.9576807,4.7884035
78483011,10.0508585,-0.4213795,1.0965444,-0.15963377,0.24796446,-0.33097404,1.2,44.4,39.15,27.90089,25.544434,92725.195,741.9349,-2.873042,-0.9576807,7.6614456
78516011,10.237606,-0.44532153,1.3359646,-0.23412955,0.22667997,-0.29372615,6.3,45.6,39.15,28.09258,25.544819,92725.17,741.9371,1.9153614,4.7884035,7.6614456
78549011,9.9550905,-0.20111294,1.460463,-0.24477178,0.17985405,-0.27776277,8.85,44.1,39.75,27.852966,25.544966,92725.266,741.92786,-6.703765,7.6614456,7.6614456
78582011,10.160992,-0.22984336,1.6759412,-0.22561572,0.13196392,-0.26392785,5.25,51.3,36.6,27.948812,25.545368,92725.98,741.8647,-9.576807,4.7884035,8.619126
78615011,10.113108,-0.033518825,1.7764976,-0.1649549,0.07555999,-0.21071658,6.15,49.95,34.65,27.90089,25.545534,92725.47,741.91003,-5.746084,10.534488,12.449849
78648011,9.715671,-0.062249243,2.2218192,-0.11919322,0.006385351,-0.1436704,5.1,45.45,40.65,27.948812,25.545351,92725.9,741.8717,-2.873042,5.746084,13.40753
78681011,9.672575,-0.33518824,2.3558946,0.005321126,-0.13941349,-0.100037165,7.95,47.7,37.5,27.517508,25.545074,92726.33,741.8333,-0.9576807,6.703765,6.703765
78714014,9.873688,-0.9576807,2.1499932,0.15856956,-0.23412955,-0.12877125,6.3,51.3,35.1,27.709198,25.545021,92725.67,741.8922,-0.9576807,9.576807,10.534488
78747007,9.825804,-1.043872,2.1164744,0.22029461,-0.31181797,-0.17985405,7.05,52.5,34.35,27.948812,25.545404,92725.99,741.86304,-0.9576807,13.40753,9.576807
78780010,9.706094,-0.9576807,1.6663644,0.42888275,-0.4224974,-0.25222135,8.4,52.65,36,27.709198,25.545845,92725.83,741.8776,-1.9153614,7.6614456,13.40753
78813014,9.739613,-0.12449849,0.4357447,0.4012129,-0.4267543,-0.22774418,7.8,49.8,34.35,27.90089,25.546469,92726.5,741.8177,-1.9153614,-0.9576807,11.492168
78846007,9.821015,0.4213795,-0.062249243,-0.05214703,-0.35119432,-0.15324843,7.35,48.6,37.65,27.948812,25.546358,92726.3,741.83655,-6.703765,9.576807,-2.873042
78879011,9.916783,-0.29209262,0.47884035,-0.32778138,-0.32352445,-0.13196392,6.45,49.65,35.25,27.613352,25.54656,92725.914,741.87006,-1.9153614,5.746084,1.9153614
78924965,9.840169,-0.8571242,0.93852705,-0.15750532,-0.3980202,-0.1777256,6.15,51.15,31.65,27.613352,25.546999,92725.984,741.86414,-1.9153614,4.7884035,1.9153614
78957104,9.734824,0.31124622,0.36870706,-0.12451435,-0.40014866,-0.18091829,8.55,52.05,32.25,27.948812,25.543535,92726.08,741.85547,-0.9576807,3.8307228,7.6614456
78990007,9.514558,1.292869,0.019153614,-0.3033042,-0.3671577,-0.10961519,7.35,52.8,31.2,27.852966,25.541208,92725.766,741.8841,-6.703765,1.9153614,4.7884035
79023011,9.375694,1.4413095,-0.21547815,-0.38737795,-0.32884556,-0.021284504,7.05,51.75,31.2,27.517508,25.540953,92726,741.8625,-2.873042,2.873042,15.322891
79056014,9.471462,1.7812861,-0.50278234,-0.5406264,-0.28521234,0.081945345,6.9,53.4,29.55,28.044659,25.541044,92726.1,741.8539,-2.873042,-8.619126,7.6614456
79089007,9.241618,1.3742718,-0.51235914,-0.6800399,-0.2320011,0.203267,8.1,50.55,33.3,27.613352,25.539633,92725.56,741.9019,-7.6614456,2.873042,8.619126
79122011,9.313444,0.82360536,-0.6655881,-0.6747188,-0.17559716,0.25541404,6.45,48,36.45,27.613352,25.540054,92725.19,741.9354,0.9576807,6.703765,1.9153614
79155011,9.595961,0.6703765,-0.8571242,-0.63214976,-0.08939491,0.321396,8.4,50.4,33.9,27.852966,25.541098,92725.8,741.88086,-0.9576807,7.6614456,3.8307228
79188011,9.825804,0.61291564,-1.0869676,-0.6353424,-0.008513802,0.3373594,6.75,48.6,31.2,27.852966,25.540861,92725.445,741.91223,-4.7884035,5.746084,0
79221014,9.892841,0.20111294,-0.9672575,-0.6513058,0.031926755,0.33629516,5.4,49.95,31.65,27.517508,25.540823,92725.65,741.89435,-7.6614456,5.746084,0.9576807
79254014,9.849746,-0.16759412,-0.5315128,-0.62150747,0.034055207,0.28946924,9.75,48.45,36.75,27.90089,25.540953,92725.984,741.86414,-5.746084,3.8307228,12.449849
79287007,9.911995,-0.4309563,-0.59376204,-0.5406264,0.04789013,0.24370757,6.3,48.3,36.6,27.948812,25.54075,92725.01,741.95166,-2.873042,6.703765,7.6614456
79320011,9.931149,-0.4213795,-0.6751649,-0.50018585,0.093651816,0.15431266,6.9,49.65,34.95,28.044659,25.54044,92725.11,741.94244,-7.6614456,6.703765,7.6614456
79353014,10.084377,-0.37349546,-0.545878,-0.534241,0.11600055,0.10961519,2.55,44.25,38.25,27.90089,25.540953,92725.2,741.9343,-11.492168,2.873042,7.6614456
79386014,9.801862,-0.24899697,-0.12928689,-0.50550693,0.07768843,0.07555999,7.65,47.25,39.6,27.90089,25.540604,92724.98,741.95435,-2.873042,-0.9576807,5.746084
79419007,9.682152,-0.11492168,-0.12449849,-0.48102978,0.042569008,0.044697456,4.8,48.3,36.6,27.75712,25.541227,92725.14,741.93976,-7.6614456,4.7884035,5.746084
79452011,9.801862,-0.090979666,-0.038307227,-0.4618737,0.029798305,0.015963377,4.5,40.95,41.55,27.948812,25.541685,92724.97,741.9549,1.9153614,2.873042,14.365211
79485014,9.734824,-0.076614454,-0.095768064,-0.34480897,0.007449576,0.0021284504,5.55,47.55,34.8,28.09258,25.54218,92724.87,741.96405,1.9153614,1.9153614,5.746084
79518007,9.830592,0.0047884034,-0.23463176,-0.26924896,0.008513802,-0.010642252,4.5,46.65,35.1,27.90089,25.542253,92725.61,741.89764,-7.6614456,5.746084,5.746084
79551011,9.9790325,0.110133275,-0.24899697,-0.23412955,-0.009578027,-0.012770702,4.5,43.65,40.5,27.90089,25.542162,92725.69,741.8906,-1.9153614,4.7884035,4.7884035
79584011,9.830592,0.21068975,-0.272939,-0.20858812,-0.046825908,0.03511943,5.1,45,39.3,28.044659,25.541796,92725.836,741.8771,-1.9153614,1.9153614,11.492168
79617011,9.749189,0.12449849,-0.35913026,-0.1990101,-0.07236731,0.07236731,3.15,45.75,38.55,27.852966,25.541245,92725.734,741.88684,-2.873042,1.9153614,12.449849
79650011,9.763555,0.14844051,-0.34476504,-0.27882698,-0.085138015,0.108550966,4.5,42.9,40.95,27.75712,25.541557,92725.52,741.9052,-5.746084,5.746084,0
79683014,9.950302,-0.18195933,-0.19632454,-0.37035036,-0.111743644,0.12132167,7.05,42.15,38.7,27.948812,25.540604,92725.4,741.9165,-6.703765,-0.9576807,0.9576807
79716007,9.859323,-0.37349546,-0.16759412,-0.5608467,-0.1819825,0.12557857,7.8,45.9,37.95,28.044659,25.540934,92725.1,741.943,-0.9576807,3.8307228,3.8307228
79749010,9.773131,-0.39743748,-0.4213795,-0.77049905,-0.25860673,0.13196392,3.15,41.25,40.65,27.75712,25.541466,92725.086,741.94464,-1.9153614,5.746084,5.746084
79782011,9.706094,-0.5410896,-0.7278373,-0.9833441,-0.30223995,0.14686307,6.75,40.65,42.75,28.044659,25.542015,92724.82,741.96783,-0.9576807,8.619126,7.6614456
79815011,9.696517,-0.50757074,-1.3072342,-1.3089969,-0.25541404,0.17027603,6.9,41.55,39.3,28.09258,25.542418,92724.9,741.96136,-2.873042,8.619126,5.746084
79848014,9.548077,-0.842759,-1.4508862,-1.4420252,-0.16814758,0.18836786,4.8,42.9,39.45,27.613352,25.542875,92724.71,741.9776,-9.576807,9.576807,4.7884035
79881007,9.734824,-1.3024458,-1.5993267,-1.4771445,-0.03299098,0.18623939,3.9,35.85,43.95,27.948812,25.542492,92723.83,742.057,-7.6614456,8.619126,2.873042
79926962,9.77792,-1.3503298,-1.3599066,-1.4356397,0.048954356,0.1351566,4.65,39.3,37.8,28.044659,25.543224,92724.11,742.0316,-4.7884035,-0.9576807,9.576807
79959099,9.313444,-1.2880806,-0.89064306,-1.3026116,0.010642252,0.14047772,4.65,39.3,38.85,27.90089,25.539816,92724.48,741.9992,-0.9576807,2.873042,5.746084
79992011,9.361329,-1.3838485,-0.6607997,-1.1546843,-0.076624215,0.13622083,0.6,37.35,43.65,27.75712,25.537542,92724.95,741.9565,-0.9576807,2.873042,-1.9153614
80025011,9.495404,-1.2306197,-0.7565677,-0.84818745,-0.160698,0.15431266,4.2,39.15,40.5,27.852966,25.536718,92725.22,741.93274,-2.873042,-0.9576807,5.746084
80058011,9.56723,-0.866701,-1.2210429,-0.5384979,-0.22135884,0.21816616,3,36.75,40.5,27.613352,25.53714,92724.63,741.98517,-1.9153614,10.534488,3.8307228
80091011,9.907207,-0.6799533,-1.9009962,-0.5321126,-0.27457008,0.22029461,6,35.25,44.1,27.56543,25.537598,92724.65,741.9841,-6.703765,9.576807,4.7884035
80124011,9.80665,-0.7278373,-2.0638018,-0.57787424,-0.37247878,0.13622083,2.7,38.25,40.5,28.044659,25.538074,92725.13,741.9403,-1.9153614,2.873042,6.703765
80157014,9.557653,-0.5363012,-1.9536686,-0.55126864,-0.43633232,0.10322984,2.25,31.8,43.05,28.044659,25.538149,92724.71,741.9776,-0.9576807,3.8307228,16.280571
80190007,9.821015,-0.12449849,-2.456451,-0.6247001,-0.41717625,0.12557857,1.95,37.5,40.2,27.709198,25.538496,92724.445,742.0019,-1.9153614,9.576807,4.7884035
80223011,10.204087,-0.19153613,-2.6910827,-0.9727018,-0.25115713,0.12451435,2.25,35.25,38.7,27.852966,25.539797,92724.63,741.98517,-2.873042,2.873042,0
80256011,10.251971,-0.2873042,-2.4229321,-1.1355282,-0.07236731,0.036183655,3.9,28.95,44.7,28.044659,25.540163,92724.34,742.01105,-8.619126,5.746084,0.9576807
80289011,9.227253,-0.1340753,-1.8818425,-1.2611067,0.09578026,0.0021284504,0.45,33,40.95,27.852966,25.540897,92724.95,741.9565,-1.9153614,3.8307228,6.703765
80322014,8.935161,-0.58418524,-1.0726024,-1.1929964,0.076624215,0.015963377,5.25,34.05,1.05,27.948812,25.5413,92725.234,741.93164,-3.8307228,1.9153614,11.492168
80355007,9.270349,-0.56982,-1.067814,-0.8758573,-0.008513802,-0.0021284504,3.75,26.55,45.6,27.90089,25.54174,92725.04,741.9489,-3.8307228,3.8307228,0.9576807
80388011,9.80665,-0.45010993,-1.412579,-0.67684716,-0.010642252,-0.004256901,3.45,33,38.4,27.90089,25.542362,92724.96,741.95544,-4.7884035,7.6614456,11.492168
80421011,9.907207,-0.17717093,-1.6519991,-0.5278557,0.008513802,0.045761682,5.55,28.35,44.55,27.948812,25.542692,92724.29,742.0154,-2.873042,3.8307228,7.6614456
80454011,9.916783,-0.076614454,-2.078167,-0.4182405,0.045761682,0.16282645,1.8,32.85,46.2,27.948812,25.54293,92724.5,741.997,-5.746084,6.703765,4.7884035
80487014,9.835381,0.11492168,-2.3894134,-0.43739656,0.05108281,0.19049631,2.55,28.95,42.15,27.948812,25.542822,92724.46,742.00024,-0.9576807,14.365211,2.873042
80520007,9.873688,0.22505496,-2.4851813,-0.5789385,0.07236731,0.14473462,2.55,32.85,41.1,27.517508,25.543169,92724.664,741.9824,-5.746084,4.7884035,5.746084
80553011,9.715671,0.21547815,-2.4181437,-0.69600326,0.14579885,0.08939491,3.75,29.85,39.45,27.709198,25.54359,92724.56,741.99164,-4.7884035,8.619126,7.6614456
80586011,9.251195,0.16759412,-1.9680338,-0.74495757,0.21390925,0.046825908,2.1,28.65,39.6,28.044659,25.54361,92724.13,742.0294,-0.9576807,5.746084,1.9153614
80619014,9.284714,0.04309563,-1.6280571,-0.70238864,0.2915977,0.03299098,1.8,31.2,41.1,27.948812,25.543756,92724.13,742.0294,-6.703765,6.703765,4.7884035
80652007,9.390059,0.21547815,-1.5035586,-0.6970675,0.3341667,0.044697456,1.2,28.05,39.15,28.044659,25.543444,92725.195,741.9349,1.9153614,5.746084,6.703765
80685010,9.370906,0.1436521,-1.3694834,-0.6513058,0.31926754,0.054275483,2.7,24.9,45.9,28.09258,25.543205,92724.4,742.0062,-5.746084,2.873042,13.40753
80718011,9.524135,0.0047884034,-1.1492168,-0.5800027,0.2330653,0.026605628,1.95,26.55,40.95,27.852966,25.543903,92724.57,741.99054,-5.746084,3.8307228,5.746084
80751011,9.931149,-0.2873042,-1.1061212,-0.49699315,0.09258759,0.011706477,1.35,24.75,45,27.852966,25.543995,92724.9,741.96136,-9.576807,5.746084,8.619126
80784014,10.457873,-0.20111294,-1.7908629,-0.52466303,0.031926755,-0.046825908,1.95,24.15,44.55,27.90089,25.544342,92724.62,741.98676,-5.746084,6.703765,0
80817007,10.682928,-0.062249243,-1.9201498,-0.76943475,0.12877125,-0.08726646,0.15,22.65,43.35,27.613352,25.543884,92724.41,742.0051,-5.746084,8.619126,1.9153614
80850011,9.734824,0.19632454,-1.388637,-0.99079365,0.2958546,-0.07449576,3,23.85,42,28.09258,25.544123,92724.95,741.9565,-0.9576807,-1.9153614,6.703765
80883011,9.078813,0.1340753,-0.90021986,-1.1238217,0.3341667,-0.004256901,3.45,28.8,43.8,27.90089,25.545021,92724.79,741.97107,-3.8307228,5.746084,3.8307228
80928966,9.083601,-0.05267244,-0.521936,-1.3334742,0.30223995,0.10642251,3.6,25.2,41.1,27.948812,25.544983,92724.23,742.02136,-2.873042,2.873042,4.7884035
80961105,9.030929,-0.11492168,-0.4357447,-1.4845941,0.24477178,0.1436704,4.5,23.1,40.95,27.56543,25.541428,92724.484,741.9981,-0.9576807,-0.9576807,7.6614456
80994007,9.323022,-0.320823,-0.51714754,-1.7165952,0.13302815,0.12132167,2.85,19.05,43.95,27.613352,25.53978,92724.45,742.00134,-0.9576807,8.619126,10.534488
81027010,9.974244,-0.6799533,-0.7565677,-1.7964121,0.06704619,0.068110414,2.55,20.1,39.3,28.044659,25.538551,92725.02,741.95,-6.703765,8.619126,15.322891
81060014,10.338163,-0.79008657,-0.7182605,-1.8464307,0.03511943,-0.027669854,4.8,16.2,44.55,27.852966,25.538368,92725.17,741.9371,-1.9153614,3.8307228,4.7884035
81093007,10.395624,-0.7757214,-0.7469909,-1.8059901,0.060660835,-0.12451435,2.7,19.95,42,27.90089,25.538515,92725.35,741.9203,-8.619126,9.576807,11.492168
81126010,10.0987425,-0.8714894,-0.320823,-1.5835671,0.060660835,-0.13728504,4.65,19.35,38.25,27.90089,25.538918,92724.97,741.9549,-0.9576807,6.703765,6.703765
81159011,9.662998,-0.80924016,0.14844051,-0.98866516,-0.05640393,-0.05214703,4.5,16.95,39.15,27.90089,25.539669,92724.63,741.98517,-3.8307228,4.7884035,11.492168
81258014,9.859323,0.60333884,-0.7230489,-0.03937633,-0.10216562,0.14579885,6.75,19.2,38.4,27.90089,25.54196,92724.68,741.9803,-2.873042,-1.9153614,4.7884035
81291007,9.706094,0.5506664,-0.7134721,0.004256901,-0.06598196,0.17453292,3.6,14.85,38.25,27.852966,25.542088,92724.734,741.97595,-4.7884035,10.534488,3.8307228
81324010,9.854534,0.33518824,-0.6655881,0.18623939,-0.025541404,0.18091829,4.8,10.5,45.15,27.852966,25.542326,92725.1,741.943,-1.9153614,-0.9576807,9.576807
81357011,9.864111,0.1436521,-0.81402856,0.32033178,-0.019156054,0.13302815,3.45,16.2,38.7,27.852966,25.542362,92724.32,742.0127,-2.873042,4.7884035,2.873042
81390014,9.677363,0.22026655,-0.8475474,0.52147037,-0.03299098,0.10322984,4.5,15,38.4,27.90089,25.542547,92724.8,741.97003,-4.7884035,7.6614456,7.6614456
81423007,9.524135,0.05746084,-0.80445176,0.87160045,-0.050018582,0.11387209,4.5,18,37.95,27.90089,25.542969,92724.625,741.98566,-7.6614456,-0.9576807,0.9576807
81456011,9.672575,-0.45489833,-1.0582372,1.1983175,-0.023412954,0.120257445,5.25,18.45,39.75,28.09258,25.543573,92724.86,741.9646,-1.9153614,7.6614456,3.8307228
81489014,9.998186,-0.770933,-1.2593501,1.5601541,0.08620224,0.10961519,5.85,18.3,39.6,27.90089,25.544031,92724.89,741.9619,-1.9153614,10.534488,2.873042
81522007,9.5385,-0.20590134,-1.3024458,1.9230549,0.26392785,0.038312107,7.65,15.9,43.65,27.948812,25.543793,92725.945,741.8674,4.7884035,7.6614456,4.7884035
81555010,9.9550905,-0.8379706,-1.2449849,1.9283761,0.17878982,0.050018582,4.2,18.9,41.25,27.90089,25.54361,92725.57,741.9014,-5.746084,3.8307228,6.703765
81588014,9.868899,-0.7182605,-1.4030021,2.0305417,0.22667997,-0.08088111,2.25,18.9,44.85,27.56543,25.542894,92724.586,741.98944,-2.873042,10.534488,6.703765
81621007,9.557653,-0.545878,-1.2162545,2.0848172,0.2671205,-0.16814758,5.1,21.3,42.9,28.09258,25.542198,92724.53,741.9943,-0.9576807,10.534488,4.7884035
81654010,9.519346,-0.16280572,-0.91458505,2.0262847,0.17878982,-0.1564411,2.25,20.7,44.55,28.044659,25.542126,92724.6,741.98785,-4.7884035,9.576807,1.9153614
81687011,9.615114,0.15801731,-0.9720459,1.9485964,0.18517518,-0.17666137,5.4,27.45,46.2,27.56543,25.541924,92724.9,741.96136,-4.7884035,3.8307228,10.534488
81720014,9.634268,0.2681506,-1.1109096,1.7783202,0.18730363,-0.13834926,3.9,27.45,43.2,27.852966,25.541483,92724.484,741.9981,-1.9153614,5.746084,9.576807
81753007,9.696517,0.2825158,-1.0247183,1.5676037,0.20220278,-0.09897295,2.85,25.5,46.5,27.948812,25.541283,92724.49,741.99756,-2.873042,4.7884035,1.9153614
81786010,10.1226845,0.4405331,-0.81881696,1.3260245,0.22774418,-0.045761682,6.3,28.05,48.9,27.709198,25.540567,92724.23,742.02136,-1.9153614,3.8307228,11.492168
81819014,9.840169,0.29209262,-0.60812724,0.97483027,0.19156052,-0.020220278,4.5,30.75,43.8,28.044659,25.53943,92724.625,741.98566,-4.7884035,4.7884035,7.6614456
81852007,9.797073,0.06703765,-0.5267244,0.74921453,0.13728504,-0.005321126,4.2,27.6,51.3,27.75712,25.538277,92725.29,741.9263,-5.746084,1.9153614,9.576807
81885011,9.878476,0.0047884034,-0.2873042,0.48954356,0.12451435,0.024477178,3.9,32.4,47.55,27.90089,25.536846,92725.086,741.94464,-2.873042,3.8307228,3.8307228
81930965,10.036493,-0.1340753,-0.04309563,0.28095543,0.15431266,0.05108281,5.55,33,44.85,27.852966,25.536205,92724.88,741.96246,-1.9153614,-0.9576807,4.7884035
81963099,9.931149,-0.21068975,0.095768064,0.04789013,0.12770702,0.07555999,4.8,31.5,46.35,27.852966,25.533072,92725.31,741.9241,-3.8307228,-0.9576807,3.8307228
81996014,9.888053,-0.49799395,0.33518824,-0.11600055,0.06917463,0.08407379,4.8,33.3,44.1,28.044659,25.530304,92725.4,741.9165,-3.8307228,12.449849,16.280571
82029007,9.916783,-0.36391866,0.08619126,-0.38312104,0.005321126,0.07768843,5.1,32.85,43.2,27.613352,25.528948,92725.47,741.91003,-1.9153614,2.873042,11.492168
82062009,9.792285,-0.641646,0.05267244,-0.77901286,-0.091523364,0.030862529,6,32.55,47.4,27.852966,25.528948,92725.02,741.95,-4.7884035,1.9153614,8.619126
82096499,9.821015,-0.20111294,-0.33518824,-1.0344269,-0.13409238,0.015963377,6,31.05,44.55,27.852966,25.528088,92724.79,741.97107,-3.8307228,2.873042,7.6614456
82129014,9.964667,-0.11492168,-0.641646,-1.5090714,-0.15537687,-0.0021284504,4.2,30.75,44.1,28.044659,25.527866,92725,741.9522,-2.873042,2.873042,4.7884035
82162007,9.916783,0.062249243,-0.93852705,-1.8985777,-0.15963377,-0.022348728,6.3,28.05,45.6,28.09258,25.52816,92724.97,741.9549,0,5.746084,2.873042
82195011,9.849746,-0.22505496,-0.8475474,-2.301919,-0.16389069,-0.060660835,3.9,26.25,44.25,27.90089,25.528948,92724.93,741.9587,-4.7884035,10.534488,15.322891
82228014,9.821015,-0.20590134,-0.8523358,-2.4562316,-0.15005575,-0.08939491,6,25.35,44.1,27.90089,25.528967,92724.04,742.0381,-0.9576807,5.746084,9.576807
82261007,9.835381,-0.2633622,-0.90979666,-2.5892599,-0.15537687,-0.12770702,4.65,24.75,42.15,27.90089,25.529993,92724.32,742.0127,-4.7884035,5.746084,0.9576807
82294011,9.80665,-0.36391866,-0.7038953,-2.6254435,-0.15218419,-0.13302815,5.4,22.8,44.25,27.90089,25.53047,92725.05,741.9479,-4.7884035,3.8307228,6.703765
82327014,9.691729,-0.22984336,-0.8379706,-2.6062875,-0.1351566,-0.10429406,5.1,21,41.85,27.948812,25.531275,92724.68,741.9803,-0.9576807,5.746084,0
82360007,9.433155,-0.047884032,-0.89543146,-2.5254064,-0.15005575,-0.07875266,4.65,18.6,40.05,27.709198,25.532026,92725.01,741.95166,-0.9576807,2.873042,3.8307228
82393010,9.595961,0.18195933,-1.1827357,-2.529663,-0.11280786,-0.022348728,4.5,18.45,39.45,28.044659,25.532156,92724.3,742.01483,-5.746084,6.703765,3.8307228
82426014,9.524135,0.0047884034,-1.067814,-2.5094428,-0.07343154,0.010642252,5.1,17.1,37.05,28.044659,25.53298,92724.06,742.03644,-5.746084,2.873042,0.9576807
82459014,9.586384,-0.10534488,-1.0055647,-2.3828003,-0.048954356,0.045761682,5.1,14.85,36,27.613352,25.533731,92724.65,741.9841,-0.9576807,4.7884035,2.873042
82492007,9.701305,-0.24899697,-0.6703765,-2.2423224,-0.045761682,0.085138015,4.5,12.75,39.45,27.948812,25.534317,92724.65,741.9841,-5.746084,9.576807,7.6614456
82525011,9.821015,-0.29688102,-0.6464345,-1.9411467,-0.040440556,0.08407379,5.55,12,35.85,28.044659,25.53518,92725.04,741.9489,-6.703765,5.746084,4.7884035
82558011,9.77792,-0.35434186,-0.17238252,-1.6676408,-0.08620224,0.10429406,7.35,8.55,37.65,27.613352,25.535252,92724.48,741.9992,-4.7884035,10.534488,12.449849
82591011,9.89763,-0.20590134,-0.36391866,-1.3930708,-0.07236731,0.13196392,2.7,9.3,37.65,27.948812,25.535875,92724.766,741.9727,-4.7884035,-0.9576807,3.8307228
82624011,9.691729,0.06703765,-0.62249243,-1.2557856,-0.068110414,0.13941349,7.65,10.2,30.6,27.948812,25.536499,92725.3,741.9252,-0.9576807,7.6614456,4.7884035
82657011,9.639056,0.29688102,-0.5267244,-1.2121524,-0.060660835,0.14473462,1.95,8.85,33.6,27.852966,25.536535,92725.61,741.89764,-8.619126,2.873042,13.40753
82690014,9.749189,0.10055647,-0.58418524,-1.1802257,-0.04363323,0.1436704,3.6,11.7,32.4,27.852966,25.536993,92725.94,741.8679,-2.873042,12.449849,9.576807
82723007,9.730036,-0.1436521,-0.39264908,-1.1280787,-0.045761682,0.11812899,5.4,7.2,29.85,27.90089,25.537048,92725.67,741.8922,2.873042,7.6614456,10.534488
82756011,9.691729,-0.10534488,-0.2777274,-0.93971086,-0.064917736,0.12770702,5.55,5.1,32.55,28.09258,25.537231,92725.08,741.9452,-0.9576807,8.619126,5.746084
82789011,9.725247,-0.090979666,-0.4405331,-0.8205176,-0.10110139,0.12983547,2.55,6.75,30.9,27.852966,25.537378,92724.93,741.9587,-0.9576807,2.873042,6.703765
82822011,9.720459,-0.08140286,-0.5554548,-0.7204804,-0.13409238,0.14047772,7.2,6.45,27.3,27.852966,25.537764,92724.875,741.963,-3.8307228,7.6614456,0.9576807
82855014,9.753978,-0.033518825,-0.6991069,-0.6576911,-0.1436704,0.14899153,7.35,7.05,26.4,27.852966,25.537928,92725.24,741.9306,-4.7884035,13.40753,18.195932
82888007,9.835381,-0.21068975,-0.9911995,-0.6598196,-0.15856956,0.13196392,7.95,8.4,24.9,27.852966,25.538185,92724.81,741.96893,-0.9576807,7.6614456,5.746084
82933976,9.993398,-0.090979666,-1.0582372,-0.642792,-0.17559716,0.07023886,6.3,6.3,23.55,27.90089,25.538074,92724.586,741.98944,0.9576807,11.492168,4.7884035
82966113,9.921572,-0.08619126,-1.1204864,-0.61937904,-0.16708335,0.038312107,7.05,6.6,21,28.140503,25.535215,92724.516,741.9954,-1.9153614,4.7884035,3.8307228
82999015,9.873688,-0.10055647,-1.2593501,-0.58425957,-0.1436704,0.005321126,8.1,6.3,23.25,27.948812,25.53234,92724.9,741.96136,-5.746084,4.7884035,5.746084
83032007,9.883265,-0.10534488,-1.2737153,-0.55765396,-0.10429406,-0.0031926755,6.9,6.75,20.55,28.09258,25.5321,92723.86,742.0543,-0.9576807,9.576807,6.703765
83065011,9.77792,-0.04309563,-1.3072342,-0.5278557,-0.06278928,-0.0021284504,7.8,5.4,22.8,27.709198,25.531752,92723.47,742.0894,-1.9153614,4.7884035,1.9153614
83098011,9.677363,-0.0047884034,-1.292869,-0.5044427,0,0.022348728,8.1,8.1,19.65,27.948812,25.531807,92723.4,742.09534,-1.9153614,7.6614456,6.703765
83131011,9.720459,0.023942016,-1.3455414,-0.50231427,0.03724788,0.020220278,8.85,5.85,19.95,28.09258,25.53168,92724.04,742.0381,-5.746084,8.619126,3.8307228
83164014,9.682152,0.019153614,-1.2976574,-0.4863509,0.05214703,0.008513802,7.35,7.35,19.95,27.948812,25.532045,92724.76,741.9738,-1.9153614,5.746084,3.8307228
83197007,9.672575,0.095768064,-1.1252748,-0.4182405,0.054275483,-0.005321126,6.3,6.6,18.9,27.852966,25.532448,92724.46,742.00024,-0.9576807,5.746084,0.9576807
83230011,9.65821,0.23942018,-1.0582372,-0.33629516,0.06917463,0.017027603,6.15,7.2,20.55,27.852966,25.5332,92725.055,741.9473,-1.9153614,2.873042,15.322891
83263014,9.595961,0.31603462,-0.8619126,-0.27457008,0.07023886,0.040440556,6.75,6.6,19.65,27.852966,25.533915,92725.54,741.9041,-0.9576807,5.746084,9.576807
83296007,9.682152,0.46926352,-0.8283938,-0.21071658,0.07768843,0.071303084,7.95,6,18.75,27.852966,25.53386,92724.76,741.9738,-1.9153614,3.8307228,0
83329011,9.768343,0.4165911,-0.8571242,-0.1979459,0.09258759,0.085138015,6.3,5.85,18.45,27.75712,25.534391,92724.875,741.963,0.9576807,-0.9576807,8.619126
83362011,9.849746,0.23942018,-0.8619126,-0.16708335,0.11600055,0.07343154,7.35,6.3,19.95,27.948812,25.53452,92725.05,741.9479,-1.9153614,4.7884035,14.365211
83395014,9.715671,0.12928689,-0.7422025,-0.11067942,0.12557857,0.048954356,3.75,3.9,22.8,27.852966,25.53562,92725.69,741.8906,1.9153614,0.9576807,15.322891
83428007,9.667787,0.12928689,-0.7565677,-0.040440556,0.114936315,0.03511943,7.95,6.75,20.55,27.75712,25.535728,92726.16,741.849,-6.703765,0,7.6614456
83461011,9.720459,0.17717093,-0.7613561,0.015963377,0.09790871,0.03511943,9.45,-0.75,25.5,27.852966,25.536242,92726.31,741.83496,-0.9576807,7.6614456,11.492168
83494011,9.763555,0.19632454,-0.78529817,0.04363323,0.10110139,0.029798305,8.1,5.1,23.25,27.852966,25.536627,92726,741.8625,-1.9153614,1.9153614,6.703765
83527014,9.864111,0.17717093,-0.8619126,0.050018582,0.10748675,0.031926755,7.65,6.45,18.3,27.75712,25.53648,92724.93,741.9587,-2.873042,8.619126,6.703765
83560007,9.888053,0.02873042,-0.82360536,0.09684449,0.117064774,0.024477178,7.8,3.6,25.05,27.948812,25.53725,92724.914,741.9598,2.873042,2.873042,16.280571
83593010,9.883265,-0.10534488,-0.7565677,0.17559716,0.1308997,0.006385351,5.25,5.85,21.45,28.044659,25.537085,92724.88,741.96246,2.873042,4.7884035,0.9576807
83626014,9.92636,-0.16280572,-0.6368576,0.26392785,0.13196392,-0.011706477,6.45,6,19.8,27.613352,25.537268,92725.21,741.9333,-3.8307228,7.6614456,6.703765
83659007,9.825804,-0.16759412,-0.56982,0.37673572,0.12451435,-0.017027603,9,2.55,27,27.948812,25.536663,92725.3,741.9252,-3.8307228,-0.9576807,8.619126
83692011,9.773131,0.12928689,-0.6895301,0.38631374,0.12770702,-0.022348728,8.1,6.3,18.45,27.613352,25.536793,92725.49,741.9079,-3.8307228,5.746084,16.280571
83725011,9.77792,0.04309563,-0.5793968,0.34693742,0.11067942,-0.050018582,8.4,9.15,21.15,28.044659,25.536463,92724.97,741.9549,-3.8307228,5.746084,5.746084
83758011,9.844957,0.11492168,-0.50757074,0.33842358,0.08726646,-0.079816885,11.1,3.6,27.6,27.852966,25.537085,92724.9,741.96136,-6.703765,9.576807,5.746084
83791014,9.801862,0.12449849,-0.48362875,0.3597081,0.046825908,-0.085138015,7.2,4.2,24.45,28.044659,25.536682,92724.66,741.983,-1.9153614,5.746084,7.6614456
83824007,9.916783,0.110133275,-0.61291564,0.40440556,0.05640393,-0.07023886,10.05,4.65,25.35,27.948812,25.53681,92724.58,741.99,0.9576807,8.619126,4.7884035
83857010,9.950302,0.10055647,-0.48841715,0.4682591,0.061725058,-0.061725058,6,7.35,23.55,27.90089,25.537636,92724.68,741.9803,-1.9153614,7.6614456,1.9153614
83890011,9.883265,0.05746084,-0.36391866,0.64066356,0.08620224,-0.042569008,7.35,7.35,23.55,27.90089,25.537085,92724.35,742.01,2.873042,7.6614456,12.449849
83935965,9.56723,0.15801731,-0.2777274,0.8588297,0.054275483,-0.03511943,5.4,7.2,24.15,27.90089,25.537268,92725.1,741.943,-0.9576807,-0.9576807,9.576807
83968099,9.634268,0.04309563,-0.16759412,1.068482,-0.024477178,0,7.2,8.4,24.45,27.948812,25.53461,92725.64,741.8949,-1.9153614,-0.9576807,12.449849
84001011,9.835381,-0.15801731,-0.15801731,1.1770331,-0.09897295,0.024477178,7.05,7.8,26.1,27.90089,25.532907,92725.375,741.9187,-2.873042,2.873042,4.7884035
84034014,9.9550905,0.05267244,-0.59855044,1.3207034,-0.12877125,0.07023886,5.25,5.85,26.1,27.852966,25.532522,92726.11,741.8528,-4.7884035,13.40753,10.534488
84067007,9.888053,-0.047884032,-0.6847417,1.3121897,-0.1649549,0.088330686,5.25,8.55,27.6,28.044659,25.532082,92725.6,741.89813,-3.8307228,-0.9576807,2.873042
84100011,9.92636,-0.17717093,-0.90979666,1.3068686,-0.16282645,0.09258759,5.25,8.55,27.6,28.09258,25.53234,92725.06,741.9468,-5.746084,10.534488,2.873042
84133011,9.888053,-0.272939,-1.115698,1.1429778,-0.160698,0.03299098,6.15,7.95,27.75,27.948812,25.532816,92725.44,741.9127,-3.8307228,6.703765,4.7884035
84166011,9.907207,-0.61770403,-0.94810385,1.1121153,-0.14473462,-0.019156054,6.3,8.55,29.4,28.044659,25.532448,92725.13,741.9403,-1.9153614,7.6614456,9.576807
84232007,9.672575,-0.25857377,-1.067814,1.1227576,-0.10429406,-0.061725058,6.75,9.3,30,28.044659,25.53364,92724.92,741.9592,-4.7884035,7.6614456,8.619126
84265011,9.653421,-0.11971009,-1.067814,1.0940235,-0.08088111,-0.05640393,6.75,10.5,31.2,27.948812,25.534098,92724.96,741.95544,-3.8307228,-0.9576807,9.576807
84298011,9.600749,-0.2825158,-0.92895025,1.0738032,-0.12557857,-0.060660835,6.45,8.4,34.95,27.613352,25.534575,92725.03,741.94946,-3.8307228,-0.9576807,1.9153614
84331014,9.562442,-0.019153614,-1.1923125,1.0801885,-0.14899153,-0.046825908,5.4,11.7,33.9,27.948812,25.535673,92725.25,741.9295,0,5.746084,8.619126
84364014,9.562442,0.12928689,-1.4413095,0.95567423,-0.1308997,0.007449576,5.85,8.4,34.2,28.044659,25.535765,92725.53,741.90466,-0.9576807,6.703765,4.7884035
84397007,9.653421,0.33997664,-1.6424223,0.7673064,-0.08407379,0.05533971,5.1,14.1,34.95,27.75712,25.536718,92725.945,741.8674,-0.9576807,8.619126,6.703765
84430011,9.624691,0.2825158,-1.6998832,0.5363695,-0.042569008,0.088330686,6,12.3,33.3,27.75712,25.537415,92725.086,741.94464,-4.7884035,2.873042,-2.873042
84463011,9.634268,0.12449849,-1.6328455,0.22987263,-0.031926755,0.10748675,4.35,9.45,37.05,27.948812,25.5378,92724.85,741.96515,-4.7884035,4.7884035,3.8307228
84496011,9.56723,-0.038307227,-1.541866,-0.005321126,-0.027669854,0.12770702,6.15,12.15,33.45,27.75712,25.537947,92725.22,741.93274,-0.9576807,6.703765,4.7884035
84529011,9.591172,0.047884032,-1.412579,-0.37886417,-0.03299098,0.15111998,5.1,12.6,32.7,28.044659,25.53791,92725.03,741.94946,-5.746084,-0.9576807,3.8307228
84562014,9.595961,0.01436521,-1.283292,-0.63427824,-0.071303084,0.21710193,5.55,12,32.55,28.044659,25.538313,92726.14,741.8501,-3.8307228,8.619126,5.746084
84595014,9.490616,-0.20590134,-1.0582372,-0.85670125,-0.20858812,0.2915977,4.2,13.05,33,27.90089,25.53877,92725.56,741.9019,-3.8307228,2.873042,9.576807
84628007,9.586384,-0.8571242,-1.3024458,-0.88543534,-0.29798305,0.32671714,5.55,8.85,30.75,27.852966,25.539267,92725.016,741.95056,-3.8307228,-0.9576807,3.8307228
84661010,9.619903,-1.1348516,-2.0207062,-0.87160045,-0.3033042,0.34693742,6.9,10.2,30.3,27.852966,25.538898,92724.44,742.00244,-3.8307228,3.8307228,11.492168
84694011,9.758766,-1.6567876,-2.4851813,-0.81626076,-0.20752391,0.3011757,7.05,9.3,28.65,28.044659,25.539064,92725.71,741.889,-0.9576807,13.40753,7.6614456
84727011,9.514558,-1.3551182,-1.4173675,-0.675783,-0.25009292,0.27563432,5.4,8.4,29.55,27.90089,25.53932,92725.664,741.89276,-1.9153614,8.619126,5.746084
84760011,9.68694,-1.3838485,-1.3599066,-0.40334132,-0.38099262,0.2958546,7.35,6.6,27.6,27.90089,25.539669,92725.96,741.8663,-4.7884035,8.619126,4.7884035
84793014,10.0508585,-1.2018893,-2.1930888,-0.25860673,-0.42569005,0.28201967,6.75,8.1,25.8,27.948812,25.539797,92725.57,741.9014,-5.746084,8.619126,6.703765
84826014,9.983821,-0.9911995,-2.2697031,-0.23519376,-0.4182405,0.26073518,6,8.55,27.15,27.852966,25.540018,92725.89,741.87225,-2.873042,4.7884035,2.873042
84859007,9.77792,-0.8331822,-2.0254946,-0.24370757,-0.4640022,0.2149735,7.2,6,23.4,28.044659,25.53976,92726.03,741.8598,-4.7884035,-0.9576807,7.6614456
84892011,9.701305,-0.7182605,-2.336741,-0.24690023,-0.5193419,0.16708335,7.65,6,23.1,27.948812,25.540585,92726.08,741.85547,0,-0.9576807,1.9153614
84937966,9.452309,-0.6607997,-2.480393,-0.31820333,-0.600223,0.085138015,7.65,4.5,23.7,28.044659,25.541061,92725.49,741.9079,-1.9153614,9.576807,5.746084
84970105,9.32781,-0.770933,-2.657564,-0.33203825,-0.66514075,0.044697456,8.7,6,21.6,27.75712,25.537745,92724.83,741.9673,-3.8307228,5.746084,7.6614456
85003007,9.275137,-0.92895025,-3.2130187,-0.23732221,-0.7109024,0.017027603,8.4,6.45,19.35,27.90089,25.535858,92725.484,741.90894,-2.873042,2.873042,8.619126
85036011,9.203311,-0.8379706,-3.107674,-0.21710193,-0.7194162,0.0021284504,7.95,6.45,19.35,28.044659,25.534721,92724.586,741.98944,-0.9576807,0.9576807,0.9576807
85069011,9.064447,-0.7422025,-3.289633,-0.1979459,-0.73750806,-0.004256901,8.4,5.7,19.8,28.044659,25.535343,92724.95,741.9565,-3.8307228,8.619126,6.703765
85102014,9.040505,-0.62728083,-3.6870706,-0.1990101,-0.66939765,0.024477178,7.8,7.35,17.85,27.852966,25.53551,92724.59,741.98895,-0.9576807,5.746084,1.9153614
85135007,8.743625,-0.7661445,-4.012682,-0.20220278,-0.5704247,0.060660835,9.3,5.1,16.35,27.90089,25.535784,92725.36,741.91974,-3.8307228,3.8307228,-1.9153614
85168010,8.556877,-0.90021986,-4.271256,-0.21178082,-0.43739656,0.07875266,8.4,5.25,15.75,27.75712,25.536444,92725.46,741.9106,-5.746084,3.8307228,0
85201011,8.485051,-1.0199299,-4.3861775,-0.20965236,-0.3756715,0.057468157,9.45,6.45,15.75,27.948812,25.537506,92724.65,741.9841,-0.9576807,9.576807,-4.7884035
85234011,8.762778,-1.0007763,-4.3622355,-0.21284503,-0.3331025,-0.012770702,10.35,5.1,14.85,27.948812,25.537434,92724.86,741.9646,-4.7884035,1.9153614,5.746084
85267011,8.686164,-0.9672575,-4.1659107,-0.16601913,-0.33948782,-0.07023886,8.1,5.85,14.25,27.709198,25.537672,92724.94,741.9576,-0.9576807,8.619126,3.8307228
85300011,8.508993,-0.6560113,-4.247314,-0.100037165,-0.35757965,-0.081945345,7.65,2.55,17.55,27.948812,25.53813,92724.766,741.9727,-2.873042,9.576807,0.9576807
85333014,8.504205,-0.51714754,-4.759673,-0.025541404,-0.3139464,-0.048954356,9.45,5.7,12.9,27.948812,25.538202,92725.016,741.95056,-3.8307228,11.492168,1.9153614
85366007,8.542512,-0.63206923,-4.711789,-0.045761682,-0.26499206,-0.03299098,8.1,5.4,11.7,27.75712,25.538385,92725.086,741.94464,-0.9576807,7.6614456,-2.873042
85399010,8.556877,-0.7326257,-4.7884035,-0.048954356,-0.23625799,-0.07555999,8.7,5.25,11.85,27.948812,25.538973,92725.234,741.93164,0.9576807,9.576807,0
85432011,8.384495,-0.8283938,-5.2145715,-0.045761682,-0.20113856,-0.10642251,9.3,5.4,12.45,27.852966,25.538532,92725.59,741.89923,-1.9153614,1.9153614,4.7884035
85465011,8.480263,-0.7134721,-5.3582234,-0.046825908,-0.13302815,-0.117064774,11.1,5.4,10.95,27.90089,25.53879,92725.836,741.8771,-1.9153614,10.534488,8.619126
85498011,8.499416,-0.6799533,-5.2289367,-0.010642252,-0.05214703,-0.100037165,9.45,5.7,11.55,28.044659,25.538826,92726.28,741.83765,-3.8307228,2.873042,0
85531011,8.532935,-0.6751649,-5.2624555,0.0021284504,-0.022348728,-0.08088111,9.45,4.5,11.55,27.90089,25.53945,92726.31,741.83496,1.9153614,-2.873042,0
85564014,8.422802,-0.5746084,-5.3725886,-0.023412954,0.025541404,-0.061725058,10.95,7.2,10.8,27.948812,25.539028,92725.84,741.8765,-4.7884035,5.746084,0
85597007,8.255207,-0.61291564,-5.104438,-0.042569008,0.022348728,-0.058532387,5.25,5.1,13.05,28.140503,25.539888,92724.74,741.97485,-0.9576807,11.492168,-0.9576807
85630011,8.221688,-0.58897364,-5.0517654,-0.04789013,0.025541404,-0.05533971,9.3,7.35,16.05,27.613352,25.539963,92724.516,741.9954,-0.9576807,13.40753,2.873042
85663011,8.178593,-0.60333884,-5.109226,-0.031926755,0.04789013,-0.027669854,10.2,6.75,11.55,27.709198,25.540585,92724.75,741.97437,-0.9576807,6.703765,6.703765
85696014,8.101978,-0.62728083,-5.0613422,0.009578027,0.05959661,-0.010642252,8.55,7.05,9.9,27.852966,25.540035,92724.27,742.017,-0.9576807,9.576807,6.703765
85729007,8.212111,-0.60333884,-5.2049947,0.044697456,0.088330686,0.010642252,5.4,1.8,16.5,27.852966,25.540493,92724.84,741.96625,0.9576807,14.365211,-2.873042
85762010,8.432379,-0.63206923,-5.1762643,0.031926755,0.120257445,0.018091828,7.95,7.2,12.15,28.044659,25.540257,92725.28,741.9268,0.9576807,2.873042,0
85795011,8.384495,-0.61770403,-5.2480903,0.015963377,0.15324843,0.018091828,11.7,4.5,12.6,28.044659,25.540237,92725.78,741.8825,-1.9153614,1.9153614,4.7884035
85828014,8.566454,-0.7374141,-5.3007627,-0.031926755,0.22880842,-0.005321126,9.3,7.35,12.75,28.044659,25.539907,92726.09,741.8544,0,5.746084,2.873042
85861007,8.6095495,-0.6991069,-5.243302,-0.064917736,0.2990473,-0.026605628,9.6,5.85,12.45,27.948812,25.539816,92725.78,741.8825,-2.873042,9.576807,0
85894011,8.360553,-0.6847417,-4.8698063,-0.076624215,0.3884422,-0.05533971,11.25,6.45,16.95,27.613352,25.53932,92725.6,741.89813,-0.9576807,7.6614456,4.7884035
85939965,8.327033,-0.60333884,-4.841076,-0.09578026,0.48954356,-0.09897295,9.3,7.05,14.85,27.948812,25.539375,92725.414,741.9149,-0.9576807,3.8307228,9.576807
85972099,8.446744,-0.5315128,-4.620809,-0.060660835,0.60980105,-0.10642251,7.35,5.85,14.85,27.613352,25.535894,92725.08,741.9452,1.9153614,4.7884035,9.576807
86005011,8.350976,-0.4165911,-4.1036615,-0.020220278,0.64811313,-0.12132167,8.4,6.45,14.7,27.75712,25.533878,92725.4,741.9165,-0.9576807,5.746084,1.9153614
86038011,8.485051,-0.11492168,-4.098873,0.011706477,0.69174635,-0.09684449,7.2,7.95,16.2,27.75712,25.53353,92725.16,741.9381,-1.9153614,2.873042,0
86071011,8.839393,-0.10534488,-3.9360676,0.017027603,0.72899425,-0.085138015,8.1,7.05,15.6,27.852966,25.534006,92725.44,741.9127,-0.9576807,2.873042,2.873042
86104011,8.939949,-0.25857377,-3.3327289,0.028734079,0.7353796,-0.07555999,6.75,9.3,18.45,27.90089,25.534666,92724.99,741.9527,-3.8307228,4.7884035,0
86137011,8.963891,-0.24899697,-3.3087866,0.03937633,0.71409506,-0.07023886,7.2,7.5,18,27.613352,25.535748,92725.35,741.9203,-2.873042,4.7884035,7.6614456
86170014,9.289502,-0.18674773,-3.1507695,0.064917736,0.7098382,-0.06385351,5.25,6.6,20.7,27.852966,25.536993,92725.44,741.9127,-4.7884035,4.7884035,1.9153614
86269014,9.639056,-0.038307227,-2.753332,0.061725058,0.6140579,-0.06917463,6.15,9.15,21.9,28.044659,25.541355,92724.62,741.98676,-1.9153614,9.576807,0
86302007,9.720459,-0.2633622,-2.2744915,0.1266428,0.5257272,-0.071303084,7.8,7.35,22.8,28.044659,25.54194,92724.61,741.9873,-3.8307228,2.873042,4.7884035
86335011,9.720459,-0.19153613,-2.1787236,0.18623939,0.46506637,-0.07768843,5.1,7.5,23.4,27.613352,25.54295,92724.734,741.97595,-0.9576807,3.8307228,12.449849
86368011,9.854534,-0.25857377,-2.1930888,0.21284503,0.42143315,-0.11812899,6.9,10.2,24.9,28.044659,25.5446,92725.31,741.9241,-7.6614456,3.8307228,8.619126
86401014,9.911995,-0.32561144,-2.0350714,0.19156052,0.41611204,-0.17985405,5.85,7.5,25.5,27.948812,25.5448,92724.78,741.9716,-6.703765,3.8307228,0
86434007,9.911995,-0.4213795,-1.8722657,0.16176222,0.41185513,-0.26499206,6,9.6,25.8,27.709198,25.545387,92724.93,741.9587,-2.873042,7.6614456,4.7884035
86467011,9.89763,-0.63206923,-1.5801731,0.13302815,0.39057064,-0.45335993,5.55,8.85,26.85,27.948812,25.546139,92725.1,741.943,-3.8307228,2.873042,4.7884035
86500014,9.974244,-0.5650316,-1.3742718,0.15111998,0.37247878,-0.5980946,4.5,9.6,27.15,27.90089,25.546835,92724.82,741.96783,0,4.7884035,-2.873042
86533007,9.849746,-0.17238252,-1.661576,0.17027603,0.35332274,-0.78433394,3.9,10.65,27.75,27.613352,25.546469,92725.3,741.9252,-2.873042,8.619126,-3.8307228
86566011,9.945514,0.019153614,-1.460463,0.16601913,0.3128822,-0.9237474,3.75,11.55,28.95,28.09258,25.547384,92725.62,741.8971,-7.6614456,9.576807,1.9153614
86599014,9.916783,0.36870706,-1.3120226,0.13622083,0.22667997,-1.0631609,3.75,13.5,28.95,27.90089,25.547182,92725.23,741.9322,-2.873042,2.873042,6.703765
86632007,9.825804,0.81402856,-1.2449849,0.058532387,0.1308997,-1.1323357,2.85,15.15,29.85,27.90089,25.54777,92725.53,741.90466,-1.9153614,0.9576807,9.576807
86665010,9.758766,1.6041151,-1.3838485,-0.08726646,0.03724788,-1.1802257,2.55,17.1,29.55,28.044659,25.548943,92725.195,741.9349,-3.8307228,1.9153614,0
86698011,9.495404,2.1883004,-1.2401965,-0.27882698,-0.07236731,-1.1397852,2.25,17.25,30,27.90089,25.548943,92725.91,741.87115,-9.576807,9.576807,3.8307228
86731014,9.404425,2.3127987,-1.2162545,-0.36928612,-0.14047772,-1.0982803,3.15,19.8,31.65,28.044659,25.548649,92725.516,741.90625,-0.9576807,4.7884035,0.9576807
86764007,8.959103,2.9113493,-1.436521,-0.49167204,-0.20220278,-0.96205956,2.1,21,29.1,27.709198,25.54843,92725.07,741.9457,-0.9576807,2.873042,11.492168
86797011,8.887277,3.2082303,-1.3503298,-0.46506637,-0.20965236,-0.846059,1.35,21,28.8,27.852966,25.54841,92725.055,741.9473,-2.873042,0.9576807,1.9153614
86830014,8.719683,3.8977604,-1.4987702,-0.44910303,-0.20539546,-0.7055813,1.05,25.2,27,27.709198,25.548685,92725.12,741.9419,-6.703765,-0.9576807,0
86863007,8.590396,4.1515455,-1.7908629,-0.42888275,-0.16389069,-0.4735802,1.5,21.9,28.95,27.75712,25.549328,92725.55,741.903,-0.9576807,3.8307228,2.873042
86896011,8.571242,4.1132383,-1.685518,-0.41398358,-0.1351566,-0.3256529,-2.1,24,32.7,27.948812,25.548943,92725.38,741.9176,-0.9576807,-0.9576807,7.6614456
86941965,8.6574335,4.4963107,-1.4796166,-0.3884422,-0.14686307,-0.05214703,1.5,23.4,27.9,27.948812,25.548796,92725.734,741.88684,-0.9576807,-2.873042,3.8307228
86974099,8.820239,4.357447,-1.4317327,-0.37886417,-0.100037165,0.10110139,1.05,24.75,26.7,27.948812,25.545607,92725.46,741.9106,-0.9576807,2.873042,13.40753
87007011,8.892065,4.2281604,-1.4460979,-0.33629516,-0.07768843,0.2575425,0.15,18.9,31.5,27.75712,25.542767,92724.875,741.963,-5.746084,1.9153614,4.7884035
87040014,8.834604,3.8115692,-0.9720459,-0.22242306,-0.060660835,0.34374472,-0.3,25.2,28.05,28.09258,25.54152,92724.92,741.9592,-4.7884035,-2.873042,0
87073007,8.839393,3.8259344,-1.0151415,-0.12132167,-0.03299098,0.41930473,1.35,22.5,27,27.948812,25.541466,92725.44,741.9127,-0.9576807,-2.873042,11.492168
87106011,8.796297,3.6966474,-1.0534488,0.0010642252,0.021284504,0.534241,-0.15,23.4,28.2,27.709198,25.542309,92726.01,741.86194,-4.7884035,-0.9576807,14.365211
87139014,8.734048,3.5913026,-1.1013328,0.11067942,0.07449576,0.6044799,0,21,27.75,27.852966,25.542345,92725.59,741.89923,-2.873042,-0.9576807,7.6614456
87172007,8.6813755,3.3758245,-1.0869676,0.22880842,0.11812899,0.6800399,1.8,22.05,26.7,28.044659,25.542822,92725.516,741.90625,-5.746084,8.619126,5.746084
87205011,9.030929,3.0454245,-1.0821792,0.32033178,0.14473462,0.708774,2.85,18.3,27,27.56543,25.543316,92725.195,741.9349,-0.9576807,2.873042,0.9576807
87238011,9.270349,2.7868507,-1.0342951,0.41717625,0.1649549,0.7428292,1.35,20.55,26.7,28.044659,25.54326,92725.01,741.95166,1.9153614,-2.873042,9.576807
87272929,9.385271,2.4612393,-0.91937345,0.4991216,0.17559716,0.7726275,2.1,19.05,28.8,27.948812,25.543793,92726.016,741.86145,-5.746084,-0.9576807,7.6614456
87305056,9.356541,2.27928,-0.9768343,0.5693605,0.18304673,0.79284775,1.05,16.8,27.3,27.75712,25.543903,92725.54,741.9041,-2.873042,-0.9576807,2.873042
87338010,9.380483,2.1021092,-0.9624691,0.61512214,0.17346871,0.8322241,3,16.2,27.9,28.044659,25.543995,92724.75,741.97437,-5.746084,5.746084,3.8307228
87371011,9.361329,1.8531121,-0.92416185,0.63321394,0.15856956,0.8684077,2.85,14.4,29.1,27.852966,25.543903,92724.86,741.9646,-1.9153614,7.6614456,2.873042
87404011,9.543288,1.2785037,-0.79966336,0.67046183,0.07023886,0.8684077,4.8,14.25,28.65,27.948812,25.544874,92725.31,741.9241,1.9153614,7.6614456,8.619126
87437011,9.552865,0.92895025,-1.2210429,0.7130309,-0.0021284504,0.86095816,4.35,13.65,30.3,27.948812,25.545443,92725.9,741.8717,-0.9576807,2.873042,6.703765
87470011,9.591172,0.8571242,-1.5227122,0.7077097,-0.015963377,0.8779858,5.55,12,28.95,27.90089,25.546028,92725.8,741.88086,0.9576807,9.576807,4.7884035
87503014,9.485827,0.63206923,-1.3694834,0.6395993,-0.090459146,0.8960776,5.25,10.5,30.45,27.948812,25.54557,92725.38,741.9176,-2.873042,5.746084,9.576807
87536007,9.404425,0.047884032,-1.0007763,0.66301227,-0.18623939,0.95567423,4.5,10.05,30.45,28.09258,25.545973,92726.53,741.81494,-6.703765,6.703765,3.8307228
87569010,9.548077,-0.61291564,-1.1444284,0.7673064,-0.30649686,0.997179,6.75,10.8,29.4,27.852966,25.546286,92726.68,741.802,-1.9153614,-0.9576807,8.619126
87602011,9.734824,-1.3120226,-1.7621324,0.7651779,-0.31926754,0.9716376,6.9,7.2,30.6,28.140503,25.546799,92726.7,741.7998,-5.746084,10.534488,6.703765
87635011,9.835381,-1.5562311,-1.8866309,0.73325115,-0.22667997,0.859894,7.35,8.55,30,28.044659,25.546743,92726.18,741.84686,-8.619126,12.449849,4.7884035
87668011,9.696517,-1.7621324,-1.7812861,0.6736545,-0.18411095,0.7524072,7.35,6.3,30,28.140503,25.546999,92726.59,741.8096,-0.9576807,7.6614456,1.9153614
87701011,9.543288,-2.0254946,-1.7142484,0.6385351,-0.18304673,0.6534343,8.7,4.95,30.6,27.90089,25.547623,92725.98,741.8647,-4.7884035,1.9153614,3.8307228
87734011,9.414001,-1.9919758,-1.7956513,0.5704247,-0.20113856,0.57681006,8.1,5.4,30.75,27.613352,25.547659,92725.84,741.8765,-1.9153614,9.576807,8.619126
87767011,9.404425,-2.111686,-1.6759412,0.5193419,-0.17878982,0.56616783,7.95,4.5,30.6,27.90089,25.547531,92726.164,741.8479,-3.8307228,6.703765,7.6614456
87800011,9.442732,-2.2697031,-1.6759412,0.5118923,-0.160698,0.55765396,8.55,2.85,30.45,28.044659,25.547586,92726.43,741.82416,-4.7884035,6.703765,5.746084
87833014,9.476251,-2.4516625,-1.9967642,0.46506637,-0.17027603,0.51721346,9,3,31.65,27.709198,25.547348,92725.695,741.8901,-4.7884035,10.534488,8.619126
87866014,9.653421,-2.8107927,-1.910573,0.4022771,-0.1479273,0.4640022,8.7,3.3,32.1,28.044659,25.546999,92725.54,741.9041,-1.9153614,8.619126,4.7884035
87899007,9.543288,-3.0071173,-1.7381904,0.36502925,-0.1351566,0.39057064,9.6,2.85,31.2,28.044659,25.547201,92725.67,741.8922,-6.703765,7.6614456,0.9576807
87944978,9.251195,-3.2704794,-1.9297266,0.2873408,-0.14154196,0.28840503,10.95,3.75,31.35,28.044659,25.547037,92725.266,741.92786,-4.7884035,11.492168,9.576807
87977123,9.289502,-3.2704794,-2.15957,0.20965236,-0.11280786,0.2617994,8.55,0.9,34.8,27.75712,25.543407,92725.22,741.93274,-4.7884035,11.492168,6.703765
88010010,9.346964,-3.2944214,-1.9488802,0.120257445,-0.10429406,0.2320011,11.7,-0.3,35.7,27.948812,25.54097,92726.25,741.84033,-2.873042,3.8307228,3.8307228
88043011,9.442732,-3.3183637,-1.8722657,0.0031926755,-0.13302815,0.19156052,14.25,1.05,32.7,27.948812,25.540182,92725.805,741.8803,1.9153614,9.576807,16.280571
88076014,9.562442,-3.4763808,-1.6280571,-0.029798305,-0.19156052,0.1819825,9.45,0.75,30.3,27.75712,25.540457,92725.945,741.8674,-0.9576807,10.534488,4.7884035
88109007,9.677363,-3.620033,-2.0685902,-0.046825908,-0.20645969,0.17559716,10.2,2.55,29.55,28.09258,25.539211,92725.59,741.89923,-1.9153614,6.703765,4.7884035
88142010,9.299079,-3.5194764,-2.4708161,-0.2149735,-0.20645969,0.10748675,11.1,-0.45,31.8,27.948812,25.540163,92725.02,741.95,-5.746084,7.6614456,6.703765
88175011,8.858546,-3.323152,-2.4181437,-0.34906584,-0.21390925,0.024477178,10.65,0.45,31.5,27.75712,25.54075,92724.7,741.97864,-1.9153614,7.6614456,3.8307228
88274014,8.676587,-3.1316159,-2.3654714,-0.600223,-0.20539546,-0.17240448,12,-1.5,30.9,28.09258,25.542381,92726.01,741.86194,-2.873042,7.6614456,2.873042
88307007,8.700529,-2.896984,-2.5809495,-0.54169065,-0.16601913,-0.1564411,7.65,-0.3,29.55,28.09258,25.542107,92725.52,741.9052,-5.746084,11.492168,5.746084
88340010,8.762778,-2.9592333,-2.7246015,-0.46506637,-0.12983547,-0.1649549,11.7,1.5,25.2,27.75712,25.54293,92725.53,741.90466,-0.9576807,11.492168,3.8307228
88373011,8.858546,-3.0358477,-2.695871,-0.3671577,-0.10535829,-0.19688165,12.3,-1.5,26.25,28.09258,25.542969,92725.11,741.94244,-5.746084,12.449849,2.873042
88406011,8.954314,-2.873042,-2.8443117,-0.23519376,-0.11067942,-0.19688165,11.4,1.2,26.1,27.75712,25.543133,92725.27,741.9273,-0.9576807,7.6614456,0
88439011,9.054871,-2.4660277,-3.1028855,-0.13302815,-0.07875266,-0.15537687,10.5,0.3,24.9,28.044659,25.542822,92724.71,741.9776,-2.873042,9.576807,0
88472014,9.069236,-2.2840683,-3.0789435,-0.17346871,-0.044697456,-0.120257445,10.05,3.15,24.6,27.75712,25.541721,92724.68,741.9803,-4.7884035,13.40753,7.6614456
88505007,8.925584,-2.384625,-3.0119057,-0.17134026,-0.042569008,-0.08300956,9.75,2.25,23.4,28.140503,25.541904,92725.03,741.94946,-1.9153614,9.576807,7.6614456
88538010,8.8777,-2.5809495,-3.107674,-0.15856956,-0.03299098,-0.07555999,10.05,3.15,25.05,27.852966,25.541904,92725.41,741.91547,1.9153614,13.40753,0
88571011,8.772355,-2.767697,-3.107674,-0.09578026,-0.021284504,-0.088330686,9.45,1.8,25.2,27.90089,25.542345,92725.49,741.9079,-0.9576807,11.492168,0
88604014,8.772355,-2.7724855,-3.2561142,0.03937633,-0.011706477,-0.117064774,10.05,3.15,22.8,27.613352,25.542528,92725.234,741.93164,-2.873042,6.703765,0
88637007,8.78672,-2.4756045,-3.122039,0.11067942,-0.012770702,-0.114936315,10.2,3.3,23.1,27.948812,25.54207,92725.05,741.9479,-6.703765,2.873042,0.9576807
88670011,8.738836,-2.3942018,-3.2082303,0.11387209,-0.009578027,-0.093651816,10.2,3.3,24.15,27.948812,25.54174,92725.5,741.90735,0.9576807,13.40753,10.534488
88703011,8.949526,-2.336741,-3.2609026,0.060660835,0.006385351,-0.048954356,10.05,3.15,25.8,27.56543,25.54163,92725.73,741.8873,-0.9576807,11.492168,0
88736014,8.954314,-2.3415294,-3.289633,0,0.0021284504,-0.023412954,9.6,2.4,26.4,27.948812,25.540676,92725.26,741.92896,-5.746084,6.703765,0
88769014,9.059659,-2.4995465,-3.2704794,-0.10642251,-0.027669854,-0.05533971,9.6,2.1,24.6,27.852966,25.540823,92725.55,741.903,-6.703765,15.322891,0
88802007,9.217676,-2.480393,-3.265691,-0.17027603,-0.044697456,-0.10216562,8.1,0.9,27.15,27.75712,25.540218,92724.87,741.96405,-4.7884035,9.576807,6.703765
88835010,9.169792,-2.3942018,-3.3375173,-0.21071658,-0.048954356,-0.13728504,9.45,1.8,23.7,28.044659,25.539467,92725.31,741.9241,-0.9576807,8.619126,4.7884035
88868011,9.093178,-2.2601264,-3.442862,-0.2617994,-0.03299098,-0.19475321,8.1,3.9,24.3,27.852966,25.539192,92724.7,741.97864,-4.7884035,8.619126,8.619126
88901011,8.939949,-1.9967642,-3.41892,-0.2713774,-0.046825908,-0.22242306,8.7,4.2,22.65,27.613352,25.538698,92724.76,741.9738,-2.873042,8.619126,0
88946964,8.992621,-1.8148049,-3.6008794,-0.27669853,-0.017027603,-0.23519376,9,-1.8,27.75,27.613352,25.53846,92724.97,741.9549,0,5.746084,6.703765
88979104,9.064447,-1.6663644,-3.5625722,-0.30543262,-0.0021284504,-0.23519376,7.95,4.5,23.7,27.709198,25.535069,92725.44,741.9127,-1.9153614,4.7884035,6.703765
89012007,8.858546,-1.6519991,-3.5673606,-0.3128822,0.020220278,-0.22348729,8.4,1.5,28.5,28.044659,25.533695,92726.34,741.8323,0.9576807,1.9153614,4.7884035
89045010,9.074024,-1.7046716,-3.8115692,-0.33097404,0.046825908,-0.24157912,10.35,2.4,25.05,27.709198,25.532522,92725.83,741.8776,-6.703765,5.746084,1.9153614
89078011,8.930372,-1.5658079,-3.6583402,-0.354387,0.07449576,-0.26392785,8.4,3.75,24.15,27.948812,25.531788,92725.766,741.8841,-4.7884035,5.746084,0
89111011,8.90643,-1.4508862,-3.6296098,-0.3341667,0.10429406,-0.2543498,8.4,6,21.15,27.948812,25.53168,92725.38,741.9176,-5.746084,14.365211,7.6614456
89144011,8.939949,-1.4317327,-3.4284968,-0.34161627,0.13622083,-0.23519376,8.55,3.15,26.4,27.56543,25.53144,92724.48,741.9992,-3.8307228,13.40753,5.746084
89177011,8.968679,-1.4939818,-3.016694,-0.32778138,0.15005575,-0.18836786,4.35,3,24.45,27.852966,25.531715,92724.91,741.96027,-0.9576807,9.576807,7.6614456
89243011,8.920795,-1.4939818,-3.098097,-0.25115713,0.20752391,-0.10535829,9,2.25,28.05,27.90089,25.53221,92724.85,741.96515,-4.7884035,11.492168,7.6614456
89276011,8.820239,-1.4030021,-3.145981,-0.19156052,0.2320011,-0.058532387,10.35,2.4,26.1,28.044659,25.53287,92725.03,741.94946,-1.9153614,5.746084,0.9576807
89309011,8.868123,-1.3359646,-3.0933087,-0.11812899,0.25967094,-0.019156054,7.05,5.4,22.8,27.90089,25.533804,92725.84,741.8765,-4.7884035,8.619126,5.746084
89342014,9.112331,-1.2689269,-3.145981,-0.111743644,0.30223995,-0.006385351,6,6.6,23.55,28.044659,25.534061,92725.195,741.9349,-2.873042,6.703765,4.7884035
89375007,9.093178,-1.0247183,-3.040636,-0.13834926,0.34587318,0.013834927,8.85,4.65,25.8,27.90089,25.534117,92725.1,741.943,-0.9576807,9.576807,9.576807
89408011,9.964667,-1.2593501,-4.3526587,-0.44271767,0.52466303,-0.10748675,6.15,1.8,29.1,27.948812,25.534153,92724.9,741.96136,2.873042,5.746084,2.873042
89441011,8.983045,-1.163582,-2.2601264,-0.28201967,0.44484612,-0.16282645,6.9,1.5,29.85,27.948812,25.534924,92724.76,741.9738,-5.746084,0.9576807,2.873042
89474011,10.089166,-0.5746084,-2.087744,-0.09258759,0.38524953,-0.08300956,4.35,5.25,26.25,27.90089,25.53549,92725.234,741.93164,-4.7884035,1.9153614,6.703765
89507011,9.89763,-0.45010993,-2.2888567,-0.09897295,0.3299098,0.14473462,6.9,4.95,24.9,27.709198,25.535032,92725.83,741.8776,-2.873042,5.746084,2.873042
89540011,9.911995,-0.33039984,-2.4612393,-0.27669853,0.2798912,0.1351566,6.45,5.7,25.95,27.948812,25.536316,92726.195,741.8452,-5.746084,3.8307228,7.6614456
89573011,9.557653,-0.93373865,-1.9536686,-0.27882698,0.18411095,-0.08300956,7.65,6,25.5,27.75712,25.536535,92725.88,741.87274,-1.9153614,7.6614456,5.746084
89606014,10.223241,-0.01436521,-2.944868,-0.19475321,0.24264334,-0.22242306,6.75,5.85,25.35,27.90089,25.536846,92726.1,741.8539,-7.6614456,5.746084,5.746084
89639007,9.069236,-0.6799533,-1.7812861,-0.2543498,0.35119432,-0.18943208,7.8,4.65,28.2,28.044659,25.537085,92726.414,741.8252,-3.8307228,-0.9576807,12.449849
89672010,9.763555,0.01436521,-1.7764976,-0.050018582,0.35651544,-0.20007433,5.25,6.3,25.35,27.852966,25.537268,92725.93,741.86896,-2.873042,9.576807,5.746084
89705011,9.811439,-0.14844051,-1.4987702,-0.123450115,0.32884556,-0.160698,6.3,7.05,26.1,27.90089,25.537983,92725.69,741.8906,-4.7884035,5.746084,1.9153614
89738014,9.725247,-0.35434186,-1.6759412,-0.03937633,0.22774418,-0.16601913,7.35,7.35,25.35,27.948812,25.537928,92725.38,741.9176,-0.9576807,4.7884035,1.9153614
89771007,9.864111,-0.49320555,-1.9871874,-0.007449576,0.24583602,-0.17985405,5.85,8.4,25.5,27.948812,25.538038,92725.766,741.8841,-0.9576807,9.576807,3.8307228
89804011,9.112331,-0.31124622,-2.1739352,0.17346871,0.2617994,-0.20645969,8.55,7.05,27.6,27.948812,25.538277,92725.51,741.9068,-4.7884035,10.534488,1.9153614
89837011,9.485827,0.01436521,-1.982399,0.11387209,0.2617994,-0.22667997,5.85,7.2,28.05,27.948812,25.538588,92725.195,741.9349,-0.9576807,-0.9576807,5.746084
89870011,9.471462,-0.02873042,-2.0685902,-0.045761682,0.28095543,-0.2490287,6.3,9.3,27.6,27.613352,25.53868,92724.63,741.98517,-7.6614456,2.873042,15.322891
89903011,9.504981,-0.05746084,-1.6663644,-0.12132167,0.2628636,-0.20433123,5.4,9.45,28.8,27.90089,25.538607,92725.21,741.9333,-0.9576807,2.873042,7.6614456
89948964,9.332599,0.11971009,-1.6519991,-0.08300956,0.2660563,-0.076624215,6.75,4.65,33.6,27.517508,25.539284,92725.21,741.9333,-5.746084,12.449849,3.8307228
89981099,9.337387,0.19632454,-1.4891934,-0.07236731,0.21390925,0.019156054,2.55,5.7,30.3,27.948812,25.536133,92725.15,741.9392,-1.9153614,3.8307228,9.576807
90014011,9.323022,0.1436521,-1.3503298,-0.07768843,0.1479273,0.10110139,6.45,9.45,28.8,27.517508,25.534042,92724.86,741.9646,-6.703765,1.9153614,5.746084
90047014,9.572019,-0.29209262,-1.4939818,-0.050018582,0.1308997,0.17453292,7.8,7.05,32.25,27.90089,25.533218,92725.68,741.89166,0.9576807,6.703765,2.873042
90080007,9.835381,-0.272939,-1.292869,-0.038312107,0.15005575,0.111743644,5.55,6.3,32.25,27.75712,25.532907,92725.055,741.9473,-6.703765,4.7884035,9.576807
90113011,9.964667,-0.320823,-1.0965444,-0.10322984,0.1436704,0.053211257,7.65,6,31.65,27.90089,25.532356,92725.1,741.943,-1.9153614,3.8307228,6.703765
90146011,10.510546,-0.7517793,-0.7086837,0.04363323,0.15431266,-0.007449576,8.7,4.2,35.25,27.852966,25.532833,92724.75,741.97437,-4.7884035,5.746084,14.365211
90179014,9.849746,0.038307227,-0.9768343,0.1351566,0.114936315,-0.05214703,6.75,4.65,34.05,27.613352,25.53276,92724.97,741.9549,-0.9576807,4.7884035,4.7884035
90278014,9.188946,0.12928689,-1.3072342,-0.0031926755,0.15111998,-0.057468157,4.8,6.6,33.3,28.23635,25.533365,92724.02,742.03973,-3.8307228,5.746084,3.8307228
90311007,9.375694,0.39264908,-1.3982137,-0.19368897,0.1479273,0.009578027,3.45,5.4,32.55,27.852966,25.533585,92723.51,742.08563,-4.7884035,5.746084,-3.8307228
90344011,10.055647,0.01436521,-1.1923125,-0.29372615,0.16282645,0.004256901,6.45,8.7,29.85,27.852966,25.53419,92724.234,742.02026,-0.9576807,6.703765,5.746084
90377014,9.816227,0.30645782,-0.5746084,-0.31820333,0.111743644,0.064917736,4.5,8.55,30,28.140503,25.535381,92723.62,742.0759,-2.873042,7.6614456,7.6614456
90410007,10.333375,-0.23942018,-0.6655881,-0.27563432,0.07555999,0.07023886,3.6,5.7,33.45,28.140503,25.53584,92723.805,742.05914,-1.9153614,5.746084,15.322891
90443011,9.217676,0.2681506,-0.8523358,-0.24370757,0.100037165,0.088330686,8.4,5.7,32.7,27.613352,25.535894,92724.16,742.0273,-2.873042,8.619126,8.619126
90476011,10.16578,-0.39264908,-1.4796166,-0.24583602,0.14686307,0.07343154,7.05,8.1,29.7,27.75712,25.53549,92724.77,741.97217,-12.449849,8.619126,3.8307228
90509014,10.132261,-0.2873042,-1.4269443,-0.2490287,0.24051489,0.05959661,5.55,8.55,29.4,28.044659,25.536205,92725.305,741.9246,-4.7884035,8.619126,6.703765
90542014,10.031705,0.08619126,-0.58897364,-0.23732221,0.2628636,0.057468157,7.35,4.35,34.05,27.852966,25.536316,92724.89,741.9619,-1.9153614,1.9153614,6.703765
90575007,9.648633,0.33518824,-0.11492168,-0.14899153,0.17346871,0.1564411,7.65,7.5,31.65,27.852966,25.536388,92725.15,741.9392,-4.7884035,6.703765,2.873042
90608010,9.457097,0.39264908,0.090979666,-0.079816885,0.05533971,0.32778138,6.15,6.75,29.85,27.90089,25.53659,92725.53,741.90466,-1.9153614,3.8307228,8.619126
90641011,9.442732,0.44532153,0.08619126,-0.14579885,0.018091828,0.4437819,8.7,2.55,32.4,27.517508,25.53659,92724.76,741.9738,-1.9153614,3.8307228,1.9153614
90674011,9.160215,0.35434186,0.090979666,-0.24477178,-0.020220278,0.57787424,7.05,6.6,30.75,27.90089,25.537048,92724.58,741.99,-2.873042,5.746084,10.534488
90707014,9.299079,-0.23942018,0.17238252,-0.31820333,-0.15856956,0.74921453,6.3,7.05,28.95,27.852966,25.537231,92723.82,742.05756,1.9153614,6.703765,3.8307228
90740007,9.313444,-0.44532153,0.0047884034,-0.30756107,-0.25009292,0.8449948,8.55,5.4,29.7,27.948812,25.53736,92724.71,741.9776,-2.873042,8.619126,-0.9576807
90773010,9.155427,-0.44532153,-0.41180268,-0.33523092,-0.3597081,0.98227984,8.85,4.35,28.95,27.948812,25.537764,92724.85,741.96515,-4.7884035,9.576807,3.8307228
90806014,9.572019,-1.1875241,-0.8331822,-0.3139464,-0.39482754,1.012078,10.5,1.5,26.7,27.852966,25.53778,92724.76,741.9738,-2.873042,1.9153614,4.7884035
90839007,9.643845,-1.8291701,-1.2449849,-0.29479036,-0.38950643,1.0461334,9.3,2.1,26.1,27.709198,25.53778,92725.12,741.9419,-3.8307228,9.576807,1.9153614
90872010,9.476251,-2.1930888,-1.436521,-0.20858812,-0.3001115,1.0748675,12.3,-0.75,25.5,27.948812,25.537636,92724.34,742.01105,-0.9576807,6.703765,8.619126
90905011,9.404425,-2.4229321,-1.5179238,-0.12132167,-0.22667997,1.0610324,15.15,-2.4,25.8,27.948812,25.537525,92724.05,742.03754,-2.873042,9.576807,0.9576807
90950966,9.442732,-3.2513258,-1.6519991,0.046825908,-0.06917463,1.012078,14.85,-5.25,29.55,28.044659,25.538038,92724.25,742.01917,-9.576807,7.6614456,4.7884035
90983099,9.294291,-3.8067808,-1.4556746,0.120257445,0.021284504,0.9503531,12,-3.75,29.1,27.613352,25.535326,92724.88,741.96246,-5.746084,14.365211,5.746084
91016014,9.428367,-4.4005427,-1.4700398,0.32033178,0.11812899,0.7896551,18,-2.85,25.35,28.044659,25.534336,92725.16,741.9381,-3.8307228,3.8307228,8.619126
91049007,9.394848,-5.0134583,-1.6041151,0.47677287,0.24796446,0.6438562,17.7,-4.35,25.35,28.044659,25.534317,92725.37,741.91925,-3.8307228,9.576807,0
91082010,9.169792,-5.363012,-1.3790601,0.71409506,0.3884422,0.38418528,17.7,-5.1,24,27.852966,25.533566,92725.805,741.8803,-3.8307228,12.449849,8.619126
91115011,9.030929,-5.4300494,-1.1731589,0.7768844,0.4565526,0.160698,17.85,-5.25,32.7,27.852966,25.533895,92725.75,741.8852,-2.873042,12.449849,7.6614456
91148011,9.021352,-5.291186,-0.9864111,0.80668265,0.47464442,-0.045761682,19.05,-9.6,34.05,27.90089,25.534575,92726.81,741.7901,-1.9153614,13.40753,4.7884035
91181014,8.944737,-5.2241483,-0.33039984,0.8779858,0.47570863,-0.27563432,21.15,-11.7,37.05,28.044659,25.534647,92726.36,741.8306,-5.746084,8.619126,7.6614456
91214007,9.035717,-4.5872903,-0.1388637,0.88437116,0.43101117,-0.4012129,18.9,-6,33.15,27.852966,25.536316,92726.805,741.79065,-0.9576807,13.40753,2.873042
91247011,9.41879,-4.3622355,-0.20111294,0.90671986,0.47996554,-0.5459475,16.8,-4.2,30.6,27.948812,25.536388,92725.71,741.889,-3.8307228,8.619126,10.534488
91280011,9.107543,-3.6152446,0.29209262,0.8290314,0.48422244,-0.60980105,14.25,-4.95,39.6,27.948812,25.536884,92725.28,741.9268,-1.9153614,5.746084,0
91313011,9.270349,-3.620033,0.24420857,0.7502787,0.47890133,-0.6672692,16.35,-1.8,33.15,28.044659,25.53769,92725.5,741.90735,-0.9576807,10.534488,12.449849
91346014,8.552089,-3.3135753,0.4357447,0.63427824,0.45016724,-0.7204804,15.3,0.3,36.45,27.613352,25.537872,92725.56,741.9019,-3.8307228,8.619126,0.9576807
91379007,9.557653,-3.1555579,0.9624691,0.5693605,0.41291937,-0.79284775,18.45,0.9,37.95,27.90089,25.538002,92725.76,741.88464,-0.9576807,12.449849,0.9576807
91412011,9.064447,-2.72939,1.364695,0.42569005,0.34374472,-0.85670125,14.4,1.65,37.95,27.75712,25.538094,92725.47,741.91003,-2.873042,6.703765,10.534488
91445014,8.978256,-2.7389667,1.934515,0.34693742,0.20965236,-0.9131052,12.6,0.45,41.25,28.044659,25.53758,92725.555,741.90247,-1.9153614,11.492168,-8.619126
91478007,8.954314,-2.4756045,1.8339585,0.23945066,0.07449576,-0.9695091,13.65,3.6,37.65,27.75712,25.537636,92725.57,741.9014,-3.8307228,13.40753,6.703765
91511010,9.399636,-2.4133554,1.8914193,0.14154196,-0.07023886,-1.0525187,13.65,5.4,40.2,27.852966,25.536793,92725.24,741.9306,-3.8307228,9.576807,9.576807
91544011,9.165004,-1.8914193,2.1643584,0.09684449,-0.19688165,-1.1163722,11.25,1.05,45,28.140503,25.536444,92725.93,741.86896,-4.7884035,5.746084,10.534488
91577014,9.476251,-1.6567876,2.006341,0.05214703,-0.3714146,-1.1653266,11.4,7.8,39.45,27.90089,25.534885,92725.734,741.88684,-2.873042,10.534488,13.40753
91610007,9.490616,-1.3838485,1.8914193,0.04789013,-0.47677287,-1.2185379,9.6,9.6,39.45,27.90089,25.534868,92725.69,741.8906,-3.8307228,4.7884035,16.280571
91643011,9.634268,-0.7661445,1.5514427,0.011706477,-0.56403935,-1.2728133,8.1,7.35,45.6,27.75712,25.533401,92726.06,741.8571,-0.9576807,2.873042,4.7884035
91676014,9.840169,-0.33039984,1.13964,-0.012770702,-0.59490186,-1.2983546,3.75,7.35,43.05,28.044659,25.532156,92725.875,741.87384,-6.703765,1.9153614,11.492168
91709007,9.662998,0.2873042,0.9816227,0.008513802,-0.61937904,-1.3015474,6.75,12,38.4,27.56543,25.531366,92725.04,741.9489,-4.7884035,3.8307228,11.492168
91742011,9.504981,1.1061212,0.58418524,-0.018091828,-0.65556276,-1.2632353,4.35,14.1,37.05,27.948812,25.530323,92723.875,742.0527,-2.873042,2.873042,5.746084
91775014,9.442732,1.4891934,0.40701428,-0.018091828,-0.66088384,-1.2068313,1.5,15,40.95,27.948812,25.529846,92724.086,742.0343,0,0,4.7884035
91808007,9.605537,1.8962077,-0.15801731,-0.058532387,-0.60873675,-1.1067941,3.6,17.85,36,27.948812,25.529644,92724.73,741.9765,-2.873042,4.7884035,4.7884035
91841011,9.509769,2.1739352,-0.35434186,-0.07343154,-0.54914016,-1.0695463,3.6,19.8,36,27.948812,25.52948,92724.75,741.97437,-3.8307228,6.703765,2.873042
91874014,9.308656,2.528277,-0.4309563,-0.08300956,-0.50550693,-1.0344269,2.7,20.4,35.1,27.709198,25.529058,92725.15,741.9392,-4.7884035,2.873042,5.746084
91907007,9.198523,2.6623523,-0.38307226,-0.05959661,-0.45442417,-1.0142065,3,20.4,36.9,27.90089,25.528893,92725.04,741.9489,-4.7884035,6.703765,6.703765
91952963,8.963891,3.064578,-0.7469909,-0.042569008,-0.3980202,-1.0173992,0.45,21.45,40.2,27.90089,25.529516,92725.42,741.91437,-1.9153614,3.8307228,6.703765
91985104,8.695741,3.6296098,-0.9911995,-0.10642251,-0.3714146,-0.997179,2.85,24.75,37.8,28.044659,25.526016,92725.7,741.8895,-4.7884035,4.7884035,2.873042
92018007,8.355764,4.2042184,-1.1444284,-0.1819825,-0.363965,-0.9790871,1.5,26.85,34.35,27.709198,25.52499,92726.266,741.8393,-4.7884035,-0.9576807,4.7884035
92051010,8.317456,4.4005427,-1.1779473,-0.3299098,-0.3341667,-0.9280044,0,26.25,37.05,28.044659,25.524385,92725.85,741.8755,-1.9153614,1.9153614,6.703765
92084014,8.346188,4.7884035,-1.1492168,-0.36609346,-0.3033042,-0.8577655,-3.45,24.6,36.9,27.852966,25.52422,92725.9,741.8717,0.9576807,-0.9576807,9.576807
92117014,7.9008656,5.530606,-1.3024458,-0.34800163,-0.27350587,-0.71409506,0.45,29.1,32.55,27.90089,25.524385,92725.27,741.9273,-3.8307228,-0.9576807,4.7884035
92150007,7.8769236,5.8226986,-1.1252748,-0.321396,-0.24477178,-0.4980574,-1.05,28.95,30.9,28.044659,25.52554,92724.445,742.0019,-1.9153614,-0.9576807,14.365211
92183011,7.867347,5.93762,-1.3024458,-0.3128822,-0.23945066,-0.32884556,-1.5,30.3,33.3,27.948812,25.525814,92724.85,741.96515,-4.7884035,-10.534488,9.576807
92249007,8.111555,5.7125654,-1.3311762,-0.27669853,-0.22348729,0.025541404,2.1,25.95,35.25,27.90089,25.527428,92725.59,741.89923,1.9153614,-4.7884035,8.619126
92282010,7.9391727,5.602432,-1.3215994,-0.22987263,-0.21284503,0.160698,0.9,29.55,34.05,28.044659,25.527372,92724.73,741.9765,-0.9576807,-0.9576807,2.873042
92315011,8.049306,5.1762643,-1.0821792,-0.2330653,-0.22667997,0.20965236,0,29.4,30.3,28.044659,25.528801,92724.55,741.9927,-1.9153614,-4.7884035,10.534488
92348011,7.656657,4.783615,-0.5793968,-0.18517518,-0.34587318,0.21816616,1.95,25.35,36.6,27.709198,25.530176,92725.2,741.9343,-2.873042,2.873042,7.6614456
92381011,7.953538,4.3861775,-0.91937345,0.04789013,-0.5459475,0.19368897,-0.3,30.15,28.5,27.75712,25.531055,92724.66,741.983,-1.9153614,3.8307228,9.576807
92414011,8.274361,4.2904096,-0.9528923,0.25860673,-0.7258015,0.13941349,1.2,29.55,28.65,28.044659,25.531862,92724.7,741.97864,-4.7884035,-0.9576807,0.9576807
92447011,8.686164,4.43885,-1.7621324,0.47251597,-0.9684449,0.024477178,0,25.2,32.1,27.90089,25.532467,92724.305,742.01434,-0.9576807,-1.9153614,2.873042
92481986,8.920795,4.76925,-2.5378537,0.6066084,-1.0610324,-0.042569008,0,30.45,26.25,27.613352,25.532614,92724.234,742.02026,-1.9153614,-0.9576807,4.7884035
92514100,8.7532015,4.817134,-2.9735985,0.7630494,-1.0897666,-0.11280786,0,30.15,24.9,27.948812,25.532303,92724.805,741.9695,-0.9576807,1.9153614,2.873042
92547011,8.66701,4.9224787,-3.5865142,0.8449948,-1.0780602,-0.12877125,-2.7,28.8,24.6,27.948812,25.532944,92725.14,741.93976,-3.8307228,-0.9576807,1.9153614
92580011,8.020576,4.735731,-4.1036615,0.8098753,-1.086574,-0.1351566,-0.9,29.55,21.75,27.90089,25.532833,92724.39,742.0068,-1.9153614,-0.9576807,9.576807
92613014,7.8769236,4.7644615,-4.855441,0.8098753,-1.0003717,-0.13196392,0.9,30.3,18.15,27.90089,25.532467,92724.78,741.9716,-0.9576807,-1.9153614,0.9576807
92646007,7.441179,4.855441,-5.45878,0.92055476,-0.85457283,-0.068110414,1.2,29.1,19.65,27.948812,25.533346,92725.18,741.9365,-0.9576807,-0.9576807,0
92679010,7.144298,4.8841715,-5.3007627,1.0056927,-0.694939,0.044697456,3.15,26.25,21.6,27.948812,25.533731,92725.28,741.9268,1.9153614,-4.7884035,0
92712011,6.83784,3.9504328,-4.5154643,1.0610324,-0.67791146,0.111743644,1.05,28.95,17.25,27.948812,25.534153,92725.38,741.9176,-0.9576807,-2.873042,0.9576807
92745011,6.813898,4.232949,-4.673482,1.1717119,-0.6278928,0.16282645,3.6,28.95,13.35,27.852966,25.534336,92725.57,741.9014,-2.873042,-0.9576807,0.9576807
92778014,7.067683,3.5865142,-4.879383,1.1823542,-0.5821312,0.19475321,4.8,26.1,18.9,27.90089,25.534758,92725.49,741.9079,-0.9576807,1.9153614,-8.619126
92811014,7.0581064,3.7349546,-5.4539914,1.1749046,-0.4906078,0.2149735,2.55,23.25,16.2,27.948812,25.536242,92725.97,741.8652,-8.619126,2.873042,1.9153614
92844007,6.7803793,3.4093432,-6.042965,1.1834184,-0.30756107,0.27669853,5.4,25.2,12.9,27.852966,25.53648,92725.99,741.86304,0.9576807,8.619126,1.9153614
92877010,6.813898,3.1842883,-6.3111157,1.1089226,-0.16282645,0.28308392,2.55,25.5,10.8,27.948812,25.536663,92726.164,741.8479,-1.9153614,5.746084,0
92910014,6.8522053,2.4133554,-6.1530986,1.0056927,-0.061725058,0.25115713,1.95,22.2,14.25,27.948812,25.537085,92725.766,741.8841,4.7884035,-0.9576807,0.9576807
92955982,6.813898,2.030283,-6.3685765,1.0131423,0.06278928,0.22029461,3.9,25.5,10.8,27.75712,25.537561,92726.52,741.8155,-0.9576807,0.9576807,-3.8307228
92988126,6.9048777,1.7812861,-6.4547677,1.0716747,0.12983547,0.24370757,1.95,27.6,14.25,27.613352,25.53483,92726.266,741.8393,-4.7884035,4.7884035,2.873042
93021010,6.8761473,1.5993267,-6.564901,1.223859,0.20965236,0.30649686,2.1,24,12.15,28.044659,25.533072,92726.57,741.8117,-0.9576807,2.873042,0
93054011,7.0581064,1.2545617,-6.6415157,1.2621711,0.2713774,0.34587318,1.5,19.2,15.6,27.948812,25.531918,92725.98,741.8647,-0.9576807,9.576807,0.9576807
93087011,7.153875,1.1875241,-6.7803793,1.2472719,0.38950643,0.33948782,5.25,18.45,18.15,27.90089,25.531624,92725.65,741.89435,2.873042,10.534488,0
93120014,7.1490865,0.8379706,-6.7851677,1.1365925,0.42036897,0.32246023,3.15,22.05,12.15,28.044659,25.531696,92725.9,741.8717,-5.746084,3.8307228,12.449849
93153007,7.297527,0.37349546,-6.6367273,1.0365553,0.4352681,0.28201967,2.7,19.95,13.8,27.948812,25.53234,92725.055,741.9473,-0.9576807,1.9153614,1.9153614
93186011,7.2209125,0.06703765,-6.5122285,0.95248157,0.4224974,0.25009292,-0.15,18.45,17.4,28.044659,25.533108,92725.5,741.90735,-2.873042,2.873042,0
93219011,7.374141,-0.076614454,-6.5696893,0.8343525,0.37673572,0.22455151,2.25,18,20.25,27.948812,25.533255,92725.305,741.9246,-0.9576807,7.6614456,0
93252011,7.4507556,-0.16759412,-6.622362,0.5193419,0.3139464,0.14047772,4.5,15,20.25,27.56543,25.534391,92725.83,741.8776,-8.619126,11.492168,0
93285011,7.6470804,-0.6607997,-6.2728086,0.28201967,0.23838644,0.071303084,2.7,21.15,19.2,28.044659,25.534794,92726.12,741.85223,-0.9576807,14.365211,0.9576807
93318011,7.8050976,-0.8810662,-5.93762,0.09258759,0.120257445,-0.009578027,2.85,19.05,17.55,27.948812,25.535692,92725.3,741.9252,-2.873042,3.8307228,-2.873042
93351011,7.9966335,-0.7757214,-5.659893,-0.005321126,0.05533971,-0.05214703,4.8,13.5,22.5,27.709198,25.536516,92724.71,741.9776,-0.9576807,7.6614456,0.9576807
93384011,8.09719,-0.59855044,-5.8322754,-0.12557857,0.017027603,-0.07875266,3.45,14.25,24,27.948812,25.536535,92725.02,741.95,-1.9153614,4.7884035,4.7884035
93417014,8.049306,-0.5793968,-5.971139,-0.47890133,-0.0031926755,-0.15111998,1.95,19.95,17.4,27.852966,25.536114,92725.305,741.9246,-1.9153614,0.9576807,-1.9153614
93450007,7.991845,-0.5554548,-6.0238113,-0.82158184,-0.0021284504,-0.2671205,1.35,14.1,24.15,27.56543,25.536682,92725.555,741.90247,-4.7884035,5.746084,-7.6614456
93483011,7.762002,-0.46447513,-5.755661,-1.2121524,0,-0.41930473,3.9,16.8,21.15,27.948812,25.53681,92724.81,741.96893,-0.9576807,0.9576807,-1.9153614
93516011,7.61835,0.1388637,-5.48751,-1.3654009,-0.009578027,-0.4693233,3,16.5,20.7,28.09258,25.536755,92723.94,742.04724,-0.9576807,1.9153614,2.873042
93549011,7.4986396,0.36870706,-5.363012,-1.4441535,-0.026605628,-0.4863509,-1.2,21.15,20.25,28.09258,25.536572,92723.83,742.057,4.7884035,-0.9576807,0
93582014,7.4842744,0.92416185,-5.2480903,-1.5111997,-0.05533971,-0.4618737,1.05,21.3,19.35,27.948812,25.537323,92724.805,741.9695,-0.9576807,1.9153614,2.873042
93615007,7.52737,1.6903064,-5.377377,-1.6218792,-0.06385351,-0.4224974,-0.9,16.95,21,27.852966,25.53758,92725.914,741.87006,-1.9153614,4.7884035,4.7884035
93648010,7.6375036,2.3415294,-5.482722,-1.7325586,-0.028734079,-0.34374472,-1.2,21.45,18.15,28.044659,25.537928,92726.484,741.8193,1.9153614,-0.9576807,0
93681014,7.8865004,2.207454,-5.631162,-1.7059529,0.034055207,-0.27776277,2.85,26.7,18.3,27.852966,25.537598,92726.2,741.84467,-0.9576807,3.8307228,0.9576807
93714007,7.8625584,2.1978772,-5.650316,-1.7304301,0.08300956,-0.24690023,3.75,23.4,19.2,28.044659,25.537067,92725.2,741.9343,-1.9153614,3.8307228,0.9576807
93747011,7.565677,2.791639,-5.592855,-1.8176967,0.111743644,-0.21178082,3.6,26.25,16.2,27.90089,25.53725,92725.164,741.9376,0,-5.746084,0.9576807
93780011,7.326257,3.0933087,-5.4061074,-1.9007062,0.16282645,-0.203267,1.5,24.15,19.65,27.948812,25.537819,92725.664,741.89276,3.8307228,3.8307228,0.9576807
93813011,7.1155677,3.5817258,-5.281609,-1.9134768,0.22348729,-0.15537687,1.8,24.75,19.8,27.948812,25.537819,92725.36,741.91974,-0.9576807,-6.703765,7.6614456
93846011,7.16824,3.9839516,-4.951209,-1.9485964,0.2671205,-0.10961519,2.85,25.5,16.5,28.044659,25.537506,92725.37,741.91925,-2.873042,4.7884035,1.9153614
93879011,7.1155677,4.462792,-4.3287168,-1.7857698,0.31926754,-0.020220278,2.25,28.8,16.05,27.948812,25.537872,92724.914,741.9598,-6.703765,2.873042,1.9153614
93912014,7.2927384,4.5633483,-3.715801,-1.3781716,0.41504782,0.13409238,1.05,29.7,15.75,27.948812,25.537855,92724.51,741.99646,5.746084,0.9576807,3.8307228
93957967,7.1059904,5.305551,-3.9217024,-1.2834556,0.45868105,0.2490287,1.5,25.35,21,27.852966,25.538277,92725.32,741.9235,1.9153614,-0.9576807,12.449849
93990105,7.398083,5.257667,-3.0885203,-1.091895,0.4661306,0.33948782,1.2,32.55,19.95,27.948812,25.535069,92726.03,741.8598,0.9576807,-2.873042,2.873042
94023007,7.9870567,5.592855,-2.8682537,-0.86308664,0.5108281,0.429947,-0.45,28.05,19.95,27.948812,25.533401,92725.555,741.90247,-0.9576807,-3.8307228,3.8307228
94056010,8.159439,5.60722,-2.6048915,-0.5565898,0.5204061,0.53104836,1.5,25.35,24.3,27.948812,25.532156,92725.78,741.8825,2.873042,-4.7884035,5.746084
94089014,7.728483,5.5880666,-2.4133554,-0.40014866,0.49273625,0.5938376,0.3,27.75,20.85,28.09258,25.532248,92725.6,741.89813,-0.9576807,-2.873042,5.746084
94122007,7.752425,5.559336,-2.1978772,-0.25967094,0.4012129,0.7151593,1.35,26.7,20.85,27.75712,25.532614,92726.26,741.8398,0,-2.873042,8.619126
94155011,7.8625584,5.5401826,-2.2170308,-0.14686307,0.3682219,0.82158184,1.2,25.65,21.45,27.948812,25.533457,92725.56,741.9019,-4.7884035,-0.9576807,3.8307228
94188011,8.293514,5.195418,-2.3511062,-0.027669854,0.37354302,0.9333255,1.5,24.6,21.75,27.90089,25.534685,92725.03,741.94946,-1.9153614,3.8307228,7.6614456
94254007,9.064447,3.892972,-2.4277205,0.09578026,0.48209402,1.0216562,4.5,19.95,27.6,27.75712,25.535454,92726.07,741.85657,-0.9576807,2.873042,6.703765
94287011,9.212888,3.371036,-2.3558946,0.120257445,0.56403935,0.9695091,1.35,22.8,27,27.852966,25.5356,92726,741.8625,-0.9576807,1.9153614,1.9153614
94320011,9.414001,2.9257145,-1.7717092,0.100037165,0.5970303,0.8864995,5.1,19.8,28.5,27.56543,25.535858,92725.85,741.8755,-5.746084,-2.873042,0.9576807
94353011,9.26556,2.456451,-1.2401965,0.07023886,0.5800027,0.84073794,3,18,24.6,27.709198,25.536627,92726.44,741.82306,-5.746084,4.7884035,13.40753
94386014,9.605537,1.934515,-1.0965444,0.093651816,0.5331768,0.7428292,4.8,14.25,30.45,28.044659,25.53692,92725.66,741.8933,-4.7884035,-0.9576807,4.7884035
94419007,9.524135,1.8483237,-0.79487497,0.060660835,0.45123145,0.6747188,2.25,16.95,27.15,27.709198,25.537434,92726.15,741.84955,-5.746084,3.8307228,0.9576807
94452011,9.500193,1.6998832,-0.78050977,-0.006385351,0.3341667,0.6374709,0.9,8.85,34.35,28.09258,25.537819,92726.23,741.8425,-2.873042,7.6614456,6.703765
94485011,9.80665,1.685518,-0.6943185,-0.019156054,0.31075373,0.6119295,4.2,9.6,33.6,27.852966,25.537506,92726.305,741.8355,-0.9576807,2.873042,1.9153614
94518014,9.892841,1.292869,-0.45968673,-0.03299098,0.29372615,0.5746816,0.9,11.55,30,27.709198,25.537287,92726.21,741.8441,-3.8307228,7.6614456,9.576807
94551007,10.113108,1.2737153,-0.39264908,0.06704619,0.3373594,0.5278557,3.75,12.75,31.8,28.044659,25.538002,92725.76,741.88464,-0.9576807,8.619126,11.492168
94584010,10.022128,1.1061212,-0.10055647,0.16282645,0.36077234,0.50550693,0.45,11.25,33.6,27.90089,25.538094,92725.32,741.9235,-4.7884035,2.873042,4.7884035
94617011,9.911995,0.5602432,0.29688102,0.40334132,0.354387,0.42888275,4.8,13.05,28.2,28.044659,25.537727,92725.914,741.87006,-7.6614456,10.534488,3.8307228
94650014,9.907207,0.047884032,0.49799395,0.68323255,0.3299098,0.38950643,4.5,6.3,34.35,27.90089,25.537598,92725.08,741.9452,-0.9576807,2.873042,7.6614456
94683007,9.873688,-0.30645782,0.61291564,1.1227576,0.23945066,0.30968952,4.65,5.7,38.25,27.75712,25.537342,92724.71,741.9776,-7.6614456,0.9576807,7.6614456
94716011,9.911995,-0.2825158,0.10534488,1.4122268,0.18517518,0.26924896,5.25,11.25,31.2,27.948812,25.537891,92724.61,741.9873,-0.9576807,4.7884035,3.8307228
94749011,9.892841,-0.56982,0.21068975,1.6836042,0.16389069,0.21816616,6.15,7.95,36,27.90089,25.538313,92724.375,742.0078,-8.619126,5.746084,7.6614456
94782014,10.333375,-0.5746084,0.08619126,2.0784316,0.26818475,0.111743644,6.45,12.9,37.05,27.948812,25.53877,92724.38,742.00726,-4.7884035,0,5.746084
94815007,10.271125,0.11971009,-0.45489833,2.2423224,0.3426805,-0.008513802,4.8,11.55,35.55,27.90089,25.538954,92723.914,742.04944,-5.746084,9.576807,12.449849
94848011,9.423578,0.63206923,0.29209262,2.528599,0.4278185,-0.015963377,1.05,12.9,42.45,27.90089,25.538662,92724.484,741.9981,-0.9576807,5.746084,-4.7884035
94881011,9.232041,0.79008657,0.07182605,2.671205,0.45335993,-0.023412954,4.8,14.7,40.2,27.75712,25.539028,92725.19,741.9354,-3.8307228,-0.9576807,4.7884035
94914011,9.471462,1.6376339,-0.6751649,2.4796448,0.36609346,-0.031926755,6.75,16.5,39.75,27.90089,25.538862,92725.18,741.9365,-4.7884035,1.9153614,0
94959965,9.11712,1.6998832,-0.866701,1.4877868,0.07449576,0.05214703,6.15,18.6,41.4,28.044659,25.53846,92724.98,741.95435,-6.703765,4.7884035,2.873042
94992104,9.107543,0.89543146,-0.25857377,1.4494747,0.1308997,0.23519376,4.65,20.1,42.9,27.90089,25.535215,92725.19,741.9354,-3.8307228,7.6614456,8.619126
95025007,9.002198,0.39264908,-0.5315128,1.7570357,0.25647828,0.38737795,5.4,21.3,43.65,28.044659,25.533072,92725.7,741.8895,-4.7884035,5.746084,7.6614456
95058010,10.462662,-0.521936,-0.4357447,1.9826515,0.4480388,0.42143315,7.65,20.55,44.7,28.09258,25.53263,92725.76,741.88464,-3.8307228,6.703765,10.534488
95091014,10.1226845,-0.9528923,0.94810385,2.0305417,0.5704247,0.3011757,6,21.9,45.9,27.709198,25.532173,92725.92,741.8695,-0.9576807,5.746084,7.6614456
95124007,10.04607,-0.7038953,0.6655881,2.064597,0.71622354,0.22880842,7.2,23.55,46.5,27.852966,25.531954,92725.35,741.9203,-1.9153614,7.6614456,8.619126
95157011,9.92636,-0.92895025,0.9768343,2.3508735,0.8024258,0.058532387,8.7,27.45,48.3,28.044659,25.531954,92725.67,741.8922,-4.7884035,7.6614456,2.873042
95190014,9.634268,-0.50757074,1.3072342,2.5977736,0.75347143,-0.054275483,8.55,29.55,48.9,27.852966,25.531496,92724.96,741.95544,-0.9576807,-0.9576807,7.6614456
95223007,9.390059,0.22026655,1.3263878,2.6477923,0.62257177,-0.160698,8.7,31.65,50.85,27.75712,25.531898,92724.87,741.96405,-4.7884035,2.873042,6.703765
95256010,9.533711,0.8762778,1.5610195,2.0294774,0.23732221,-0.3980202,7.8,33.75,47.4,28.09258,25.531918,92724.875,741.963,-6.703765,7.6614456,2.873042
95289011,9.112331,1.7286136,1.0247183,1.5995305,-0.07875266,-0.5299841,9,30.15,56.25,27.709198,25.53221,92725.68,741.89166,-9.576807,5.746084,6.703765
95322011,9.093178,1.8387469,1.0582372,1.0855097,-0.38737795,-0.54169065,9.3,37.2,48.45,27.75712,25.532284,92725.81,741.87976,-2.873042,5.746084,3.8307228
95355014,9.41879,1.7621324,0.92895025,0.85244435,-0.55552554,-0.5257272,8.7,38.85,50.1,28.044659,25.532045,92725.56,741.9019,-2.873042,4.7884035,4.7884035
95388007,9.509769,2.7964275,0.38307226,0.5544613,-0.71622354,-0.4565526,7.95,37.8,52.95,27.75712,25.532156,92725.14,741.93976,-1.9153614,2.873042,10.534488
95421011,9.064447,3.6008794,-0.12449849,-0.4278185,-0.95248157,-0.31713912,8.4,39.6,46.5,28.044659,25.531807,92726.18,741.84686,-1.9153614,2.873042,8.619126
95454011,9.193734,3.7972038,-0.47884035,-1.3856212,-1.0738032,-0.25222135,7.65,35.4,50.1,27.90089,25.530817,92725.79,741.88196,0.9576807,7.6614456,1.9153614
95487011,9.715671,3.0214825,-0.5410896,-1.9581742,-1.068482,-0.19475321,3.75,38.7,49.2,27.90089,25.530506,92725.3,741.9252,-4.7884035,0.9576807,5.746084
95520014,9.768343,2.834735,-0.5506664,-1.8879354,-0.89820606,-0.100037165,6,38.25,43.8,27.90089,25.53012,92725.766,741.8841,-1.9153614,5.746084,9.576807
95553007,10.208876,3.4045548,-1.2976574,-2.069918,-0.82371026,-0.03511943,4.5,33.3,48.45,27.948812,25.52926,92725.266,741.92786,-2.873042,-0.9576807,7.6614456
95586011,9.859323,3.098097,-1.4939818,-2.7457008,-0.80561846,0.091523364,3.75,34.95,46.35,28.140503,25.528893,92725.68,741.89166,-3.8307228,-0.9576807,0
95619014,9.77792,2.777274,-1.484405,-2.9106557,-0.7747559,0.19156052,2.7,33.75,43.8,28.044659,25.52937,92725.28,741.9268,-3.8307228,0.9576807,2.873042
95652007,9.916783,1.5562311,-0.91458505,-3.0021791,-0.82371026,0.22242306,0,30.15,45.75,27.948812,25.529572,92724.805,741.9695,-5.746084,8.619126,1.9153614
95685011,9.672575,2.432509,-1.7621324,-3.265043,-0.8662793,0.23519376,0.45,25.35,42.3,27.948812,25.529425,92724.38,742.00726,-1.9153614,0,6.703765
95718011,9.911995,1.7381904,-1.115698,-3.1926756,-0.8002973,0.19475321,3.75,25.35,40.5,27.948812,25.530048,92724.516,741.9954,-4.7884035,6.703765,3.8307228
95751011,9.801862,1.9201498,-1.6807296,-3.21396,-0.7853982,0.040440556,2.55,20.1,45.75,28.140503,25.52979,92724.75,741.97437,-0.9576807,7.6614456,1.9153614
95784014,9.653421,2.2601264,-1.8531121,-3.318254,-0.75347143,-0.061725058,3.15,22.5,37.8,27.948812,25.53003,92724.44,742.00244,-4.7884035,-0.9576807,4.7884035
95817014,9.753978,2.2601264,-1.9632454,-3.3863645,-0.6278928,-0.10535829,2.55,19.35,36,27.90089,25.530066,92724.9,741.96136,-3.8307228,11.492168,4.7884035
95850007,9.504981,2.1547816,-1.6950948,-3.2107675,-0.4693233,-0.04363323,4.2,15.45,39.75,28.044659,25.529497,92724.53,741.9943,-2.873042,2.873042,7.6614456
95883011,8.513782,3.763685,-1.5705963,-3.147978,-0.4352681,0.08300956,1.95,17.7,33.3,28.044659,25.529076,92723.53,742.0835,-0.9576807,0.9576807,5.746084
95916014,8.6813755,3.6391866,-1.5897499,-3.4321263,-0.41930473,0.34800163,2.1,12.15,34.95,27.75712,25.52979,92723.875,742.0527,-1.9153614,4.7884035,1.9153614
95961969,8.7292595,2.2122424,-0.521936,-2.7361228,-0.2915977,0.6864252,3.6,14.1,25.95,27.56543,25.530176,92724.54,741.9938,-1.9153614,-0.9576807,14.365211
95994105,8.298303,2.135628,-0.60333884,-2.656306,-0.3331025,0.8247745,3.9,13.35,24.9,27.90089,25.527536,92724.69,741.97974,0,1.9153614,0
96027007,8.585608,1.910573,-0.62728083,-2.4870942,-0.40440556,0.9354539,9.6,8.55,29.4,27.948812,25.526438,92725.72,741.8879,-1.9153614,6.703765,2.873042
96060011,8.939949,0.8379706,-0.61770403,-2.1944323,-0.30543262,0.9003345,3.9,10.2,21.15,27.613352,25.525467,92726.75,741.79553,-2.873042,10.534488,5.746084
96093011,9.217676,0.18195933,-0.17238252,-1.8145039,-0.2660563,0.8439306,5.1,10.95,18,27.852966,25.525906,92726.61,741.8079,-6.703765,4.7884035,3.8307228
96126014,9.385271,-0.58897364,-0.05267244,-1.4239333,-0.2490287,0.6640765,4.35,9.45,19.8,27.852966,25.526676,92726.75,741.79553,-2.873042,12.449849,-0.9576807
96159007,9.691729,-1.388637,-0.06703765,-0.973766,-0.27563432,0.45016724,7.2,9.9,18.3,27.709198,25.526676,92726.3,741.83655,-2.873042,5.746084,17.238253
96192011,9.763555,-1.757344,0.25378537,-0.38312104,-0.25222135,0.24157912,6,7.8,13.8,27.948812,25.527391,92725.82,741.8793,-0.9576807,1.9153614,4.7884035
96225011,9.983821,-1.7238252,0.31124622,0.5321126,-0.22987263,0.057468157,6.9,6.75,14.4,27.948812,25.52794,92726.05,741.85815,-5.746084,7.6614456,9.576807
96258014,9.533711,-0.9576807,0.22505496,1.1323357,-0.2575425,0.0031926755,7.95,9.9,16.2,27.948812,25.528784,92726.31,741.83496,-1.9153614,7.6614456,7.6614456
96291007,9.734824,-0.320823,-0.41180268,1.5718606,-0.31926754,-0.007449576,7.2,7.2,14.4,27.948812,25.529865,92725.45,741.9117,-0.9576807,8.619126,5.746084
96324011,9.500193,-0.2825158,-0.93852705,1.6995676,-0.34480897,-0.022348728,6.45,9.15,14.7,27.948812,25.530378,92724.59,741.98895,-1.9153614,7.6614456,3.8307228
96357014,9.988609,-0.48841715,-1.2066777,2.0220277,-0.25115713,-0.042569008,4.2,5.4,25.35,27.709198,25.531202,92724.62,741.98676,-3.8307228,4.7884035,3.8307228
96390007,10.342952,-0.37349546,-1.8148049,2.556269,-0.04363323,0.068110414,7.2,7.95,19.05,28.044659,25.531973,92724.24,742.0197,-0.9576807,4.7884035,1.9153614
96423011,9.878476,-0.22505496,-2.078167,2.7329302,0.15111998,0.091523364,7.35,10.8,22.8,28.044659,25.5321,92724.59,741.98895,-1.9153614,6.703765,1.9153614
96456014,9.749189,0.47884035,-1.7238252,2.8808575,0.2703132,0.21178082,5.4,7.5,23.1,27.948812,25.532797,92723.96,742.0451,-5.746084,3.8307228,6.703765
96489007,9.672575,0.7278373,-1.9297266,2.5275347,0.2990473,0.24264334,6.9,8.4,25.2,28.044659,25.533163,92723.75,742.064,-0.9576807,5.746084,2.873042
96522010,9.179369,-0.45489833,-0.89543146,2.4594245,0.31713912,0.25009292,5.55,3.9,33,28.044659,25.533585,92723.91,742.05,-0.9576807,-0.9576807,0.9576807
96555014,9.471462,-0.8475474,-0.94331545,2.4423966,0.31075373,0.18836786,8.55,8.55,34.05,27.948812,25.534336,92724.414,742.0046,-0.9576807,10.534488,8.619126
96588007,9.294291,-1.2114661,-0.82360536,2.3572586,0.2617994,0.13622083,5.85,9.45,33.15,27.75712,25.534317,92724.96,741.95544,-1.9153614,7.6614456,11.492168
96621011,9.5385,-1.3311762,-0.30166942,2.3923783,0.16176222,0.09897295,7.65,6.45,34.2,27.90089,25.534172,92724.91,741.96027,-1.9153614,9.576807,4.7884035
96654011,9.734824,-1.4413095,-0.47405192,2.4157913,0.108550966,0.058532387,6.45,10.65,40.05,28.044659,25.533895,92724.39,742.0068,1.9153614,9.576807,6.703765
96687014,9.624691,-0.9911995,-0.19153613,2.3274605,0.038312107,-0.025541404,3.9,9.45,38.85,27.75712,25.533987,92724.8,741.97003,-0.9576807,4.7884035,5.746084
96720007,9.3421755,-0.33039984,0.25378537,2.0677896,-0.06704619,-0.04150478,7.05,7.8,40.2,27.852966,25.533768,92724.164,742.02673,-0.9576807,-0.9576807,8.619126
96753011,9.212888,-0.45968673,0.033518825,2.0145783,-0.17453292,-0.008513802,5.25,12.75,43.35,27.948812,25.53419,92724.695,741.9792,-2.873042,8.619126,0
96786011,9.160215,0.05746084,-0.35913026,1.7325586,-0.34480897,0.05959661,6.9,15.9,38.55,27.613352,25.535234,92724.81,741.96893,-1.9153614,5.746084,4.7884035
96819011,9.409213,-0.19632454,0,1.4611812,-0.47145176,0.08407379,6,11.25,44.55,28.044659,25.534117,92724.78,741.9716,-3.8307228,4.7884035,9.576807
96852011,9.509769,0.15322891,-0.272939,1.3430521,-0.5278557,0.120257445,3.75,15.45,42.3,27.90089,25.534447,92725.15,741.9392,-5.746084,12.449849,3.8307228
96885011,10.01734,-0.15322891,-1.0055647,1.1461705,-0.5821312,0.10961519,5.25,15.45,40.5,27.852966,25.534264,92724.32,742.0127,-1.9153614,-0.9576807,7.6614456
96918014,10.381259,-0.32561144,-1.7381904,0.751343,-0.6204433,0.022348728,2.1,16.8,43.95,28.044659,25.534555,92724.51,741.99646,-9.576807,6.703765,7.6614456
96963967,10.477027,-0.63206923,-2.27928,0.3958918,-0.44484612,-0.12238589,1.8,17.85,42.15,27.948812,25.534924,92724.836,741.9668,-2.873042,7.6614456,0
96996105,10.644621,-0.33997664,-2.4516625,0.43420386,-0.30436838,-0.24157912,5.1,18.6,38.55,27.948812,25.53168,92725.19,741.9354,-10.534488,12.449849,0
97029007,10.328587,-0.4405331,-2.480393,0.33523092,-0.028734079,-0.3299098,4.8,14.25,46.65,27.709198,25.529682,92725.4,741.9165,-4.7884035,-0.9576807,7.6614456
97062011,9.9790325,-0.10534488,-2.6623523,0.26392785,0.06704619,-0.36290076,4.35,19.05,42.45,28.044659,25.528784,92725.68,741.89166,-0.9576807,3.8307228,0
97095014,9.313444,-0.15322891,-2.4756045,-0.10535829,0.13622083,-0.37354302,3.15,22.05,38.55,28.09258,25.527958,92725.43,741.9138,0.9576807,2.873042,1.9153614
97128007,9.346964,-0.05267244,-2.0829554,-0.25009292,0.18836786,-0.34374472,4.2,23.4,41.55,27.852966,25.528215,92725.87,741.8744,-1.9153614,2.873042,12.449849
97161011,9.26556,0.12449849,-1.7429788,-0.28627658,0.24796446,-0.27350587,2.25,20.7,45.15,27.852966,25.529003,92725.75,741.8852,-0.9576807,3.8307228,4.7884035
97194014,8.930372,0.18195933,-1.2497733,-0.23412955,0.2713774,-0.21284503,2.1,23.55,42.9,27.90089,25.529882,92726.29,741.8371,0,-0.9576807,8.619126
97260011,10.070012,-0.31603462,-1.3072342,-0.32352445,-0.11812899,0.28201967,3.45,21.45,39.45,27.90089,25.530708,92726.734,741.7971,-0.9576807,2.873042,4.7884035
97293014,10.376471,-0.62249243,-1.1444284,-0.2160377,-0.071303084,0.203267,2.85,20.1,41.1,27.948812,25.530853,92726.53,741.81494,-2.873042,6.703765,11.492168
97326007,10.151415,-0.3878607,-1.2689269,-0.06704619,0.026605628,0.0010642252,4.2,20.7,38.7,27.90089,25.531862,92726.875,741.7847,-0.9576807,9.576807,3.8307228
97359011,9.830592,-0.21547815,-0.90500826,-0.11280786,0.008513802,-0.11600055,3.45,18.9,40.2,27.852966,25.532026,92726.56,741.81226,-0.9576807,5.746084,7.6614456
97392014,9.476251,0.25857377,-0.9768343,-0.1351566,-0.045761682,-0.090459146,5.55,21.15,42.75,27.948812,25.53287,92726.484,741.8193,-0.9576807,-0.9576807,11.492168
97425007,9.394848,0.19632454,-0.80924016,-0.12557857,-0.1819825,0.023412954,4.5,21.15,39.45,27.948812,25.533512,92726,741.8625,-4.7884035,7.6614456,5.746084
97458007,9.773131,-0.10534488,-0.8379706,-0.026605628,-0.2660563,0.05533971,3.45,20.4,36.9,28.044659,25.533566,92725.54,741.9041,-5.746084,4.7884035,4.7884035
97492867,9.983821,-0.2681506,-1.115698,0.18943208,-0.36077234,0.06704619,2.1,21,37.05,27.852966,25.533146,92725.53,741.90466,-2.873042,7.6614456,12.449849
97525015,10.0987425,-0.4213795,-1.5227122,0.2915977,-0.42569005,0.071303084,3,18.9,36.9,27.852966,25.532999,92725.695,741.8901,-5.746084,10.534488,0
97558007,10.457873,-2.2122424,-5.0038815,0.3714146,-0.14899153,-0.08939491,3.15,19.8,37.05,27.852966,25.53287,92725.82,741.8793,-2.873042,8.619126,11.492168
97591011,9.595961,-0.63206923,-3.7062242,0.40014866,0.10642251,-0.1308997,2.7,21.45,37.95,27.852966,25.532778,92725.92,741.8695,-0.9576807,5.746084,0
97624011,9.466674,0.23463176,-1.4987702,0.33203825,0.1479273,-0.09471604,2.85,23.25,38.85,28.09258,25.533438,92726.3,741.83655,-2.873042,-0.9576807,12.449849
97657011,9.23683,0.37349546,-0.8714894,0.21816616,0.09258759,-0.006385351,3.6,21.75,40.65,27.75712,25.533365,92726.89,741.7831,-4.7884035,4.7884035,11.492168
97690014,9.294291,0.24420857,-0.7086837,0.11067942,-0.007449576,0.068110414,3.9,22.05,38.25,27.90089,25.532999,92726.25,741.84033,-5.746084,1.9153614,8.619126
97723007,9.509769,-0.21068975,-0.9768343,0.06278928,-0.10429406,0.12557857,4.35,21.75,37.8,27.948812,25.533163,92725.87,741.8744,0,5.746084,12.449849
97756011,9.89763,-1.0055647,-1.9440918,0.079816885,-0.09897295,0.068110414,3.9,22.5,39.6,27.56543,25.533585,92725.35,741.9203,0.9576807,8.619126,4.7884035
97789011,9.662998,-0.90021986,-2.2026656,0.093651816,-0.044697456,-0.022348728,3.6,21,37.05,27.948812,25.534502,92725.53,741.90466,-4.7884035,6.703765,7.6614456
97822011,9.466674,-0.38307226,-1.7238252,0.061725058,-0.020220278,-0.08088111,3.6,20.1,42.45,27.90089,25.534739,92725.43,741.9138,-3.8307228,7.6614456,3.8307228
97855014,9.452309,-0.23463176,-1.5610195,0.010642252,-0.036183655,-0.064917736,4.5,21.15,39.45,27.613352,25.534317,92725.08,741.9452,-4.7884035,2.873042,9.576807
97888007,9.433155,-0.18674773,-1.6950948,-0.026605628,-0.03937633,-0.045761682,3.6,21.75,38.25,28.044659,25.535198,92725.07,741.9457,-4.7884035,7.6614456,14.365211
97921011,9.572019,-0.30166942,-1.9632454,-0.04150478,-0.028734079,-0.030862529,-0.3,20.1,43.95,27.75712,25.53496,92725.74,741.88574,0,7.6614456,-2.873042
97966980,9.830592,-0.23942018,-2.054225,-0.019156054,-0.004256901,-0.014899152,3.15,22.5,37.05,27.852966,25.535234,92725.61,741.89764,-6.703765,7.6614456,6.703765
97999123,9.782708,-0.090979666,-1.8387469,0,0.0021284504,0.007449576,3.45,21.9,36.9,27.709198,25.53265,92725.055,741.9473,-7.6614456,3.8307228,5.746084
98032010,9.787497,-0.2873042,-1.7812861,0.018091828,-0.009578027,0.030862529,2.7,24.6,37.95,27.948812,25.531294,92724.625,741.98566,-4.7884035,2.873042,0.9576807
98065011,9.648633,-0.35434186,-1.6711528,0.020220278,-0.020220278,0.045761682,1.95,23.1,39.75,27.948812,25.530415,92724.76,741.9738,-0.9576807,11.492168,3.8307228
98098014,9.500193,-0.31603462,-1.6232687,-0.005321126,-0.029798305,0.03724788,3,21.45,37.35,27.56543,25.530212,92725.1,741.943,-7.6614456,5.746084,-8.619126
98131007,9.5385,-0.39743748,-1.6998832,-0.053211257,-0.029798305,0.021284504,1.2,20.7,40.5,28.044659,25.529902,92725.19,741.9354,-1.9153614,11.492168,0.9576807
98164011,9.519346,-0.4261679,-1.9249382,-0.08088111,-0.024477178,-0.0010642252,2.25,20.7,36.15,27.948812,25.530268,92724.8,741.97003,-9.576807,5.746084,10.534488
98197014,9.548077,-0.33039984,-1.958457,-0.09790871,-0.011706477,-0.020220278,4.5,21.45,36.9,27.90089,25.531404,92725.57,741.9014,-8.619126,6.703765,0
98230007,9.610326,-0.15801731,-1.9249382,-0.09790871,-0.009578027,-0.036183655,3.15,21.3,36.75,28.09258,25.53168,92725.445,741.91223,-3.8307228,3.8307228,3.8307228
98263011,9.624691,-0.16280572,-1.8100165,-0.090459146,-0.014899152,-0.040440556,3,22.2,36.15,27.948812,25.531898,92725.055,741.9473,-5.746084,7.6614456,10.534488
98296014,9.682152,-0.06703765,-1.7525556,-0.15218419,-0.05640393,-0.046825908,2.1,21.75,37.05,28.044659,25.532486,92724.86,741.9646,-4.7884035,5.746084,13.40753
98329007,9.643845,-0.14844051,-1.9871874,-0.24157912,-0.08300956,-0.05533971,2.55,21.75,37.05,27.75712,25.533512,92725.85,741.8755,-4.7884035,-0.9576807,5.746084
98362011,9.677363,-0.30166942,-1.9871874,-0.2969188,-0.07343154,-0.07555999,3.45,21.45,35.85,27.948812,25.53342,92725.836,741.8771,-6.703765,6.703765,-0.9576807
98395014,9.662998,-0.6655881,-1.3263878,0.08726646,-0.024477178,-0.079816885,2.7,22.65,35.55,28.044659,25.53362,92726.31,741.83496,-4.7884035,7.6614456,9.576807
98428007,9.624691,-0.4165911,-1.8243817,0.3299098,-0.048954356,-0.13302815,3.15,21,36.45,27.90089,25.53408,92726.16,741.849,-7.6614456,2.873042,2.873042
98461011,9.68694,0.1340753,-2.2697031,0.49699315,-0.11387209,-0.1436704,2.25,21.9,36.9,28.044659,25.534868,92726.43,741.82416,-1.9153614,-0.9576807,9.576807
98494014,9.548077,0.521936,-2.3463178,0.5895807,-0.12451435,-0.10429406,2.1,22.05,37.5,27.948812,25.53516,92726.57,741.8117,-5.746084,8.619126,1.9153614
98527007,9.466674,0.45010993,-2.9783869,0.61937904,-0.071303084,-0.04150478,0.9,21.45,37.95,27.75712,25.535673,92726.445,741.8225,-6.703765,6.703765,2.873042
98560010,9.533711,-0.05746084,-3.1411927,0.51295656,0.014899152,-0.021284504,1.8,24,37.8,27.948812,25.535765,92726,741.8625,-1.9153614,5.746084,1.9153614
98593011,9.572019,-0.39743748,-2.4612393,0.41291937,0.07449576,-0.029798305,1.5,23.1,36.9,27.948812,25.53582,92726.68,741.802,0.9576807,2.873042,10.534488
98626014,9.552865,-0.22505496,-1.6759412,0.3671577,0.057468157,-0.014899152,2.1,24,38.55,27.852966,25.536022,92727.22,741.75336,-1.9153614,-0.9576807,7.6614456
98659014,9.672575,-0.5315128,-1.7621324,0.31181797,0.024477178,-0.018091828,1.5,21.15,40.2,28.044659,25.53617,92727.766,741.7048,-0.9576807,9.576807,2.873042
98692007,9.528923,-0.41180268,-1.8483237,0.26499206,-0.014899152,-0.06385351,3.6,23.55,35.7,27.948812,25.53628,92726.586,741.8101,0.9576807,-1.9153614,13.40753
98725011,9.490616,-0.29209262,-1.7381904,0.2617994,-0.04789013,-0.071303084,1.2,24.15,37.35,27.613352,25.53549,92726.24,741.8409,-1.9153614,1.9153614,5.746084
98758011,9.562442,-0.01436521,-2.1930888,0.24370757,-0.044697456,-0.08407379,0.45,24.6,39.45,28.140503,25.535326,92726.36,741.8306,-6.703765,3.8307228,3.8307228
98791014,9.576807,0.090979666,-2.336741,0.23093686,-0.005321126,-0.091523364,2.1,24.75,42.15,28.044659,25.535803,92726.875,741.7847,-1.9153614,-0.9576807,10.534488
98824007,9.56723,0.08619126,-2.2505496,0.25967094,0.023412954,-0.076624215,1.5,24.6,36.15,27.56543,25.53615,92726.52,741.8155,-5.746084,1.9153614,3.8307228
98857011,9.56723,-0.02873042,-1.9776106,0.2958546,0.03937633,-0.07023886,1.95,25.65,36.6,28.044659,25.536701,92726.625,741.8069,-3.8307228,7.6614456,4.7884035
98890011,9.557653,-0.05267244,-1.9201498,0.32778138,0.025541404,-0.053211257,2.25,28.05,39.75,28.044659,25.536242,92726.07,741.85657,0,7.6614456,4.7884035
98923014,9.610326,-0.047884032,-1.8579005,0.31926754,-0.004256901,-0.050018582,1.8,25.2,38.55,27.948812,25.5356,92726.164,741.8479,-2.873042,5.746084,15.322891
98968967,9.605537,-0.01436521,-2.1068976,0.27882698,-0.029798305,-0.076624215,2.55,25.5,37.05,27.613352,25.53527,92726.56,741.81226,0.9576807,-0.9576807,4.7884035
99001105,9.572019,0.033518825,-2.1452048,0.25967094,-0.030862529,-0.081945345,3.75,27.6,37.35,27.90089,25.532522,92726.61,741.8079,-5.746084,4.7884035,0
99034007,9.461885,0.19153613,-2.2218192,0.22348729,-0.007449576,-0.04789013,2.7,26.85,35.85,27.852966,25.531202,92726.945,741.7782,-0.9576807,-0.9576807,8.619126
99067010,9.610326,0.30645782,-2.5234885,0.12238589,0.005321126,0.011706477,1.95,25.65,37.65,27.75712,25.530653,92726.57,741.8117,-2.873042,10.534488,11.492168
99100011,9.706094,-0.07182605,-2.27928,0.05214703,0.034055207,0.023412954,2.25,26.1,37.95,28.044659,25.53067,92725.805,741.8803,-5.746084,0.9576807,5.746084
99133011,9.576807,-0.20590134,-1.958457,0.08620224,0.034055207,0.019156054,4.65,28.2,37.5,27.852966,25.530396,92725.59,741.89923,-4.7884035,3.8307228,5.746084
99166011,9.490616,-0.22505496,-2.0350714,0.07555999,0.014899152,0.014899152,1.5,26.55,37.65,27.90089,25.53078,92726.16,741.849,-0.9576807,7.6614456,3.8307228
99199011,9.437943,-0.2681506,-2.1404164,0.048954356,0.012770702,-0.010642252,2.55,26.7,37.5,28.044659,25.53166,92726.555,741.8128,1.9153614,2.873042,2.873042
99232011,9.375694,0.05267244,-2.1452048,0.014899152,0.005321126,-0.004256901,0.3,27.45,38.85,27.852966,25.532742,92726.805,741.79065,-0.9576807,2.873042,15.322891
99265014,9.337387,0.23942018,-2.3654714,-0.03724788,-0.0031926755,0.034055207,2.7,26.55,37.65,28.044659,25.533274,92727.51,741.72797,-2.873042,5.746084,0
99298007,9.390059,0.32561144,-2.3558946,-0.07023886,0.0021284504,0.07343154,2.85,27.45,36.75,28.09258,25.53397,92726.945,741.7782,-5.746084,8.619126,12.449849
99331011,9.519346,0.090979666,-2.4181437,-0.05959661,0.031926755,0.11919322,3.45,27.3,36.9,28.09258,25.53463,92727.42,741.73553,-1.9153614,3.8307228,7.6614456
99364011,9.672575,-0.095768064,-2.408567,-0.046825908,0.060660835,0.117064774,1.5,26.1,36.9,27.948812,25.534977,92727.45,741.73285,-2.873042,9.576807,6.703765
99397014,9.844957,-0.23942018,-2.231396,-0.04150478,0.07768843,0.111743644,-2.1,21.3,43.95,28.044659,25.535381,92726.79,741.7923,-1.9153614,1.9153614,4.7884035
99430007,10.007763,-1.2162545,-1.8626889,-0.16282645,0.12451435,0.16282645,3.15,25.95,37.8,27.852966,25.535545,92727.56,741.7226,-6.703765,7.6614456,5.746084
99463011,10.309433,-2.801216,-2.8107927,-0.8098753,-0.018091828,0.04789013,1.95,26.55,37.95,28.09258,25.535381,92727.2,741.755,-0.9576807,4.7884035,6.703765
99496014,9.725247,-0.7230489,-0.78050977,-0.4278185,0.023412954,-0.05108281,-1.5,23.85,40.5,27.852966,25.53584,92726.63,741.8058,-0.9576807,5.746084,0
99529007,9.572019,0.6799533,-1.9919758,-0.13196392,0.057468157,-0.05108281,0.6,22.8,40.05,27.948812,25.536316,92726.52,741.8155,-6.703765,-0.9576807,6.703765
99562011,9.222465,0.6512229,-3.2848446,0.05108281,0.010642252,-0.024477178,1.2,26.1,37.65,27.948812,25.536242,92726.64,741.80524,2.873042,-0.9576807,5.746084
99595011,9.208099,0.48841715,-3.2992098,0.090459146,0.019156054,0.058532387,1.5,26.55,37.65,27.75712,25.536627,92727.54,741.7253,-0.9576807,3.8307228,5.746084
99628014,9.471462,0.18195933,-2.2505496,0.07023886,0.04150478,0.090459146,2.25,25.65,38.7,27.948812,25.536627,92727.14,741.7604,-1.9153614,6.703765,3.8307228
99661014,9.337387,-0.009576807,-1.9919758,0.064917736,0.108550966,0.120257445,1.8,26.25,37.8,27.948812,25.536333,92727.07,741.76685,-3.8307228,5.746084,4.7884035
99694007,9.409213,-0.22984336,-2.4181437,0.011706477,0.1351566,0.10216562,1.2,23.85,36.15,27.90089,25.536701,92727.44,741.73444,-3.8307228,2.873042,2.873042
99727011,9.653421,-0.5267244,-2.2744915,-0.024477178,0.14686307,0.046825908,3,26.85,37.35,27.852966,25.537561,92727.41,741.7372,-0.9576807,5.746084,6.703765
99760011,9.677363,-0.49320555,-1.9967642,-0.030862529,0.117064774,0.028734079,3,24.6,37.65,28.044659,25.53747,92727.37,741.7404,0.9576807,5.746084,6.703765
99793011,9.572019,-0.47405192,-1.6328455,-0.010642252,0.076624215,0.006385351,2.7,24.15,39.75,27.948812,25.536957,92726.22,741.8431,-6.703765,4.7884035,10.534488
99826011,9.509769,-0.3878607,-1.7764976,-0.006385351,0.03299098,-0.0021284504,2.1,24.75,37.8,28.044659,25.536884,92726.73,741.79767,-0.9576807,2.873042,4.7884035
99859011,9.672575,-0.33518824,-2.15957,-0.040440556,0.018091828,-0.012770702,3.15,24.45,37.8,27.948812,25.537104,92727.61,741.71826,-0.9576807,6.703765,5.746084
99892011,9.725247,-0.320823,-2.0207062,-0.05533971,0.017027603,-0.0010642252,0.6,26.25,37.05,27.948812,25.536682,92727.42,741.73553,-4.7884035,5.746084,4.7884035
99925014,9.643845,-0.18195933,-1.8291701,-0.05959661,0.0010642252,0.013834927,1.05,24.75,39.6,27.852966,25.536077,92727.36,741.74097,-0.9576807,4.7884035,0.9576807
99970967,9.600749,-0.31603462,-1.9919758,-0.061725058,-0.017027603,0.009578027,3.15,25.5,37.05,27.75712,25.536516,92727.22,741.75336,-0.9576807,9.576807,-3.8307228
100003105,9.581595,-0.40222588,-2.0254946,-0.05640393,-0.017027603,-0.011706477,3.15,24,38.85,27.948812,25.533604,92727.27,741.749,-11.492168,11.492168,6.703765
100036007,9.500193,-0.33518824,-2.0638018,-0.027669854,-0.005321126,-0.011706477,1.05,24.45,38.85,27.948812,25.531715,92727.38,741.7393,-0.9576807,1.9153614,1.9153614
100069010,9.552865,-0.25857377,-2.0829554,0.022348728,0.023412954,-0.012770702,3.75,24.6,38.4,27.852966,25.53045,92727.06,741.7674,-0.9576807,7.6614456,3.8307228
100102014,9.548077,-0.24420857,-2.1212628,0.058532387,0.04150478,-0.007449576,1.95,26.1,37.35,27.75712,25.530085,92726.37,741.8301,-4.7884035,6.703765,0
100135007,9.715671,-0.25857377,-2.2170308,0.10429406,0.07343154,-0.0010642252,1.05,23.55,37.5,27.948812,25.530396,92726.26,741.8398,-7.6614456,6.703765,4.7884035
100168011,9.65821,-0.2633622,-2.0159178,0.12983547,0.08726646,0.004256901,1.5,24.6,37.35,27.90089,25.530928,92726.25,741.84033,-5.746084,7.6614456,0
100267007,9.701305,-0.4357447,-1.532289,0.39163485,0.11067942,-0.022348728,3,24.9,38.7,27.852966,25.532248,92727.62,741.7177,-3.8307228,10.534488,6.703765
100300011,9.706094,-0.7278373,-1.6519991,0.5597824,0.10322984,-0.044697456,4.2,20.7,44.85,27.948812,25.53276,92728.09,741.6756,-1.9153614,4.7884035,0.9576807
100333011,9.639056,-0.80924016,-1.6519991,0.6885537,0.10216562,-0.090459146,1.8,27,40.65,27.90089,25.533146,92728.01,741.68317,1.9153614,2.873042,7.6614456
100366014,9.528923,-0.866701,-1.7812861,0.76943475,0.071303084,-0.13302815,1.5,26.55,37.65,27.90089,25.53386,92727.61,741.71826,-5.746084,3.8307228,0.9576807
100399007,9.490616,-0.9864111,-1.9536686,0.79391193,0.060660835,-0.17666137,1.95,26.1,43.05,27.948812,25.534264,92727.27,741.749,-4.7884035,5.746084,0.9576807
100432011,9.543288,-0.8619126,-2.0350714,0.82371026,0.06385351,-0.23519376,1.8,28.2,38.25,28.044659,25.53529,92727.04,741.7696,-0.9576807,2.873042,6.703765
100465011,9.519346,-0.842759,-2.2026656,0.8513801,0.06278928,-0.31713912,3,27.3,38.7,27.75712,25.535326,92727.14,741.7604,-3.8307228,8.619126,7.6614456
100498014,9.557653,-0.5793968,-2.0973208,0.8801142,0.046825908,-0.37779993,2.55,30.9,40.05,28.044659,25.536388,92727.44,741.73444,-5.746084,10.534488,9.576807
100531007,9.787497,-0.40701428,-2.078167,1.006757,0.057468157,-0.4320754,3.6,27,42.9,28.044659,25.53703,92727.195,741.75555,-7.6614456,6.703765,0.9576807
100564011,9.801862,-0.21068975,-1.8914193,1.1961892,0.117064774,-0.45548835,2.1,33.15,39.3,27.709198,25.537214,92727.81,741.70044,-0.9576807,3.8307228,7.6614456
100597014,9.677363,0.076614454,-1.70946,1.3803,0.17878982,-0.45868105,2.85,33.15,39.3,27.709198,25.536627,92727.54,741.7253,-0.9576807,5.746084,9.576807
100630007,9.500193,0.08619126,-1.6041151,1.4867226,0.20752391,-0.4224974,1.95,34.05,38.7,27.852966,25.537214,92728,741.68365,-4.7884035,1.9153614,3.8307228
100663010,9.346964,0.12928689,-1.412579,1.4526674,0.20007433,-0.39163485,2.55,35.85,40.35,27.90089,25.537067,92727.336,741.7431,-5.746084,6.703765,11.492168
100696011,9.854534,0.038307227,-1.2976574,1.347309,0.16921179,-0.429947,3.15,38.1,39.3,28.140503,25.536957,92727.13,741.7615,-7.6614456,7.6614456,9.576807
100729011,10.812215,-0.2777274,-1.3838485,1.2174735,0.18623939,-0.52679145,2.55,39.6,38.25,27.90089,25.536718,92726.23,741.8425,-2.873042,4.7884035,13.40753
100762014,10.113108,0.60812724,-0.25857377,1.1898037,0.23093686,-0.6534343,4.65,37.8,45,27.613352,25.536846,92725.91,741.87115,-3.8307228,7.6614456,0
100795007,9.552865,0.79487497,0.10534488,1.3153822,0.24583602,-0.68748945,2.85,43.5,40.05,27.90089,25.537525,92726.21,741.8441,-0.9576807,7.6614456,2.873042
100828011,9.725247,0.10055647,-1.2449849,1.5495118,0.30649686,-0.7055813,4.8,44.4,37.35,28.044659,25.53714,92725.97,741.8652,-2.873042,2.873042,15.322891
100861014,9.528923,0.80445176,-2.8538885,1.3441164,0.41504782,-0.74921453,4.5,46.35,37.65,27.948812,25.537306,92727.05,741.76904,-2.873042,-0.9576807,5.746084
100894007,9.126697,1.9536686,-1.4891934,0.99930745,0.43633232,-0.7343154,6.15,46.5,37.05,28.044659,25.53714,92727.65,741.715,-2.873042,1.9153614,12.449849
100927011,8.537724,2.4947581,-0.6368576,0.9024629,0.50018585,-0.694939,4.2,45.6,40.2,28.044659,25.538038,92727.88,741.69446,-1.9153614,-0.9576807,15.322891
100972968,9.088389,2.9975405,-0.8283938,0.7172877,0.3554512,-0.50231427,7.95,49.95,36.75,27.948812,25.53811,92727.34,741.74255,-0.9576807,-2.873042,7.6614456
101005105,9.600749,2.6767175,-0.51235914,0.7864624,0.29372615,-0.363965,7.2,50.7,37.5,27.852966,25.535107,92727.44,741.73444,-4.7884035,5.746084,8.619126
101038007,9.811439,2.8203697,-1.3694834,0.84073794,0.27244166,-0.23838644,6.9,51.45,36.45,27.90089,25.533127,92727.27,741.749,-1.9153614,-0.9576807,13.40753
101071011,9.682152,2.743755,-1.4939818,0.7258015,0.20113856,-0.108550966,8.85,51,35.85,28.140503,25.53166,92726.72,741.7982,-0.9576807,-0.9576807,6.703765
101104011,9.414001,2.5713725,-1.0582372,0.5289199,0.046825908,0.05214703,8.1,51.3,36.15,28.044659,25.531881,92726.74,741.7966,-0.9576807,2.873042,4.7884035
101137014,9.801862,2.0398598,-0.5554548,0.50018585,-0.06704619,0.15005575,8.4,52.2,36.75,28.044659,25.532026,92726.46,741.8215,-6.703765,0.9576807,6.703765
101170014,10.309433,0.9672575,-0.50278234,0.5565898,-0.16282645,0.08407379,7.35,52.5,34.8,28.044659,25.531275,92726.35,741.8317,-5.746084,-0.9576807,4.7884035
101203007,9.605537,1.6950948,-0.78529817,0.63427824,-0.22029461,0.005321126,9,53.1,34.65,27.75712,25.531588,92726.46,741.8215,-9.576807,-2.873042,6.703765
101236011,9.222465,1.8818425,-0.94331545,0.6395993,-0.26818475,-0.009578027,7.2,55.65,34.95,28.09258,25.531075,92725.945,741.8674,-0.9576807,-2.873042,5.746084
101269014,8.959103,2.4612393,-1.5370775,0.47677287,-0.3001115,-0.004256901,7.8,52.8,32.25,28.044659,25.531588,92726.05,741.85815,-1.9153614,2.873042,7.6614456
101302007,8.8777,2.7581203,-1.8100165,0.28946924,-0.29479036,0.044697456,6.75,54.3,36.15,27.90089,25.532265,92725.75,741.8852,-1.9153614,2.873042,4.7884035
101335011,9.672575,2.2266076,-1.9871874,0.16176222,-0.16389069,0.117064774,8.55,53.25,31.8,27.613352,25.531881,92726.2,741.84467,-6.703765,3.8307228,6.703765
101368011,9.892841,1.9728222,-1.9488802,0.21390925,-0.006385351,0.14047772,8.1,52.05,32.25,27.90089,25.53234,92726.414,741.8252,-5.746084,2.873042,-3.8307228
101401011,9.481039,1.7190368,-1.4891934,0.32671714,0.09578026,0.17559716,8.7,56.4,32.1,28.044659,25.532082,92726.305,741.8355,0.9576807,6.703765,0
101434014,9.088389,1.3790601,-1.4460979,0.35225853,0.079816885,0.25115713,6.9,51.45,31.65,27.613352,25.53263,92726.81,741.7901,-2.873042,-0.9576807,10.534488
101467007,9.222465,1.0151415,-1.4939818,0.28201967,0.045761682,0.28308392,6.9,53.85,29.55,27.75712,25.532888,92726.43,741.82416,1.9153614,11.492168,5.746084
101500010,9.533711,0.6464345,-1.4269443,0.19368897,0.04789013,0.27563432,6.75,51.75,29.7,27.948812,25.533823,92726.75,741.79553,-2.873042,5.746084,0
101533011,9.749189,0.39743748,-1.4700398,0.17027603,0.09684449,0.24051489,6.15,51.45,30.6,27.90089,25.533934,92726.71,741.7993,-7.6614456,6.703765,0.9576807
101566014,9.835381,0.076614454,-1.5610195,0.14686307,0.13622083,0.15963377,6.45,52.2,30.3,27.90089,25.534464,92726.78,741.7928,3.8307228,7.6614456,0
101599007,9.849746,0.009576807,-1.5562311,0.09897295,0.11067942,0.10961519,7.35,50.1,31.2,27.90089,25.534996,92727.01,741.7723,-0.9576807,4.7884035,0
101632011,10.0748005,0.07182605,-1.6041151,0.030862529,0.026605628,0.07023886,6.3,51.3,30.45,27.852966,25.534813,92727.05,741.76904,-5.746084,2.873042,10.534488
101665011,10.093954,0.25378537,-1.5849615,-0.108550966,-0.10429406,0.012770702,6.9,51.9,29.55,27.90089,25.535564,92727.85,741.6972,-1.9153614,-0.9576807,8.619126
101698011,9.816227,0.521936,-1.7286136,-0.11812899,-0.1564411,-0.036183655,7.2,50.7,30.3,27.852966,25.53582,92727.375,741.73987,-5.746084,4.7884035,0
101731014,9.222465,0.770933,-1.8962077,0.011706477,-0.13834926,-0.048954356,7.05,50.55,30,27.948812,25.535437,92727.33,741.7442,-0.9576807,5.746084,4.7884035
101764007,8.810662,0.842759,-2.0254946,0.11280786,-0.114936315,-0.029798305,4.65,51.45,29.1,28.044659,25.535582,92727.24,741.7518,-4.7884035,-0.9576807,6.703765
101797010,8.772355,0.61291564,-1.9057846,0.15963377,-0.09684449,-0.008513802,6.9,52.2,29.55,28.044659,25.535692,92727.32,741.74475,-3.8307228,6.703765,17.238253
101830011,8.911219,0.4261679,-1.70946,0.20752391,-0.100037165,-0.007449576,6.75,51.3,30,27.90089,25.535637,92727.5,741.7285,-3.8307228,12.449849,0.9576807
101863011,9.370906,0.50278234,-1.8052281,0.19475321,-0.114936315,-0.019156054,7.65,51.15,28.8,28.284273,25.535728,92727.8,741.702,-10.534488,5.746084,1.9153614
101896014,10.189722,0.80924016,-2.1212628,-0.005321126,-0.1266428,-0.07023886,6.75,52.8,28.65,28.044659,25.535656,92727.86,741.69666,-10.534488,1.9153614,6.703765
101929007,10.67814,1.1013328,-1.9440918,-0.064917736,-0.09790871,-0.10429406,7.2,52.65,28.05,27.852966,25.536041,92727.41,741.7372,-2.873042,2.873042,4.7884035
101974967,10.223241,1.4030021,-1.8100165,0.32033178,-0.020220278,-0.05533971,6.3,52.5,28.65,28.044659,25.535894,92727.71,741.7096,-0.9576807,5.746084,2.873042
