t_us,ax,ay,az,gx,gy,gz,mx,my,mz,imuTempC,baroTempC,pressPa,altM,hgx,hgy,hgz
617748010,9.715671,-0.22026655,-0.033518825,-0.009578027,0.011706477,0.006385351,10.2,32.85,55.2,28.380117,25.82997,85795.766,1381.4596,-4.7884035,5.746084,5.746084
617781010,9.734824,-0.21068975,-0.033518825,-0.007449576,0.013834927,0.006385351,9.45,32.85,55.2,28.09258,25.829786,85795.21,1381.5126,-4.7884035,3.8307228,0
617880010,9.801862,-0.22984336,0.095768064,-0.006385351,0.008513802,0.007449576,10.35,30.75,55.35,27.75712,25.83041,85793.62,1381.6638,0.9576807,5.746084,7.6614456
617913010,9.701305,-0.20111294,-0.04309563,-0.012770702,0.012770702,0.0031926755,10.35,32.55,54.6,28.428041,25.830557,85793.83,1381.6438,-0.9576807,9.576807,0.9576807
617946012,9.782708,-0.22026655,-0.01436521,-0.010642252,0.011706477,0,9,31.95,54.45,28.428041,25.830519,85794.25,1381.6035,3.8307228,8.619126,9.576807
617979010,9.878476,-0.18195933,-0.038307227,-0.010642252,0.018091828,0.005321126,10.05,31.8,53.1,28.140503,25.83094,85794.23,1381.6057,-0.9576807,6.703765,3.8307228
618012012,9.864111,-0.12928689,0,-0.009578027,0.015963377,0.0021284504,8.85,32.25,56.1,28.380117,25.830374,85793.44,1381.6812,-5.746084,0.9576807,0.9576807
618045007,9.792285,-0.20590134,0.023942016,-0.007449576,0.017027603,0,9.3,31.5,54.3,28.380117,25.830227,85793.49,1381.6759,-0.9576807,1.9153614,0.9576807
618078012,9.662998,-0.16759412,0.033518825,-0.006385351,0.017027603,0.004256901,11.4,33.3,54.3,28.380117,25.831015,85793.72,1381.654,0.9576807,1.9153614,10.534488
618123976,9.907207,-0.22026655,0.009576807,-0.007449576,0.011706477,0.008513802,9.6,33,53.85,28.284273,25.830427,85793.35,1381.6892,-0.9576807,6.703765,8.619126
618156115,9.940725,-0.25857377,0,-0.011706477,0.008513802,0.0010642252,9.75,31.95,54.45,28.475964,25.827496,85794.016,1381.6259,-1.9153614,4.7884035,0
618189010,9.868899,-0.18195933,0.062249243,-0.011706477,0.013834927,0,10.35,31.5,56.4,28.09258,25.82515,85794.34,1381.5948,-0.9576807,6.703765,7.6614456
618222012,9.682152,-0.17238252,-0.01436521,-0.006385351,0.011706477,0.0031926755,9.3,33,55.35,28.140503,25.824417,85794.51,1381.5793,-4.7884035,5.746084,11.492168
618255010,9.80665,-0.31124622,0,-0.006385351,0.011706477,0.009578027,9.6,33.3,54.6,28.284273,25.82372,85794.61,1381.5696,-4.7884035,-0.9576807,4.7884035
618288012,9.854534,-0.22026655,-0.033518825,-0.008513802,0.014899152,0.005321126,9.75,33.6,54.45,28.380117,25.824509,85795.516,1381.4833,-2.873042,4.7884035,8.619126
618321010,9.902418,-0.14844051,0.023942016,-0.011706477,0.012770702,0.004256901,8.7,33.9,54.45,28.23635,25.82526,85795.23,1381.5109,-2.873042,-0.9576807,12.449849
618354012,9.801862,-0.16280572,-0.009576807,-0.008513802,0.014899152,0.0010642252,9.75,33.6,54.75,28.57181,25.825663,85795.12,1381.5212,-0.9576807,7.6614456,10.534488
618387010,9.720459,-0.17717093,-0.019153614,-0.008513802,0.010642252,0.007449576,10.35,33,53.85,28.284273,25.826561,85795.88,1381.4481,-3.8307228,1.9153614,2.873042
618420010,9.821015,-0.23463176,-0.02873042,-0.006385351,0.010642252,0.005321126,9.6,33,54.6,28.284273,25.826653,85795.61,1381.474,-5.746084,5.746084,7.6614456
618453014,9.92636,-0.18674773,0.019153614,-0.006385351,0.019156054,0.0031926755,8.85,33.3,54.6,28.044659,25.827587,85794.86,1381.5454,-4.7884035,6.703765,14.365211
618487482,9.916783,-0.20590134,0.062249243,-0.005321126,0.017027603,0.0031926755,9.45,33.6,54.45,28.140503,25.82845,85795.055,1381.527,-0.9576807,1.9153614,8.619126
618520013,9.797073,-0.1436521,0.01436521,-0.011706477,0.011706477,0,10.5,33.15,54.75,28.23635,25.828358,85795.92,1381.4441,-1.9153614,2.873042,8.619126
618553012,9.730036,-0.18674773,-0.0047884034,-0.007449576,0.013834927,0.0031926755,10.65,33,54.6,28.09258,25.828724,85795.94,1381.443,-7.6614456,0,1.9153614
618586010,9.878476,-0.18674773,-0.047884032,-0.008513802,0.015963377,0.004256901,9,32.4,54.45,28.044659,25.828999,85795.07,1381.5258,1.9153614,0.9576807,5.746084
618619012,9.868899,-0.22984336,-0.01436521,-0.008513802,0.015963377,-0.0021284504,9.3,31.5,54.9,28.57181,25.82876,85794.625,1381.5684,-2.873042,3.8307228,8.619126
618652010,9.835381,-0.19632454,0.062249243,-0.007449576,0.010642252,0.0031926755,9.3,32.55,54.6,27.90089,25.829035,85795.11,1381.5217,-0.9576807,5.746084,5.746084
618685010,9.720459,-0.19153613,0,-0.007449576,0.008513802,0.007449576,9,32.85,54.45,28.140503,25.828943,85794.54,1381.5764,-2.873042,7.6614456,6.703765
618718012,9.768343,-0.20111294,0.01436521,-0.005321126,0.013834927,0.006385351,10.2,31.95,53.7,28.140503,25.829018,85794.58,1381.5724,0,10.534488,3.8307228
618751010,9.907207,-0.2777274,0.0047884034,-0.009578027,0.012770702,0.004256901,9.3,33.75,53.1,27.948812,25.82878,85794.41,1381.5885,-7.6614456,2.873042,3.8307228
618784010,9.907207,-0.12449849,0,-0.006385351,0.017027603,0.004256901,10.2,33.6,54.75,28.140503,25.829035,85794.65,1381.566,-0.9576807,7.6614456,3.8307228
618817012,9.749189,-0.23942018,0.05267244,-0.008513802,0.014899152,0.0031926755,10.05,32.55,54.9,28.140503,25.829823,85794.516,1381.5787,-6.703765,10.534488,7.6614456
618850010,9.682152,-0.22026655,0.038307227,-0.008513802,0.009578027,0,8.7,32.85,53.4,28.284273,25.82997,85794.91,1381.5414,-1.9153614,5.746084,8.619126
618883010,9.811439,-0.22984336,0.038307227,-0.007449576,0.012770702,0.006385351,9,32.4,53.7,28.140503,25.830519,85794.71,1381.5603,-0.9576807,7.6614456,3.8307228
618916012,9.92636,-0.21547815,-0.01436521,-0.006385351,0.011706477,0.005321126,8.7,32.4,54.75,28.09258,25.830648,85795.09,1381.5234,-3.8307228,3.8307228,2.873042
618949010,9.792285,-0.18195933,0.01436521,-0.007449576,0.017027603,0,9.75,33.6,54.45,28.475964,25.831179,85794.445,1381.5851,-1.9153614,5.746084,3.8307228
618982012,9.734824,-0.19632454,-0.08619126,-0.005321126,0.011706477,0.005321126,10.65,33.3,52.8,28.284273,25.830978,85795,1381.5321,-0.9576807,-0.9576807,0
619015010,9.677363,-0.20111294,0.047884032,-0.008513802,0.015963377,0.007449576,9.6,32.55,54.9,28.380117,25.831142,85795.05,1381.5281,0.9576807,-0.9576807,0.9576807
619048010,9.921572,-0.25857377,0.033518825,-0.012770702,0.011706477,0.005321126,10.2,33.6,54,28.380117,25.830666,85795.69,1381.4672,-4.7884035,2.873042,4.7884035
619081010,9.916783,-0.22984336,-0.047884032,-0.010642252,0.015963377,0.005321126,10.35,31.8,54.6,28.475964,25.831032,85795.44,1381.4907,-6.703765,3.8307228,8.619126
619126988,9.825804,-0.16759412,-0.009576807,-0.006385351,0.011706477,0.005321126,10.5,32.4,54.45,28.284273,25.831326,85795.26,1381.5079,-3.8307228,7.6614456,22.026655
619159131,9.730036,-0.25378537,0.019153614,-0.008513802,0.013834927,0,9.75,31.95,54,28.23635,25.82832,85795.05,1381.5281,-1.9153614,7.6614456,2.873042
619192010,9.749189,-0.19153613,0.009576807,-0.008513802,0.013834927,0.005321126,10.5,33.6,53.7,28.284273,25.826488,85795.26,1381.5079,-4.7884035,-0.9576807,7.6614456
619225012,9.859323,-0.24420857,-0.0047884034,-0.012770702,0.008513802,0.005321126,8.85,32.25,53.55,28.284273,25.825132,85795.57,1381.478,0,-1.9153614,6.703765
619258010,9.873688,-0.20111294,0.019153614,-0.0031926755,0.012770702,0.0021284504,8.85,33,54.3,28.380117,25.824839,85795.81,1381.4551,-0.9576807,3.8307228,7.6614456
619291012,9.844957,-0.16280572,-0.023942016,-0.008513802,0.015963377,0.004256901,10.35,33,54.6,28.284273,25.825645,85796.05,1381.4326,-4.7884035,0.9576807,9.576807
619324010,9.749189,-0.16280572,0,-0.010642252,0.011706477,0.010642252,9.45,31.95,52.95,28.044659,25.826103,85796.195,1381.4182,-1.9153614,-0.9576807,3.8307228
619357012,9.792285,-0.18674773,-0.038307227,-0.009578027,0.017027603,0.007449576,10.05,33,54.3,28.475964,25.826159,85795.82,1381.4545,-0.9576807,5.746084,4.7884035
619390010,9.864111,-0.22505496,-0.04309563,-0.009578027,0.015963377,0.011706477,9.3,33,53.55,28.428041,25.825901,85795.19,1381.5143,-4.7884035,4.7884035,1.9153614
619423012,9.825804,-0.17238252,0.023942016,-0.011706477,0.015963377,0.004256901,10.2,33.15,54.75,28.044659,25.827038,85795.266,1381.5074,-3.8307228,9.576807,1.9153614
619456007,9.691729,-0.19632454,-0.04309563,-0.004256901,0.014899152,0.005321126,10.2,32.85,53.4,28.428041,25.82744,85794.945,1381.5374,-1.9153614,4.7884035,1.9153614
619489011,9.734824,-0.21068975,0.02873042,-0.005321126,0.015963377,0.0010642252,10.5,33.9,54.45,28.044659,25.82744,85794.65,1381.566,-0.9576807,2.873042,4.7884035
619522010,9.873688,-0.22505496,0.01436521,-0.004256901,0.009578027,0.006385351,9.6,33,53.85,28.09258,25.828192,85794.28,1381.6006,-3.8307228,10.534488,4.7884035
619555012,9.888053,-0.21547815,0.019153614,-0.007449576,0.008513802,0.005321126,8.7,34.35,54.75,28.284273,25.829329,85795.29,1381.5045,-3.8307228,5.746084,6.703765
619588007,9.835381,-0.22026655,0.062249243,-0.004256901,0.010642252,0.0031926755,9,31.95,55.8,28.428041,25.829163,85795.25,1381.5085,-5.746084,7.6614456,0.9576807
619621011,9.696517,-0.20590134,0.038307227,-0.006385351,0.012770702,0.004256901,8.85,32.55,54.9,28.044659,25.829182,85795.55,1381.4803,-0.9576807,4.7884035,10.534488
619654010,9.682152,-0.1388637,0.019153614,-0.010642252,0.014899152,0.005321126,9,33.15,54,28.284273,25.82964,85795.57,1381.478,-5.746084,9.576807,9.576807
619687010,9.916783,-0.19153613,-0.05746084,-0.012770702,0.011706477,0.005321126,9.6,33,55.65,28.044659,25.829988,85796.45,1381.3934,-3.8307228,5.746084,4.7884035
619720010,9.911995,-0.16759412,-0.0047884034,-0.004256901,0.013834927,0.0031926755,9.75,31.2,56.25,28.09258,25.830244,85796.836,1381.3572,-1.9153614,2.873042,0.9576807
619753012,9.80665,-0.15322891,-0.009576807,-0.008513802,0.018091828,0.0010642252,10.65,33.3,55.35,28.23635,25.830427,85796.1,1381.4274,-1.9153614,7.6614456,8.619126
619786012,9.739613,-0.19632454,0.047884032,-0.004256901,0.010642252,0.008513802,9.75,32.85,54.45,28.284273,25.830427,85796.39,1381.3998,-2.873042,9.576807,-1.9153614
619819010,9.768343,-0.22026655,0.019153614,-0.013834927,0.012770702,0.0021284504,9.3,32.25,55.35,28.23635,25.830427,85796.32,1381.4067,-1.9153614,-0.9576807,9.576807
619852012,9.988609,-0.22984336,-0.019153614,-0.005321126,0.013834927,0.006385351,8.85,32.55,54.3,28.140503,25.831015,85796.53,1381.386,1.9153614,-0.9576807,10.534488
619885010,9.888053,-0.16280572,0.04309563,-0.006385351,0.011706477,0.0010642252,10.5,33.9,53.7,28.284273,25.830282,85796.3,1381.409,-0.9576807,9.576807,3.8307228
619918012,9.758766,-0.16280572,0.01436521,-0.009578027,0.013834927,0.005321126,11.1,31.8,53.85,28.23635,25.830465,85795.84,1381.4521,-1.9153614,4.7884035,6.703765
619951010,9.701305,-0.18674773,0.02873042,-0.011706477,0.015963377,0.004256901,10.05,33.75,52.8,28.09258,25.831179,85795.04,1381.5287,-0.9576807,2.873042,8.619126
619984012,9.773131,-0.22505496,0.038307227,-0.005321126,0.013834927,0.0021284504,10.05,31.8,52.8,28.284273,25.830263,85794.28,1381.6006,-1.9153614,-0.9576807,0
620017010,9.849746,-0.23942018,0.023942016,-0.0021284504,0.014899152,0.008513802,11.1,32.25,53.85,28.284273,25.830153,85794.7,1381.5609,-2.873042,-1.9153614,0
620050010,9.821015,-0.21068975,0.05746084,-0.009578027,0.019156054,0.007449576,8.7,31.65,54.45,28.140503,25.831087,85794.94,1381.5378,-2.873042,9.576807,5.746084
620083012,9.739613,-0.22505496,-0.05267244,-0.008513802,0.015963377,0.0021284504,10.05,30.75,54.6,28.044659,25.831362,85795.17,1381.516,-3.8307228,8.619126,0
620128975,9.787497,-0.23463176,0.033518825,-0.007449576,0.017027603,0.0031926755,9.3,32.55,55.35,28.09258,25.830832,85794.91,1381.5414,-4.7884035,4.7884035,9.576807
620161115,9.921572,-0.20111294,-0.0047884034,-0.007449576,0.013834927,-0.0021284504,9.75,32.85,53.7,28.380117,25.827368,85795.68,1381.4677,-0.9576807,5.746084,5.746084
620194011,9.830592,-0.11971009,0.076614454,-0.009578027,0.009578027,0.004256901,10.35,32.55,54.6,28.428041,25.82592,85796.5,1381.3889,-1.9153614,6.703765,10.534488
620227010,9.854534,-0.18674773,0.076614454,-0.006385351,0.010642252,0.007449576,9,33.15,54,28.475964,25.825296,85796.62,1381.3779,-0.9576807,9.576807,3.8307228
620260012,9.720459,-0.24899697,-0.01436521,-0.010642252,0.013834927,0.0031926755,10.35,32.25,54.6,28.380117,25.824675,85795.95,1381.4412,-6.703765,4.7884035,2.873042
620293010,9.830592,-0.25378537,-0.05746084,-0.006385351,0.013834927,0.0021284504,7.65,32.4,54.75,28.23635,25.82493,85795.02,1381.5298,-0.9576807,4.7884035,10.534488
620326012,9.883265,-0.18195933,0.05746084,-0.008513802,0.019156054,0.0031926755,10.65,32.25,53.55,28.380117,25.826012,85794.36,1381.5931,-0.9576807,3.8307228,15.322891
620359010,9.792285,-0.1436521,0.047884032,-0.011706477,0.010642252,0.009578027,10.65,31.5,53.55,28.284273,25.826965,85794.76,1381.5552,-4.7884035,6.703765,3.8307228
620392012,9.782708,-0.19153613,-0.019153614,-0.011706477,0.012770702,0.005321126,9.75,31.65,54.45,28.23635,25.827385,85795.734,1381.4625,-5.746084,-0.9576807,0
620425007,9.749189,-0.21547815,-0.019153614,-0.008513802,0.015963377,0.007449576,8.85,32.25,54.6,28.284273,25.827404,85795.67,1381.4683,-0.9576807,5.746084,12.449849
620458011,9.883265,-0.20590134,0.0047884034,-0.011706477,0.013834927,0.006385351,9.3,31.05,55.35,28.044659,25.828302,85795.516,1381.4833,3.8307228,0,11.492168
620491012,9.864111,-0.1436521,0.05746084,-0.011706477,0.014899152,0.005321126,8.85,34.05,54.6,28.044659,25.828835,85795.37,1381.4971,-3.8307228,2.873042,2.873042
620524010,9.816227,-0.21547815,0.076614454,-0.009578027,0.012770702,0.004256901,8.7,33.15,54.75,28.380117,25.828943,85795.195,1381.5137,1.9153614,4.7884035,10.534488
620557012,9.797073,-0.18195933,-0.05267244,-0.008513802,0.010642252,0.006385351,10.5,32.85,55.2,28.284273,25.82975,85795.086,1381.524,-3.8307228,7.6614456,8.619126
620590010,9.730036,-0.23942018,-0.04309563,-0.007449576,0.011706477,0.0010642252,9.3,32.25,55.35,28.044659,25.83094,85795.25,1381.5085,-5.746084,3.8307228,9.576807
620623012,9.888053,-0.22505496,0.038307227,-0.005321126,0.014899152,-0.008513802,8.85,32.25,54.3,28.140503,25.831253,85795.26,1381.5079,-0.9576807,3.8307228,8.619126
620656007,9.921572,-0.12449849,0.04309563,-0.006385351,0.008513802,0.004256901,9.6,34.05,54.9,28.140503,25.83105,85795.19,1381.5143,-5.746084,7.6614456,11.492168
620689012,9.801862,-0.17717093,0.033518825,-0.006385351,0.008513802,0.004256901,10.5,31.95,56.25,28.044659,25.830887,85794.82,1381.5494,-0.9576807,5.746084,10.534488
620722010,9.696517,-0.18195933,-0.02873042,-0.006385351,0.013834927,0.007449576,11.1,33,54.3,28.23635,25.830482,85794.65,1381.566,-4.7884035,5.746084,7.6614456
620755012,9.753978,-0.21547815,0.023942016,-0.009578027,0.011706477,0.0021284504,8.7,32.85,54.45,28.380117,25.830465,85794.87,1381.5448,-1.9153614,-0.9576807,14.365211
620788010,9.959879,-0.20111294,0.023942016,-0.013834927,0.012770702,0.005321126,8.1,33.3,56.1,28.428041,25.82986,85795.05,1381.5281,-4.7884035,9.576807,7.6614456
620821012,9.888053,-0.1340753,0.033518825,-0.006385351,0.017027603,0,9,32.4,55.2,28.23635,25.829567,85794.94,1381.5378,-0.9576807,6.703765,4.7884035
620854010,9.868899,-0.16759412,0.023942016,-0.012770702,0.012770702,0.004256901,9,32.4,55.8,28.475964,25.830208,85795.6,1381.4752,-2.873042,5.746084,5.746084
620887010,9.677363,-0.20111294,0.02873042,-0.010642252,0.013834927,0.005321126,9.45,31.65,55.8,28.140503,25.830704,85796.1,1381.4274,-2.873042,3.8307228,8.619126
620920012,9.868899,-0.20590134,0.02873042,-0.007449576,0.014899152,0.005321126,9.75,32.4,55.2,28.284273,25.830923,85796.164,1381.4211,-3.8307228,5.746084,4.7884035
620953010,9.92636,-0.21068975,0.038307227,-0.009578027,0.012770702,0.004256901,10.05,33,53.85,28.23635,25.831234,85795.516,1381.4833,-1.9153614,4.7884035,4.7884035
620986010,9.902418,-0.1340753,0,-0.008513802,0.011706477,0.0021284504,9.3,31.5,54.3,28.428041,25.831326,85795.13,1381.5194,-0.9576807,3.8307228,16.280571
621019010,9.821015,-0.16759412,0.01436521,-0.009578027,0.015963377,0.004256901,10.65,32.55,53.55,28.140503,25.8314,85794.86,1381.5454,-0.9576807,7.6614456,3.8307228
621052012,9.710882,-0.17717093,0.0047884034,-0.006385351,0.012770702,-0.0010642252,10.05,32.55,54.3,28.23635,25.83173,85794.695,1381.5615,-4.7884035,2.873042,11.492168
621085010,9.854534,-0.19632454,-0.0047884034,-0.007449576,0.021284504,0.004256901,9.45,32.85,54.75,28.428041,25.831839,85795.28,1381.5056,1.9153614,4.7884035,6.703765
621130974,9.902418,-0.17717093,0.01436521,-0.004256901,0.012770702,0.005321126,8.85,32.25,55.35,28.23635,25.832077,85794.88,1381.5431,-3.8307228,8.619126,3.8307228
621163115,9.825804,-0.19632454,0.05267244,-0.007449576,0.012770702,0.0021284504,10.2,32.4,54.45,28.140503,25.82931,85793.98,1381.6299,-4.7884035,11.492168,11.492168
621196011,9.682152,-0.22505496,0.02873042,-0.004256901,0.013834927,0.007449576,9.3,34.5,54.6,28.380117,25.82724,85793.59,1381.6661,-1.9153614,2.873042,3.8307228
621229010,9.840169,-0.23942018,-0.0047884034,-0.006385351,0.015963377,0.006385351,10.35,31.95,53.7,28.284273,25.826433,85793.164,1381.707,-2.873042,5.746084,3.8307228
621262012,9.883265,-0.23463176,-0.033518825,-0.011706477,0.013834927,0.007449576,9.3,33,54.3,28.140503,25.826982,85793.375,1381.6869,-0.9576807,1.9153614,8.619126
621295010,9.873688,-0.15801731,-0.009576807,-0.012770702,0.014899152,0.006385351,9.3,32.25,53.55,28.09258,25.827404,85794.1,1381.6178,-5.746084,4.7884035,4.7884035
621328012,9.830592,-0.16759412,0.04309563,-0.005321126,0.011706477,0.004256901,10.2,31.65,54.45,28.140503,25.82757,85794.625,1381.5684,-4.7884035,5.746084,11.492168
621361010,9.68694,-0.19153613,-0.009576807,-0.006385351,0.013834927,-0.0010642252,10.05,32.55,54.6,27.948812,25.828577,85794.76,1381.5552,-2.873042,1.9153614,6.703765
621394010,9.844957,-0.25857377,-0.01436521,-0.007449576,0.011706477,0.007449576,10.5,32.85,54,28.23635,25.829329,85794.29,1381.6,-0.9576807,2.873042,3.8307228
621427010,9.974244,-0.22984336,0.019153614,-0.008513802,0.015963377,-0.0021284504,11.1,31.8,56.4,28.428041,25.82887,85795.164,1381.5166,-3.8307228,3.8307228,5.746084
621460012,9.89763,-0.11492168,-0.0047884034,-0.008513802,0.011706477,0.0021284504,9.3,33.3,54.6,28.140503,25.82911,85795.23,1381.5109,-1.9153614,6.703765,9.576807
621493010,9.749189,-0.17238252,0.023942016,-0.005321126,0.012770702,0.005321126,10.5,33.6,54.75,28.140503,25.830025,85794.836,1381.5476,-3.8307228,-2.873042,0.9576807
621526012,9.682152,-0.16280572,0.033518825,-0.007449576,0.018091828,0.0021284504,9.6,33,53.85,28.475964,25.83129,85794.516,1381.5787,-4.7884035,-0.9576807,9.576807
621559010,9.888053,-0.21547815,-0.009576807,-0.009578027,0.011706477,0.0021284504,9.6,32.55,54.9,27.90089,25.830923,85794.01,1381.6271,-2.873042,2.873042,5.746084
621592010,9.892841,-0.24899697,0.019153614,-0.011706477,0.006385351,0.0031926755,10.95,32.85,53.4,28.140503,25.831234,85794.19,1381.6093,-6.703765,3.8307228,5.746084
621625012,9.854534,-0.21547815,0.019153614,-0.005321126,0.006385351,0.007449576,9.45,32.85,53.7,28.380117,25.831766,85794.234,1381.6052,-2.873042,-0.9576807,7.6614456
621658010,9.739613,-0.17238252,-0.019153614,-0.011706477,0.013834927,-0.0021284504,10.65,33,53.1,28.140503,25.832169,85794.414,1381.5879,-0.9576807,6.703765,0
621691012,9.710882,-0.17717093,0.02873042,-0.009578027,0.013834927,0,10.65,33,53.55,28.475964,25.832169,85794.055,1381.6224,-0.9576807,0.9576807,14.365211
621724010,9.840169,-0.2825158,0.04309563,-0.006385351,0.018091828,0.0021284504,10.95,32.4,55.5,28.428041,25.832169,85794.07,1381.6213,-6.703765,2.873042,15.322891
621757012,9.873688,-0.23463176,0.009576807,-0.007449576,0.015963377,0.006385351,8.85,33,55.35,28.284273,25.832756,85794.5,1381.5798,-2.873042,2.873042,8.619126
621856010,9.80665,-0.17717093,0.019153614,-0.0031926755,0.013834927,0.006385351,9.45,31.95,54.45,28.428041,25.833544,85795.17,1381.516,-0.9576807,5.746084,1.9153614
621889010,9.844957,-0.22984336,-0.019153614,-0.005321126,0.010642252,0.0010642252,10.5,32.4,54.45,28.380117,25.834661,85795.5,1381.4844,-3.8307228,2.873042,8.619126
621922010,9.825804,-0.22984336,0.038307227,-0.009578027,0.010642252,0.0031926755,10.35,33,53.55,28.284273,25.834917,85795.336,1381.4999,-6.703765,4.7884035,5.746084
621955012,9.80665,-0.19632454,0.038307227,-0.008513802,0.018091828,0.009578027,10.65,32.55,53.85,28.140503,25.834679,85795.414,1381.4924,-0.9576807,6.703765,4.7884035
621988010,9.730036,-0.17717093,0.095768064,-0.009578027,0.012770702,0.0021284504,10.2,31.95,53.7,28.09258,25.83479,85795.1,1381.523,1.9153614,10.534488,3.8307228
622021012,9.763555,-0.20111294,0.047884032,-0.007449576,0.010642252,0.004256901,10.35,32.25,53.85,28.619732,25.834717,85795.414,1381.4924,1.9153614,4.7884035,11.492168
622054010,9.935937,-0.19153613,-0.02873042,-0.005321126,0.010642252,0.0021284504,10.35,33.75,52.8,28.380117,25.834955,85795.85,1381.4515,-0.9576807,5.746084,6.703765
622087010,9.859323,-0.1340753,0.02873042,-0.011706477,0.011706477,0.005321126,10.35,32.55,53.1,28.140503,25.835138,85795.45,1381.489,-4.7884035,8.619126,3.8307228
622132976,9.65821,-0.19632454,0.05267244,-0.010642252,0.012770702,0,9.75,31.95,55.8,28.09258,25.835283,85795.88,1381.4481,2.873042,3.8307228,7.6614456
622165115,9.701305,-0.22505496,0.0047884034,-0.009578027,0.015963377,0.006385351,9.3,31.8,53.85,28.044659,25.832462,85794.59,1381.5713,-5.746084,8.619126,0
622198011,9.921572,-0.23942018,-0.023942016,-0.0031926755,0.012770702,0.007449576,10.5,32.4,53.4,28.284273,25.830044,85794.58,1381.5724,-0.9576807,9.576807,11.492168
622231012,9.907207,-0.14844051,0.009576807,-0.008513802,0.012770702,0.0021284504,7.95,30.9,54,28.09258,25.828228,85794.14,1381.6138,-3.8307228,9.576807,8.619126
622264010,9.811439,-0.15801731,-0.033518825,0.0010642252,0.011706477,0.0031926755,9,31.2,53.4,28.044659,25.828192,85795.08,1381.5247,-1.9153614,5.746084,7.6614456
622297012,9.739613,-0.17717093,-0.023942016,-0.007449576,0.013834927,0.0021284504,9.75,32.4,54.45,28.140503,25.82845,85794.555,1381.5747,-4.7884035,5.746084,11.492168
622330010,9.725247,-0.19632454,0.06703765,-0.012770702,0.012770702,0.004256901,10.65,32.25,55.35,28.09258,25.828796,85794.18,1381.6104,-2.873042,9.576807,12.449849
622363010,9.92636,-0.21068975,-0.07182605,-0.014899152,0.034055207,-0.03299098,10.35,33,54.3,28.23635,25.829933,85794.375,1381.5919,1.9153614,5.746084,10.534488
622396010,9.873688,-0.10055647,0.009576807,-0.008513802,0.03511943,-0.036183655,10.65,31.5,53.55,28.23635,25.830795,85793.94,1381.6334,-6.703765,7.6614456,4.7884035
622429012,9.706094,0.06703765,0.05746084,-0.007449576,0.024477178,-0.012770702,9.75,32.4,54.45,28.09258,25.832169,85793.91,1381.6362,-4.7884035,11.492168,15.322891
622462010,9.691729,-0.019153614,0.04309563,-0.0031926755,0.0010642252,0.018091828,9.45,31.65,54.45,28.428041,25.832462,85793.875,1381.6398,-2.873042,0,7.6614456
622495010,9.797073,-0.2777274,-0.10534488,-0.011706477,0.013834927,0.012770702,11.1,30.75,54.3,28.380117,25.83356,85794.47,1381.5828,-5.746084,3.8307228,9.576807
622528012,9.868899,-0.3878607,0.19632454,-0.010642252,0.027669854,-0.014899152,11.1,33,53.1,28.428041,25.833946,85794.38,1381.5908,-1.9153614,4.7884035,6.703765
622561010,9.859323,-0.06703765,0.08140286,-0.008513802,0.019156054,-0.0010642252,10.95,31.65,53.4,28.23635,25.834387,85794.65,1381.566,-6.703765,-0.9576807,5.746084
622594010,9.816227,-0.35913026,0.009576807,-0.005321126,0.029798305,-0.028734079,8.85,30.75,54.9,28.044659,25.834862,85795.45,1381.489,-1.9153614,3.8307228,1.9153614
622627012,9.653421,-0.19632454,0.10055647,-0.009578027,0.04363323,-0.046825908,11.1,32.55,53.1,28.284273,25.83521,85794.61,1381.5696,-0.9576807,5.746084,5.746084
622660010,9.744401,0.04309563,0.15322891,-0.007449576,0.019156054,-0.0031926755,9.45,31.95,53.7,28.380117,25.835047,85793.88,1381.6385,-1.9153614,4.7884035,0.9576807
622693010,9.797073,0.019153614,0.19153613,-0.0031926755,-0.013834927,0.054275483,8.4,32.85,52.95,28.09258,25.83477,85794.18,1381.6104,-1.9153614,10.534488,9.576807
622726012,9.9550905,-0.5554548,-0.023942016,-0.022348728,-0.014899152,0.05214703,10.2,31.95,54.45,28.380117,25.835283,85794.695,1381.5615,-9.576807,6.703765,4.7884035
622759007,9.734824,-0.10055647,0.15801731,-0.011706477,-0.007449576,0.040440556,10.2,32.4,54,28.284273,25.835247,85794.85,1381.5465,-0.9576807,4.7884035,13.40753
622792011,9.682152,0.08140286,0.04309563,-0.03724788,-0.026605628,0.076624215,10.5,32.85,55.2,28.428041,25.834917,85794.76,1381.5552,-0.9576807,2.873042,11.492168
622825010,9.744401,-0.47884035,0.0047884034,-0.04150478,-0.046825908,0.10216562,11.1,32.25,52.8,28.619732,25.835413,85794.84,1381.5471,-7.6614456,4.7884035,0.9576807
622858012,9.821015,-0.10534488,0.1340753,-0.046825908,-0.11280786,0.06598196,8.55,31.5,54.3,28.23635,25.83578,85795.05,1381.5281,-0.9576807,2.873042,5.746084
622891010,10.022128,0.30166942,-0.5746084,-0.114936315,-0.15963377,0.005321126,9.45,31.2,54,28.428041,25.83576,85794.71,1381.5603,-0.9576807,3.8307228,0.9576807
622924012,10.338163,0.4213795,-0.5793968,-0.28201967,-0.17453292,-0.08939491,10.2,29.7,52.2,28.284273,25.83589,85794.195,1381.6086,-5.746084,4.7884035,6.703765
622957010,11.152191,0.39743748,-0.5746084,-0.4618737,-0.17453292,-0.21390925,9.3,30.3,53.55,28.140503,25.836126,85793.69,1381.657,1.9153614,7.6614456,9.576807
622990010,10.548853,0.033518825,-0.08619126,-0.56510353,-0.11600055,-0.25222135,9.45,32.4,53.7,28.09258,25.836311,85793.74,1381.6519,-3.8307228,8.619126,4.7884035
623023012,10.141838,-0.2681506,0.37828386,-0.54169065,-0.08939491,-0.17453292,10.95,30.15,51.9,28.380117,25.836603,85793.97,1381.6305,-2.873042,2.873042,3.8307228
623056010,10.189722,-0.36870706,0.5554548,-0.34480897,-0.054275483,-0.07555999,10.5,30.15,52.2,27.948812,25.836952,85793.72,1381.654,-0.9576807,2.873042,9.576807
623089010,9.935937,-0.076614454,0.21547815,-0.14579885,0.023412954,0.045761682,10.65,29.1,53.1,28.140503,25.837374,85793.86,1381.6409,-0.9576807,7.6614456,9.576807
623134974,9.792285,0.35434186,-0.21547815,-0.123450115,0.108550966,0.1266428,12,30.15,53.7,28.284273,25.83739,85794.34,1381.5948,1.9153614,6.703765,3.8307228
623167115,9.959879,0.4309563,-0.2825158,-0.25009292,0.22348729,0.14260617,12,28.2,52.95,28.284273,25.834332,85794.51,1381.5793,2.873042,-0.9576807,8.619126
623200010,9.945514,0.521936,-0.2777274,-0.38950643,0.3086253,0.108550966,13.65,29.1,52.8,28.044659,25.83248,85794.3,1381.5989,1.9153614,-1.9153614,11.492168
623233010,9.801862,0.33997664,-0.15322891,-0.46293795,0.35332274,0.10429406,13.65,28.05,54.6,28.284273,25.831821,85793.99,1381.6282,-2.873042,1.9153614,16.280571
623266012,9.753978,0.35434186,-0.08619126,-0.4906078,0.37992838,0.08726646,13.95,26.85,54.6,28.140503,25.831326,85794.63,1381.5673,-3.8307228,7.6614456,6.703765
623299007,9.682152,0.41180268,0.11971009,-0.5980946,0.38524953,0.05214703,15.45,26.1,54.6,28.23635,25.830648,85794.76,1381.5552,-4.7884035,7.6614456,5.746084
623332011,9.911995,0.33518824,-0.05267244,-0.5959661,0.34693742,0.07023886,12.9,23.85,53.85,28.140503,25.831179,85794.63,1381.5673,-0.9576807,6.703765,6.703765
623365010,9.557653,0.14844051,0.009576807,-0.59277344,0.29372615,0.05214703,16.2,24,53.7,28.23635,25.831875,85794.6,1381.5701,-7.6614456,4.7884035,4.7884035
623398010,9.940725,-0.02873042,0.05267244,-0.5693605,0.25860673,-0.0031926755,16.95,23.4,53.85,28.09258,25.832096,85794.22,1381.6063,1.9153614,7.6614456,4.7884035
623431010,9.442732,-0.272939,0.34476504,-0.45868105,0.17134026,-0.061725058,16.35,24.45,51.6,28.475964,25.83226,85793.94,1381.6334,-1.9153614,4.7884035,11.492168
623464010,9.548077,-0.40701428,0.40701428,-0.26818475,0.10429406,-0.09790871,17.85,23.55,53.7,28.284273,25.832682,85793.64,1381.6616,-3.8307228,7.6614456,2.873042
623497012,9.409213,-0.4357447,0.4357447,0.006385351,-0.011706477,-0.12238589,18.15,22.5,52.95,28.284273,25.8327,85793.79,1381.6478,-0.9576807,9.576807,8.619126
623530010,9.524135,-0.34955344,0.33039984,0.21284503,-0.06385351,-0.14473462,18,23.1,51.75,28.380117,25.8336,85794.086,1381.6196,-1.9153614,3.8307228,6.703765
623563012,9.514558,-0.320823,0.33039984,0.38631374,-0.11280786,-0.13941349,18.9,24,52.2,28.380117,25.833965,85793.375,1381.6869,-0.9576807,4.7884035,2.873042
623596010,9.3421755,-0.40222588,0.29688102,0.5086996,-0.17346871,-0.10216562,16.95,24.15,52.8,28.428041,25.833965,85793.51,1381.6748,-6.703765,11.492168,6.703765
623629010,9.481039,-0.29688102,0.15322891,0.5278557,-0.20965236,-0.079816885,17.85,24,53.4,28.284273,25.835724,85793.53,1381.6725,-0.9576807,1.9153614,0.9576807
623663878,9.332599,-0.2777274,0.23942018,0.47890133,-0.25541404,-0.05959661,16.8,25.2,52.95,28.23635,25.835266,85793.914,1381.6357,-2.873042,8.619126,7.6614456
623696016,9.409213,-0.10534488,0.16759412,0.41504782,-0.28308392,-0.031926755,17.25,26.55,51.3,28.380117,25.835522,85793.6,1381.665,-1.9153614,2.873042,4.7884035
623729008,9.519346,-0.06703765,0.110133275,0.36290076,-0.27457008,-0.006385351,16.8,27,50.1,28.380117,25.835413,85793.875,1381.6398,-2.873042,4.7884035,3.8307228
623762011,9.821015,-0.2825158,0.29688102,0.4267543,-0.24796446,0.012770702,16.95,27.3,50.7,28.475964,25.835047,85794.17,1381.611,-0.9576807,7.6614456,6.703765
623795010,9.734824,-0.36870706,0.31124622,0.5299841,-0.203267,0.038312107,16.05,25.95,50.4,28.428041,25.835505,85794.26,1381.6029,-1.9153614,6.703765,0.9576807
623828012,9.840169,-0.18674773,0.21547815,0.64066356,-0.1308997,0.031926755,15.3,27.45,50.4,28.09258,25.83512,85794.32,1381.5972,-5.746084,6.703765,6.703765
623861010,9.710882,-0.19153613,0.20590134,0.71196663,-0.07236731,0.020220278,16.95,28.8,49.5,28.284273,25.83512,85794.56,1381.5741,-3.8307228,3.8307228,2.873042
623894010,9.878476,-0.35913026,0.45489833,0.9418393,-0.019156054,0.05533971,16.05,29.7,49.35,28.140503,25.83512,85794.02,1381.6254,-5.746084,1.9153614,0
623927012,9.864111,-0.36391866,0.25857377,1.1057299,0.03511943,0.068110414,15.45,31.5,49.2,28.09258,25.835413,85794.12,1381.6167,-5.746084,8.619126,5.746084
623960010,9.859323,-0.36870706,0.3878607,1.252593,0.10748675,0.08939491,15.9,30.75,48.9,28.09258,25.836365,85793.76,1381.6506,-0.9576807,9.576807,11.492168
623993010,9.916783,-0.4309563,0.32561144,1.4335113,0.15963377,0.07875266,15.9,32.25,48.15,28.140503,25.8362,85794.17,1381.611,-2.873042,5.746084,7.6614456
624026012,9.9550905,-0.29209262,0.10534488,1.5771817,0.18517518,0.07555999,17.25,34.5,48.9,28.23635,25.835926,85794.45,1381.5845,-6.703765,-1.9153614,6.703765
624059010,9.950302,-0.40222588,0.10055647,1.7102098,0.18411095,0.06704619,15.45,32.25,48.15,28.09258,25.83543,85794.61,1381.5696,-3.8307228,3.8307228,4.7884035
624092010,9.792285,-0.4165911,-0.062249243,1.7889625,0.15750532,0.071303084,15.6,35.4,47.55,28.23635,25.836073,85795.08,1381.5247,-1.9153614,5.746084,3.8307228
624137988,9.80665,-0.45010993,-0.04309563,1.885807,0.091523364,0.068110414,16.05,36.15,46.5,28.140503,25.83642,85794.96,1381.5361,-3.8307228,5.746084,4.7884035
624170131,9.543288,-0.32561144,-0.08619126,1.8485591,0.03724788,0.08088111,17.1,38.85,47.25,27.948812,25.832865,85794.54,1381.5764,-1.9153614,11.492168,10.534488
624203010,9.639056,-0.45489833,0.05746084,1.9081557,0.006385351,0.120257445,16.95,39.15,44.55,28.23635,25.83138,85794.32,1381.5972,-4.7884035,4.7884035,5.746084
624236012,9.883265,-0.49320555,0,1.9507247,0.011706477,0.111743644,17.25,39.9,42.75,28.284273,25.830996,85794.586,1381.5718,-0.9576807,3.8307228,8.619126
624269010,9.811439,-0.60333884,-0.01436521,1.9634954,-0.014899152,0.12238589,17.1,43.8,42.45,28.475964,25.83041,85794.875,1381.5442,-3.8307228,9.576807,9.576807
624302010,9.916783,-0.60333884,-0.009576807,2.046505,-0.017027603,0.13834926,17.7,43.35,41.25,28.284273,25.830849,85795.125,1381.5206,-1.9153614,5.746084,3.8307228
624335012,9.950302,-0.7086837,0.05267244,2.0901382,-0.015963377,0.1266428,17.55,45,39.6,28.428041,25.831913,85795.31,1381.5022,-3.8307228,0.9576807,8.619126
624368010,9.821015,-0.6655881,0.06703765,2.192304,-0.014899152,0.117064774,17.25,45.15,37.65,28.23635,25.832573,85795.43,1381.4913,-2.873042,11.492168,1.9153614
624401010,9.940725,-0.6895301,0.04309563,2.292341,0.020220278,0.10429406,16.95,47.1,36.15,28.380117,25.833635,85795.484,1381.4861,-3.8307228,6.703765,5.746084
624434012,9.643845,-0.51714754,-0.15322891,2.377479,0.048954356,0.071303084,17.25,46.65,33.3,28.23635,25.833708,85795.234,1381.5103,-4.7884035,9.576807,0.9576807
624467010,9.821015,-0.4165911,-0.17717093,2.2742493,0.018091828,0.038312107,17.25,48.6,31.5,28.23635,25.834204,85794.84,1381.5471,-2.873042,5.746084,8.619126
624500010,9.77792,-0.37349546,0.009576807,2.1965606,-0.011706477,0.007449576,16.05,48.9,29.55,28.23635,25.835175,85794.39,1381.5902,-5.746084,9.576807,8.619126
624533012,9.892841,-0.4405331,0.08619126,2.0997162,-0.04363323,0.021284504,18.15,49.2,27,28.380117,25.836035,85794.36,1381.5931,-5.746084,-0.9576807,1.9153614
624566010,9.648633,-0.47405192,0.11971009,2.0433123,-0.05533971,0.03299098,16.95,49.35,24.6,28.284273,25.83609,85794.664,1381.5643,-3.8307228,2.873042,5.746084
624599012,9.744401,-0.5410896,0.2825158,2.024156,-0.050018582,0.036183655,18.15,49.65,23.7,28.380117,25.836292,85794.914,1381.5402,-0.9576807,9.576807,4.7884035
624632010,9.768343,-0.50278234,0.1388637,2.018835,-0.046825908,0.029798305,17.25,49.35,22.5,28.428041,25.836731,85794.44,1381.5856,3.8307228,4.7884035,14.365211
624665010,9.816227,-0.641646,0.23942018,2.0337343,-0.026605628,0.011706477,18,48.6,18.45,28.140503,25.836329,85794.07,1381.6213,-1.9153614,5.746084,8.619126
624698010,9.840169,-0.5650316,0.15322891,2.0294774,0.0021284504,-0.0021284504,18.9,48.9,18.3,28.09258,25.83675,85793.664,1381.6593,-1.9153614,7.6614456,2.873042
624731012,9.648633,-0.5267244,0.16759412,2.0209637,0.022348728,0.006385351,17.7,48.3,15.3,28.140503,25.83752,85794.305,1381.5983,-9.576807,3.8307228,4.7884035
624764010,9.701305,-0.60812724,0.23942018,2.0060644,0.071303084,0.034055207,18.45,48.3,14.25,28.23635,25.837648,85794.27,1381.6012,-4.7884035,7.6614456,7.6614456
624797010,10.0029745,-0.5793968,0.25857377,1.9645597,0.07023886,0.023412954,18.9,45.75,12.15,28.09258,25.837887,85793.836,1381.6432,-1.9153614,5.746084,2.873042
624863010,9.610326,-0.5650316,0.2873042,2.0337343,0.05108281,-0.0031926755,18.45,43.65,7.35,28.284273,25.837446,85793.44,1381.6812,0.9576807,2.873042,0.9576807
624896010,9.706094,-0.46447513,0.15322891,1.965624,0.053211257,0.034055207,19.5,43.65,6.6,28.044659,25.83774,85793.37,1381.688,-3.8307228,4.7884035,11.492168
624929012,9.639056,-0.4405331,0.15801731,1.9815873,0.018091828,0.053211257,16.95,42.45,4.5,28.428041,25.837812,85793.85,1381.6415,-4.7884035,11.492168,20.111294
624962010,9.667787,-0.38307226,0.076614454,1.9688165,-0.014899152,0.064917736,17.85,39.3,5.4,28.284273,25.838161,85793.99,1381.6282,4.7884035,9.576807,7.6614456
624995010,9.615114,-0.29688102,-0.07182605,1.9539175,-0.040440556,0.07023886,18.15,39.6,4.2,28.09258,25.838272,85793.77,1381.6489,2.873042,2.873042,3.8307228
625028012,9.739613,-0.07182605,-0.18674773,1.8208892,-0.060660835,0.09790871,17.25,38.25,1.95,28.140503,25.838655,85793.52,1381.6731,-4.7884035,8.619126,3.8307228
625061010,9.56723,-0.095768064,-0.15801731,1.7272375,-0.091523364,0.09471604,18.15,37.8,1.05,28.428041,25.838802,85793.164,1381.707,-2.873042,4.7884035,2.873042
625094012,9.734824,0.2825158,-0.29209262,1.4388324,-0.08939491,0.111743644,18.75,35.7,0.9,28.380117,25.838894,85793.62,1381.6638,-1.9153614,1.9153614,7.6614456
625139975,9.821015,0.32561144,-0.18674773,1.0195277,-0.048954356,0.10110139,18.6,33.9,-2.1,28.044659,25.839573,85793.5,1381.6754,-1.9153614,2.873042,4.7884035
625172116,9.854534,0.24420857,-0.21547815,0.63214976,-0.026605628,0.05108281,19.5,33.75,-1.5,28.284273,25.836403,85793.39,1381.6858,-3.8307228,-0.9576807,3.8307228
625205010,9.998186,0.1388637,-0.11971009,0.31075373,0.010642252,0.028734079,17.55,30.9,-2.4,28.23635,25.834606,85793.57,1381.6678,-2.873042,-0.9576807,1.9153614
625238010,10.0269165,-0.047884032,-0.033518825,0.17027603,0.014899152,0.022348728,19.65,33.6,-3.15,28.09258,25.833855,85793.24,1381.6996,-5.746084,-1.9153614,6.703765
625271012,10.022128,-0.11492168,-0.009576807,0.012770702,0,0.011706477,19.5,33,-3,28.140503,25.83402,85793.3,1381.6943,-0.9576807,1.9153614,0.9576807
625304010,10.084377,-0.11971009,-0.0047884034,-0.09684449,-0.0021284504,0.03724788,19.05,33.75,-2.25,28.475964,25.833708,85793.09,1381.714,-2.873042,3.8307228,9.576807
625337012,10.151415,-0.076614454,-0.10534488,-0.31713912,0.0031926755,0.053211257,17.1,32.85,-3.6,28.140503,25.83479,85793.07,1381.7157,-1.9153614,5.746084,12.449849
625370010,10.223241,-0.11971009,-0.16759412,-0.53743374,0.017027603,0.07023886,18.9,33.9,-2.4,28.428041,25.835009,85793.516,1381.6737,-5.746084,5.746084,1.9153614
625403010,10.228029,-0.16759412,-0.20590134,-0.8194534,0.048954356,0.07555999,18.6,34.65,-2.85,27.90089,25.83578,85793.68,1381.6581,-1.9153614,6.703765,3.8307228
625436012,10.022128,-0.1388637,-0.06703765,-1.0397481,0.08088111,0.076624215,18.75,32.55,-1.5,28.140503,25.836933,85793.63,1381.6621,-1.9153614,-0.9576807,0
625469010,9.998186,-0.15801731,-0.20111294,-1.2249233,0.100037165,0.07555999,19.5,34.5,-1.5,28.284273,25.838234,85793.39,1381.6858,-3.8307228,2.873042,11.492168
625502010,9.701305,-0.2681506,0.047884032,-1.3611441,0.09471604,0.03511943,17.85,35.4,0,28.380117,25.83906,85793.62,1381.6638,-7.6614456,-0.9576807,2.873042
625535012,9.768343,-0.2633622,-0.04309563,-1.4186121,0.05214703,-0.015963377,19.35,37.8,0,28.380117,25.839243,85793.555,1381.6702,-1.9153614,9.576807,5.746084
625568010,9.844957,-0.22505496,-0.20111294,-1.573989,0.021284504,-0.07555999,19.35,38.55,0.3,27.852966,25.839828,85793.74,1381.6519,-0.9576807,7.6614456,6.703765
625601010,9.797073,-0.20590134,-0.2777274,-1.7070172,0.010642252,-0.11919322,18.45,37.5,1.95,28.140503,25.84025,85794.164,1381.6116,-2.873042,3.8307228,7.6614456
625634012,9.725247,-0.272939,-0.23942018,-1.8613299,-0.008513802,-0.15324843,18.6,40.35,4.2,28.428041,25.840286,85794.44,1381.5856,-2.873042,8.619126,3.8307228
625667010,9.840169,-0.272939,-0.24899697,-2.0805602,-0.006385351,-0.13409238,16.95,41.4,6.3,28.23635,25.841057,85794.78,1381.5529,-5.746084,8.619126,15.322891
625700010,9.739613,-0.38307226,-0.23942018,-2.197625,-0.0010642252,-0.12877125,19.05,44.1,6.6,28.284273,25.842064,85795.13,1381.5194,-1.9153614,8.619126,9.576807
625733012,9.648633,-0.4405331,-0.11971009,-2.3402312,-0.0031926755,-0.08407379,18.9,45.75,8.25,28.380117,25.842524,85794.61,1381.5696,-4.7884035,8.619126,4.7884035
625766010,9.691729,-0.6847417,-0.0047884034,-2.3710938,-0.010642252,-0.06917463,17.7,46.35,11.25,28.09258,25.841991,85794.33,1381.596,-4.7884035,8.619126,5.746084
625799010,9.89763,-0.6464345,0.04309563,-2.2827628,-0.026605628,-0.07236731,17.7,47.1,13.05,28.140503,25.842321,85794.41,1381.5885,-0.9576807,2.873042,2.873042
625832010,9.811439,-0.6895301,0.06703765,-2.1997535,-0.021284504,-0.07555999,19.5,47.55,15.6,28.284273,25.842432,85794.59,1381.5713,1.9153614,9.576807,9.576807
625865010,9.773131,-0.6943185,0.08140286,-2.1071658,-0.019156054,-0.07343154,19.05,47.55,17.1,28.044659,25.842505,85794.87,1381.5448,-1.9153614,5.746084,5.746084
625898010,9.744401,-0.6560113,0.110133275,-2.013514,0,-0.05959661,18,48.6,18.45,28.428041,25.842707,85795.1,1381.523,-0.9576807,10.534488,5.746084
625931012,9.753978,-0.6607997,0.20111294,-1.914541,0.015963377,-0.06278928,18.9,49.2,19.05,28.284273,25.842999,85795.9,1381.4464,-2.873042,3.8307228,7.6614456
625964010,9.639056,-0.45968673,-0.038307227,-1.8283389,0.04150478,-0.03511943,19.35,48.9,21.9,28.044659,25.843237,85796.055,1381.4314,-1.9153614,3.8307228,6.703765
625997010,9.619903,-0.44532153,-0.05267244,-1.8506876,0.038312107,0.0021284504,17.25,49.8,24,28.09258,25.84311,85795.38,1381.4954,-3.8307228,2.873042,5.746084
626030012,9.528923,-0.47884035,-0.033518825,-1.7889625,-0.004256901,0.03724788,19.35,48.45,26.25,28.23635,25.843311,85795.67,1381.4683,-2.873042,5.746084,8.619126
626063010,9.883265,-0.45010993,-0.062249243,-1.8123755,-0.011706477,0.08407379,18,47.1,28.65,28.428041,25.843018,85796.086,1381.4286,-3.8307228,6.703765,7.6614456
626096010,10.093954,-0.58418524,0.0047884034,-1.7527789,0.018091828,0.05959661,18.45,48.3,29.7,28.284273,25.842798,85795.52,1381.482,-0.9576807,1.9153614,3.8307228
626141974,10.007763,-0.45010993,-0.2681506,-1.7698065,0.021284504,0.058532387,18.45,47.85,32.25,28.140503,25.842339,85795.33,1381.5005,-0.9576807,-0.9576807,5.746084
626174116,10.01734,-0.48362875,-0.1340753,-1.8772932,0.015963377,0.05108281,17.85,47.7,34.2,28.09258,25.838766,85795.11,1381.5217,0.9576807,4.7884035,4.7884035
626207010,10.0269165,-0.50278234,-0.15322891,-1.9134768,0.034055207,0.028734079,17.1,46.95,34.65,28.140503,25.837557,85794.805,1381.5505,-4.7884035,1.9153614,0.9576807
626240012,9.964667,-0.49320555,-0.18674773,-1.9347614,0.044697456,0.006385351,17.25,45.15,35.85,28.380117,25.8371,85794.24,1381.604,-0.9576807,3.8307228,4.7884035
626273010,9.931149,-0.46926352,-0.14844051,-1.9379541,0.08407379,-0.0010642252,17.25,44.4,37.65,28.140503,25.836603,85794.37,1381.5925,-0.9576807,5.746084,3.8307228
626306012,10.022128,-0.39743748,-0.22026655,-1.914541,0.10642251,-0.024477178,17.7,44.1,40.2,28.380117,25.836805,85793.7,1381.6558,-4.7884035,3.8307228,4.7884035
626339010,9.840169,-0.48841715,0.023942016,-1.918798,0.117064774,-0.042569008,16.5,41.4,40.2,28.475964,25.837116,85794.69,1381.562,-1.9153614,7.6614456,13.40753
626372012,9.619903,-0.4405331,-0.062249243,-1.8187609,0.10748675,-0.021284504,17.1,40.35,42.45,28.23635,25.837502,85794.44,1381.5856,-1.9153614,10.534488,0
626405010,9.801862,-0.31603462,-0.10055647,-1.7559716,0.090459146,-0.019156054,17.85,39.6,43.2,28.380117,25.837776,85794.695,1381.5615,0.9576807,6.703765,4.7884035
626438010,9.844957,-0.33039984,-0.08140286,-1.7336228,0.088330686,-0.03937633,16.95,38.7,43.8,28.140503,25.838436,85794.69,1381.562,-0.9576807,5.746084,5.746084
626471012,9.56723,-0.30645782,0.11492168,-1.5654752,0.05959661,-0.04150478,17.85,40.05,44.7,28.09258,25.839352,85794.91,1381.5414,-6.703765,5.746084,8.619126
626504010,9.734824,-0.2681506,0.10055647,-1.4505389,0.038312107,-0.05533971,18,38.7,47.7,28.23635,25.839903,85795.05,1381.5281,-3.8307228,2.873042,5.746084
626537012,9.725247,-0.17717093,-0.076614454,-1.3803,0.03299098,-0.111743644,15.45,36,46.65,28.09258,25.840616,85794.92,1381.5396,-2.873042,11.492168,4.7884035
626570010,9.878476,-0.16759412,0.023942016,-1.3505018,0.03511943,-0.15750532,15.6,35.85,46.5,28.23635,25.840563,85794.12,1381.6167,-4.7884035,7.6614456,17.238253
626603010,9.787497,-0.15801731,-0.023942016,-1.3462448,0.042569008,-0.16921179,16.2,34.05,48.15,28.428041,25.840214,85793.76,1381.6506,-0.9576807,11.492168,5.746084
626636012,9.821015,-0.06703765,-0.02873042,-1.276006,0.053211257,-0.19049631,15.6,33.15,49.35,28.044659,25.840855,85792.94,1381.7289,-1.9153614,4.7884035,15.322891
626669010,9.811439,0.047884032,-0.110133275,-1.3356025,0.03511943,-0.20752391,18.15,33.6,49.05,28.044659,25.841167,85792.875,1381.7346,-0.9576807,1.9153614,6.703765
626702010,9.892841,-0.033518825,-0.062249243,-1.3600798,0.021284504,-0.21390925,17.1,31.2,49.05,28.428041,25.841423,85793.266,1381.6973,-4.7884035,2.873042,2.873042
626735012,9.787497,-0.10055647,0.038307227,-1.3558229,0.008513802,-0.18411095,17.1,28.95,50.1,28.044659,25.84146,85793.086,1381.7145,2.873042,-0.9576807,8.619126
626768010,9.715671,-0.1388637,0.16280572,-1.2515289,-0.019156054,-0.12557857,16.95,30.75,50.25,28.475964,25.841772,85793.164,1381.707,-6.703765,9.576807,0.9576807
626801010,9.701305,0.0047884034,0.05746084,-1.1951249,-0.031926755,-0.081945345,16.8,28.2,49.8,28.23635,25.842155,85792.805,1381.7416,-2.873042,3.8307228,12.449849
626834012,9.864111,-0.24899697,0.30645782,-1.012078,-0.053211257,-0.009578027,17.25,26.55,52.8,28.044659,25.842302,85793.09,1381.714,-7.6614456,5.746084,7.6614456
626867010,9.844957,-0.15322891,0.4165911,-0.7172877,-0.091523364,0.09258759,16.95,26.55,49.2,28.140503,25.843145,85793.6,1381.665,-0.9576807,1.9153614,0
626900010,9.706094,-0.19153613,0.4405331,-0.4522957,-0.1436704,0.16176222,16.05,25.95,51.15,28.428041,25.84377,85793.55,1381.6708,-2.873042,3.8307228,11.492168
626933010,9.749189,-0.12449849,0.36870706,-0.15324843,-0.18091829,0.2320011,18.15,24,51.6,28.23635,25.843805,85793.57,1381.6678,1.9153614,0.9576807,9.576807
626966012,9.883265,-0.033518825,0.19632454,-0.042569008,-0.19688165,0.26392785,13.8,25.2,51.9,28.380117,25.84353,85793.52,1381.6731,-4.7884035,8.619126,6.703765
626999010,9.763555,-0.1340753,0.019153614,0,-0.20220278,0.31607488,14.7,26.85,49.2,28.23635,25.843916,85793.75,1381.6512,-5.746084,-0.9576807,3.8307228
627032012,9.89763,-0.14844051,-0.1340753,0.042569008,-0.21284503,0.32884556,15.9,24.6,49.2,28.428041,25.844795,85793.46,1381.6788,-2.873042,5.746084,1.9153614
627065010,9.940725,-0.095768064,-0.2873042,-0.013834927,-0.18623939,0.3299098,15.15,23.85,50.25,28.140503,25.844723,85793.09,1381.714,-3.8307228,7.6614456,3.8307228
627098010,9.92636,-0.023942016,-0.31124622,-0.16282645,-0.17346871,0.28840503,14.85,25.5,49.8,28.428041,25.845106,85793.484,1381.6771,-1.9153614,3.8307228,8.619126
627143974,9.734824,-0.24899697,-0.22984336,-0.20433123,-0.18943208,0.2873408,15.3,24,50.1,28.380117,25.845675,85794.43,1381.5868,-0.9576807,2.873042,3.8307228
627176115,9.883265,-0.22026655,-0.35913026,-0.2671205,-0.17666137,0.2575425,16.05,24,49.35,28.284273,25.842302,85793.766,1381.6495,1.9153614,6.703765,8.619126
627209010,9.643845,-0.39264908,-0.41180268,-0.25860673,-0.18091829,0.22987263,15.3,23.25,46.8,28.428041,25.84036,85793.4,1381.6852,-0.9576807,2.873042,6.703765
627242012,9.77792,-0.47405192,-0.46926352,-0.29053345,-0.16921179,0.20858812,14.7,21.45,48.45,28.23635,25.839188,85793.32,1381.692,-4.7884035,6.703765,7.6614456
627275010,9.586384,-0.90021986,-0.45489833,-0.14047772,-0.20007433,0.26818475,13.8,22.05,49.35,28.619732,25.838913,85793.83,1381.6438,-4.7884035,2.873042,3.8307228
627308012,9.888053,-0.9528923,-0.80445176,-0.10429406,-0.19156052,0.28840503,13.2,23.1,48.9,28.284273,25.838694,85793.48,1381.6777,-0.9576807,3.8307228,5.746084
627341010,9.730036,-1.1300632,-0.80924016,-0.030862529,-0.20965236,0.33948782,14.25,21,47.55,28.09258,25.839407,85793.83,1381.6438,0.9576807,3.8307228,7.6614456
627374012,9.284714,-1.4221559,-1.0151415,0.034055207,-0.28521234,0.3980202,14.4,21.9,46.65,28.380117,25.840086,85793.69,1381.657,-5.746084,2.873042,0.9576807
627407010,9.524135,-1.4652514,-1.0055647,0.08407379,-0.36609346,0.49167204,13.5,19.8,47.25,28.284273,25.8406,85794.16,1381.612,-5.746084,9.576807,5.746084
627440012,9.32781,-1.6232687,-1.2641385,0.123450115,-0.4224974,0.5459475,15.15,19.2,48.15,28.380117,25.840544,85794.13,1381.6144,-1.9153614,2.873042,6.703765
627473010,9.155427,-1.7429788,-1.3072342,0.16708335,-0.48209402,0.56191087,14.4,20.7,47.7,28.428041,25.840067,85793.59,1381.6661,-3.8307228,9.576807,2.873042
627506010,9.423578,-1.8866309,-1.8004397,0.07449576,-0.50018585,0.5874523,13.2,19.2,48.45,28.140503,25.840141,85794.58,1381.5724,-7.6614456,4.7884035,-5.746084
627539012,9.41879,-1.9919758,-1.7764976,0.007449576,-0.48315823,0.60873675,12.15,17.7,46.35,28.23635,25.841093,85794.625,1381.5684,-6.703765,6.703765,10.534488
627572010,9.423578,-2.1404164,-2.1739352,-0.11067942,-0.48528668,0.6066084,12.9,18,46.35,28.428041,25.841204,85794.984,1381.5338,-2.873042,4.7884035,8.619126
627605012,9.169792,-2.456451,-1.9919758,-0.17453292,-0.52679145,0.5810669,13.8,17.55,46.2,28.09258,25.84188,85795.516,1381.4833,-0.9576807,8.619126,6.703765
627638010,9.193734,-2.4995465,-2.0973208,-0.15431266,-0.52679145,0.58425957,12.6,15,44.55,28.380117,25.842688,85794.516,1381.5787,0,2.873042,0
627671012,9.323022,-2.5809495,-2.1691468,-0.20752391,-0.49380046,0.56403935,12.75,16.8,44.7,28.284273,25.842834,85794.266,1381.6023,0,9.576807,6.703765
627704010,9.102755,-2.8060043,-2.2744915,-0.23412955,-0.44271767,0.54169065,11.4,15.45,44.85,28.044659,25.842962,85794.08,1381.6201,-2.873042,5.746084,2.873042
627737012,9.155427,-3.0454245,-2.3558946,-0.1564411,-0.41185513,0.5448833,11.1,14.25,42.3,28.284273,25.84276,85794.45,1381.5845,-5.746084,9.576807,7.6614456
627770010,9.289502,-3.1316159,-2.4947581,-0.12451435,-0.35332274,0.5299841,13.05,14.1,43.65,28.428041,25.843328,85794.16,1381.612,-3.8307228,7.6614456,0.9576807
627902010,8.671799,-3.4572272,-3.0310593,0,-0.24157912,0.40866247,11.25,11.7,41.4,28.380117,25.844723,85794.75,1381.5557,-4.7884035,9.576807,2.873042
627935010,8.738836,-3.6535518,-3.074155,0.023412954,-0.22561572,0.3884422,11.4,12.3,42.75,28.428041,25.844667,85794.51,1381.5793,-2.873042,6.703765,0
627968012,8.145074,-4.1036615,-3.323152,0.06385351,-0.24796446,0.41611204,11.85,11.25,42,28.380117,25.845198,85793.99,1381.6282,-1.9153614,5.746084,4.7884035
628001010,8.796297,-4.1276035,-3.6583402,0.054275483,-0.19688165,0.4735802,12.75,10.2,42.15,28.475964,25.84474,85794.02,1381.6254,-2.873042,8.619126,2.873042
628034012,8.384495,-3.9695864,-3.9839516,-0.120257445,-0.21710193,0.41398358,11.4,12.75,41.25,28.475964,25.843788,85794.34,1381.5948,0.9576807,10.534488,4.7884035
628067010,8.24563,-4.2904096,-3.4284968,-0.25009292,-0.24477178,0.28627658,12.3,9.9,39.3,28.140503,25.844116,85793.94,1381.6334,-1.9153614,7.6614456,0.9576807
628100010,8.293514,-4.3382936,-3.4955344,-0.1436704,-0.21390925,0.23625799,12.3,11.4,39.6,28.140503,25.844063,85794.58,1381.5724,-3.8307228,8.619126,1.9153614
628145974,8.441956,-4.285621,-3.7493198,-0.21923038,-0.13302815,0.042569008,12.6,10.5,39.45,28.09258,25.844759,85795.07,1381.5258,-0.9576807,9.576807,3.8307228
628178115,8.298303,-4.381389,-3.572149,-0.08620224,-0.08300956,-0.03299098,12.6,8.55,39.15,28.23635,25.84146,85794.945,1381.5374,2.873042,8.619126,0
628211010,8.585608,-4.3382936,-3.5003228,-0.018091828,0.025541404,-0.13834926,11.25,9.15,38.85,28.380117,25.839151,85795.19,1381.5143,3.8307228,4.7884035,0.9576807
628244012,8.355764,-4.213795,-3.620033,0.05640393,0.10961519,-0.2320011,13.2,9.6,39.75,28.380117,25.838877,85795.37,1381.4971,0.9576807,8.619126,5.746084
628277010,8.604761,-4.189853,-3.6104562,0.048954356,0.20433123,-0.33203825,12,8.7,39.6,28.23635,25.838802,85795.38,1381.4954,-2.873042,6.703765,0
628310007,8.815451,-3.9839516,-3.763685,-0.019156054,0.33097404,-0.43313965,11.7,9.9,38.85,28.475964,25.838472,85795.05,1381.5281,-2.873042,7.6614456,1.9153614
628343012,8.671799,-3.7205894,-3.6391866,-0.10110139,0.40759823,-0.5278557,12,9.45,40.05,28.140503,25.839535,85795.5,1381.4844,0.9576807,8.619126,3.8307228
628376007,8.580819,-3.6822822,-3.6056678,-0.17559716,0.4522957,-0.64811313,11.7,11.7,40.35,28.044659,25.840195,85794.51,1381.5793,-5.746084,8.619126,7.6614456
628409012,8.887277,-3.53863,-3.41892,-0.22774418,0.47890133,-0.69387484,11.4,11.25,41.55,28.284273,25.841404,85794.625,1381.5684,-0.9576807,7.6614456,4.7884035
628442010,9.169792,-3.241749,-3.1794999,-0.26073518,0.53743374,-0.7343154,11.1,12.75,40.5,28.380117,25.841295,85794.95,1381.5367,-2.873042,6.703765,-1.9153614
628475012,9.059659,-3.040636,-2.9831753,-0.22029461,0.5746816,-0.82371026,10.95,11.7,40.65,28.09258,25.841515,85794.68,1381.5632,-3.8307228,11.492168,7.6614456
628508010,9.275137,-2.873042,-2.9257145,-0.15111998,0.5746816,-0.8535086,11.1,13.05,43.35,28.23635,25.841661,85795.05,1381.5281,0.9576807,3.8307228,5.746084
628541010,9.26556,-2.633622,-2.3702598,-0.036183655,0.60980105,-0.8907565,12,14.4,43.2,28.380117,25.841936,85794.77,1381.5535,-3.8307228,6.703765,8.619126
628574010,9.006987,-2.054225,-2.4756045,0.011706477,0.63214976,-0.91629785,12.75,14.1,42.45,28.044659,25.843164,85794.92,1381.5396,-2.873042,9.576807,3.8307228
628607010,9.32781,-1.8770541,-2.1787236,0.1266428,0.59064496,-0.9343897,12.6,15,42.75,28.23635,25.843788,85795.7,1381.4653,-1.9153614,5.746084,6.703765
628640010,9.222465,-1.436521,-2.2649148,0.13302815,0.5193419,-0.9418393,12.6,15.75,43.8,28.044659,25.843678,85795.445,1381.4895,-0.9576807,8.619126,2.873042
628675009,9.490616,-1.436521,-2.030283,0.050018582,0.5033785,-0.95567423,13.2,17.7,45.6,27.948812,25.844759,85796.21,1381.4171,-1.9153614,6.703765,0
628708009,9.629479,-1.1683705,-1.8914193,0.025541404,0.4980574,-0.9258759,12.6,18.45,46.35,28.23635,25.844538,85794.695,1381.5615,0,7.6614456,9.576807
628741012,9.3661175,-1.0582372,-1.6280571,0.05214703,0.4608095,-0.9003345,12.3,19.05,46.2,28.23635,25.843658,85793.99,1381.6282,-1.9153614,5.746084,3.8307228
628774010,9.653421,-0.6847417,-1.5610195,0.10110139,0.41930473,-0.8492517,14.25,20.55,46.8,28.140503,25.844154,85794.27,1381.6012,-0.9576807,5.746084,9.576807
628807010,9.696517,-0.41180268,-1.283292,0.160698,0.4278185,-0.8024258,13.05,22.05,46.2,28.380117,25.844538,85794.195,1381.6086,-1.9153614,8.619126,-2.873042
628840012,9.437943,-0.23942018,-1.3215994,0.21178082,0.42143315,-0.75985676,13.8,22.8,48,28.044659,25.844814,85794.14,1381.6138,-2.873042,9.576807,5.746084
628873010,9.950302,0.14844051,-1.2545617,0.22774418,0.41291937,-0.77049905,12.6,24.6,48.15,28.380117,25.845034,85794.25,1381.6035,-3.8307228,-0.9576807,7.6614456
628906012,9.816227,0.63206923,-1.2354081,0.12983547,0.41398358,-0.8194534,12.6,24.6,47.4,28.23635,25.84474,85794.24,1381.604,2.873042,0.9576807,5.746084
628939010,10.007763,0.89543146,-0.90021986,0.017027603,0.45868105,-0.91842633,13.2,25.65,49.2,28.380117,25.844831,85794.28,1381.6006,-6.703765,-1.9153614,0
628972012,9.883265,1.1492168,-0.521936,0.022348728,0.48315823,-0.97057337,12.15,28.05,49.5,28.09258,25.844446,85793.945,1381.6328,-2.873042,2.873042,0.9576807
629005010,9.65821,1.3455414,-0.33997664,0.06598196,0.5204061,-1.0014359,14.55,27.45,48,28.140503,25.844759,85793.37,1381.688,-0.9576807,2.873042,1.9153614
629038010,9.682152,1.4317327,0.02873042,0.18730363,0.54381907,-0.9961148,15.9,28.35,49.95,28.428041,25.845419,85793.47,1381.6782,0,4.7884035,1.9153614
629071012,9.868899,1.8914193,-0.23463176,0.2671205,0.5800027,-1.0025,17.1,30.15,49.35,28.09258,25.845638,85792.9,1381.7329,-3.8307228,4.7884035,12.449849
629104010,9.572019,2.078167,-0.110133275,0.24583602,0.6310856,-0.997179,17.55,31.65,49.8,27.948812,25.846224,85793.73,1381.6536,-2.873042,5.746084,4.7884035
629149988,9.040505,2.3702598,-0.08619126,0.2671205,0.57681006,-0.9599311,17.1,32.85,49.35,28.23635,25.846077,85793.64,1381.6616,-1.9153614,0.9576807,14.365211
629182131,9.255983,2.6431987,-0.038307227,0.24690023,0.5235988,-0.91629785,17.85,33.15,49.05,28.09258,25.843054,85793.13,1381.71,0.9576807,7.6614456,3.8307228
629215010,8.724471,2.834735,0.1388637,0.28095543,0.4608095,-0.846059,19.65,33.9,49.35,28.380117,25.84091,85793.2,1381.7036,3.8307228,2.873042,2.873042
629248012,8.719683,3.2704794,0.0047884034,0.27776277,0.36183658,-0.82583874,20.55,35.25,49.95,28.140503,25.839903,85793.68,1381.6581,-6.703765,-0.9576807,7.6614456
629281010,8.695741,3.4859576,-0.16759412,0.26818475,0.22667997,-0.79710466,20.25,36.45,50.7,28.140503,25.84003,85793.92,1381.6351,1.9153614,-1.9153614,9.576807
629314010,8.710106,3.8498764,-0.1436521,0.12238589,0.15856956,-0.7875266,21.45,37.8,49.35,28.428041,25.840855,85794.4,1381.5896,-0.9576807,-4.7884035,8.619126
629347012,8.734048,4.189853,-0.033518825,0.06385351,0.06917463,-0.80668265,22.65,36.6,50.4,28.09258,25.84146,85795.04,1381.5287,-4.7884035,3.8307228,8.619126
629380010,8.394072,4.55856,0.076614454,0.03937633,0.022348728,-0.8024258,22.8,40.95,49.95,28.428041,25.84223,85794.72,1381.5586,-1.9153614,-0.9576807,8.619126
629413012,8.37013,4.7500963,0.095768064,-0.13728504,0.0010642252,-0.84073794,21.3,39.15,50.7,28.428041,25.843237,85794.266,1381.6023,-0.9576807,1.9153614,4.7884035
629446010,8.508993,4.7979803,0.545878,-0.10535829,0.0021284504,-0.7992331,23.1,40.95,51,28.044659,25.844282,85794.29,1381.6,-0.9576807,-4.7884035,8.619126
629479012,8.12592,4.9176903,0.80445176,-0.025541404,-0.022348728,-0.6885537,22.2,38.85,50.4,28.140503,25.844337,85794.44,1381.5856,-0.9576807,1.9153614,5.746084
629512010,7.9726915,4.9176903,1.0965444,0.05959661,-0.014899152,-0.55126864,23.4,41.25,50.4,28.284273,25.843933,85794.46,1381.5839,-2.873042,5.746084,4.7884035
629545010,7.680599,5.2528787,1.0773908,0.18623939,-0.026605628,-0.36183658,25.2,41.55,49.8,28.380117,25.844814,85795.164,1381.5166,-0.9576807,2.873042,9.576807
629578012,7.8146744,5.257667,0.9959879,0.36609346,0,-0.13302815,24.9,39.9,50.7,28.428041,25.845308,85795.07,1381.5258,-1.9153614,-2.873042,11.492168
629611010,8.010999,5.6359506,0.6368576,0.41930473,0.057468157,0.006385351,23.55,40.95,48.9,28.284273,25.845547,85794.1,1381.6178,-0.9576807,-2.873042,7.6614456
629644012,7.560889,5.884948,0.22505496,0.31926754,0.030862529,0.16601913,24.6,42.15,47.7,28.23635,25.845877,85793.695,1381.6564,-0.9576807,-1.9153614,4.7884035
629677010,8.0924015,5.463568,0.062249243,0.22348729,-0.014899152,0.3033042,24.3,41.4,48.45,28.428041,25.845821,85793.48,1381.6777,-0.9576807,-1.9153614,6.703765
629710012,7.929596,5.7269306,-0.023942016,0.15005575,0.024477178,0.35225853,24.9,42.9,48.15,28.140503,25.84637,85793.57,1381.6678,2.873042,0,4.7884035
629743010,7.6949644,5.8083334,-0.2633622,0.024477178,-0.08088111,0.4054698,23.85,40.95,49.2,28.23635,25.846334,85794.43,1381.5868,-0.9576807,2.873042,11.492168
629776012,8.66701,5.046977,0.08619126,0.04789013,-0.091523364,0.48741513,22.2,41.25,50.85,28.284273,25.846903,85794.47,1381.5828,1.9153614,-4.7884035,4.7884035
629809010,7.8769236,5.257667,-0.16280572,0.08300956,-0.1479273,0.6811041,22.65,42,49.05,28.428041,25.846445,85794.31,1381.5977,-4.7884035,-0.9576807,2.873042
629842012,8.422802,4.673482,-0.10534488,0.12983547,-0.23838644,0.8141323,22.35,40.95,48.15,28.140503,25.847122,85794.555,1381.5747,-0.9576807,-3.8307228,7.6614456
629875010,8.303091,4.6160207,-0.30166942,0.09897295,-0.27776277,0.90884835,22.8,39.9,48.45,28.284273,25.847635,85795.31,1381.5022,-1.9153614,-6.703765,7.6614456
629908012,8.212111,4.3478703,-0.39743748,-0.007449576,-0.4054698,1.0706105,21.9,40.05,48.3,28.284273,25.847141,85794.695,1381.5615,-2.873042,3.8307228,6.703765
629941007,8.820239,3.9600096,-0.320823,-0.06598196,-0.3937633,1.1046656,19.65,39.3,48.6,28.23635,25.847214,85794.74,1381.5563,-1.9153614,-2.873042,3.8307228
629974011,8.781932,3.8546648,-0.2825158,-0.17878982,-0.439525,1.144042,17.85,38.55,49.8,28.044659,25.847563,85795.43,1381.4913,-0.9576807,-0.9576807,9.576807
630007010,9.787497,3.1555579,-0.21547815,-0.14579885,-0.4480388,1.1004088,18.15,35.85,49.05,28.380117,25.84738,85794.84,1381.5471,-0.9576807,3.8307228,-5.746084
630040012,9.495404,3.1986535,-0.44532153,-0.111743644,-0.363965,1.0408123,18.15,35.4,49.05,28.380117,25.847544,85794.89,1381.5425,-4.7884035,-0.9576807,0.9576807
630073010,9.3661175,2.6288335,-0.36391866,0.0031926755,-0.35225853,1.0503902,16.8,35.4,48.6,27.948812,25.847507,85794.75,1381.5557,-0.9576807,-1.9153614,3.8307228
630106010,9.160215,2.3319526,-0.6799533,0.090459146,-0.34161627,1.0408123,15.15,31.8,47.7,28.428041,25.848076,85794.19,1381.6093,-0.9576807,-0.9576807,-3.8307228
630151974,9.667787,1.4030021,-0.5602432,0.22561572,-0.31607488,1.1355282,16.35,31.2,48,28.428041,25.84835,85793.875,1381.6398,0.9576807,-0.9576807,10.534488
630184114,10.189722,1.460463,-1.3024458,0.22774418,-0.22880842,1.1153079,13.5,32.85,46.5,28.140503,25.845472,85793.6,1381.665,-3.8307228,3.8307228,3.8307228
630217010,9.188946,0.80924016,-0.90979666,0.21923038,-0.21071658,1.2089598,14.25,31.65,47.25,28.140503,25.843622,85793.88,1381.6385,-1.9153614,8.619126,6.703765
630250010,10.180145,0.062249243,-1.2354081,0.2798912,-0.19262476,1.2791986,13.5,28.35,47.4,28.428041,25.842524,85793.29,1381.6956,-0.9576807,4.7884035,6.703765
630283010,9.136273,0.18195933,-1.5131354,0.17666137,-0.22667997,1.3749789,13.65,29.1,47.4,28.140503,25.84287,85793.086,1381.7145,0.9576807,3.8307228,4.7884035
630316012,9.586384,-0.023942016,-1.5849615,0.061725058,-0.20433123,1.4196764,12.15,27.6,46.65,28.23635,25.842688,85793.27,1381.6967,-1.9153614,9.576807,0
630349010,10.141838,-0.521936,-1.3694834,-0.018091828,-0.15111998,1.3419878,13.65,26.1,45.6,28.284273,25.842707,85794.02,1381.6254,-1.9153614,4.7884035,2.873042
630382012,8.896853,-0.4165911,-1.8291701,-0.19688165,-0.2330653,1.2749418,13.2,25.95,45.45,28.428041,25.843733,85794.94,1381.5378,-0.9576807,7.6614456,7.6614456
630415010,10.031705,-1.163582,-1.412579,-0.20007433,-0.2149735,1.157877,11.7,24,45.45,28.044659,25.844648,85795.08,1381.5247,-0.9576807,6.703765,1.9153614
630448012,9.452309,-1.0821792,-1.5370775,-0.2703132,-0.27882698,1.0950876,11.85,23.4,45.9,28.284273,25.844465,85794.86,1381.5454,-0.9576807,0.9576807,9.576807
630481010,9.509769,-1.3742718,-1.9153614,-0.37460726,-0.2958546,0.9833441,10.65,19.95,45.15,28.284273,25.844906,85794.67,1381.5637,-2.873042,7.6614456,8.619126
630514010,9.500193,-2.0159178,-1.958457,-0.3714146,-0.31926754,0.9567384,11.1,20.4,45.9,28.284273,25.845547,85794.586,1381.5718,-0.9576807,8.619126,6.703765
630547012,9.222465,-2.2457612,-2.3319526,-0.5406264,-0.3682219,0.90778404,10.65,19.2,43.8,28.140503,25.845419,85794.41,1381.5885,-1.9153614,12.449849,6.703765
630580010,8.930372,-2.705448,-1.9201498,-0.65556276,-0.33203825,0.8971418,12,17.1,44.25,28.428041,25.845345,85793.69,1381.657,-1.9153614,7.6614456,9.576807
630613010,8.461109,-2.9400797,-2.207454,-0.57255316,-0.38312104,1.0269773,11.7,16.35,43.95,28.428041,25.845125,85793.7,1381.6558,-0.9576807,4.7884035,0
630646010,9.184157,-3.2800562,-2.480393,-0.48102978,-0.3980202,1.006757,11.25,14.1,42.9,28.23635,25.845985,85793.05,1381.718,0.9576807,8.619126,5.746084
630679012,8.810662,-3.4620156,-2.4037786,-0.42036897,-0.42036897,0.98866516,11.85,14.7,42.75,28.23635,25.846207,85793.484,1381.6771,-0.9576807,10.534488,0
630712010,8.939949,-3.4476504,-2.8778305,-0.23732221,-0.39163485,0.9386466,11.25,12.15,41.4,28.428041,25.846811,85794.055,1381.6224,-0.9576807,7.6614456,2.873042
630745012,8.576031,-3.86903,-2.7485435,-0.08300956,-0.39695597,0.89927024,11.25,11.7,42.15,28.428041,25.846811,85794.38,1381.5908,-1.9153614,11.492168,4.7884035
630778010,8.643068,-3.9264908,-2.9161377,0.048954356,-0.37673572,0.8322241,11.85,9.6,42.3,28.428041,25.847397,85794.164,1381.6116,-5.746084,3.8307228,3.8307228
630877011,8.403648,-4.2664676,-3.323152,0.08939491,-0.13622083,0.34693742,12.15,9.6,40.5,28.23635,25.848331,85794.36,1381.5931,1.9153614,6.703765,6.703765
630910010,8.226477,-4.4580035,-3.2800562,0.060660835,-0.048954356,0.19688165,11.7,7.5,39.3,28.09258,25.848112,85794.65,1381.566,-0.9576807,6.703765,5.746084
630943012,8.6574335,-4.6351743,-3.514688,-0.029798305,0.05533971,0.019156054,11.85,8.1,40.5,28.044659,25.84824,85793.48,1381.6777,-3.8307228,8.619126,1.9153614
630976010,8.303091,-4.7979803,-3.2609026,-0.011706477,0.090459146,-0.111743644,12,7.2,40.65,28.284273,25.848478,85793.484,1381.6771,-5.746084,7.6614456,5.746084
631009012,8.614338,-5.0996494,-3.2465374,0.076624215,0.12877125,-0.26924896,11.7,8.7,41.85,28.475964,25.848204,85792.82,1381.7399,-1.9153614,6.703765,5.746084
631042010,8.394072,-4.8985367,-3.4811692,0.13622083,0.15431266,-0.3373594,14.7,9.3,41.55,27.852966,25.8489,85792.22,1381.7974,-0.9576807,10.534488,2.873042
631075012,8.485051,-4.9703627,-3.3423057,0.203267,0.160698,-0.4022771,12.75,9.45,40.35,28.380117,25.848974,85792.84,1381.7375,-0.9576807,8.619126,7.6614456
631108007,8.690952,-4.721366,-3.1842883,0.3128822,0.203267,-0.4948647,12,9.45,42.9,28.284273,25.849468,85793.836,1381.6432,-1.9153614,5.746084,0
631153972,8.6095495,-4.4819455,-3.0454245,0.24264334,0.3011757,-0.62150747,11.1,11.25,42.75,28.284273,25.850422,85794.4,1381.5896,-0.9576807,7.6614456,0
631186105,8.542512,-4.390966,-2.9640217,0.17453292,0.33097404,-0.7109024,12.9,10.8,41.25,28.140503,25.847471,85793.79,1381.6478,-0.9576807,10.534488,0.9576807
631219011,8.6334915,-3.892972,-2.7724855,0.076624215,0.36077234,-0.8098753,12.15,12.3,42,28.284273,25.845985,85794.36,1381.5931,3.8307228,5.746084,3.8307228
631252010,8.810662,-3.6343982,-2.5953147,0.013834927,0.41717625,-0.9013987,12.3,13.65,43.95,28.140503,25.845472,85794.46,1381.5839,-4.7884035,10.534488,5.746084
631285012,8.8777,-3.4955344,-2.3127987,-0.014899152,0.47251597,-0.96418804,12.3,14.85,43.95,28.23635,25.844776,85795.06,1381.5264,-5.746084,8.619126,5.746084
631318010,9.088389,-3.514688,-2.0973208,0.050018582,0.5044427,-1.0003717,11.4,15,43.05,28.380117,25.84485,85795.05,1381.5281,-2.873042,14.365211,3.8307228
631351010,9.160215,-3.4763808,-1.7429788,0.22987263,0.51402074,-0.95354575,12,15.9,44.7,28.23635,25.845491,85794.586,1381.5718,-4.7884035,9.576807,1.9153614
631384010,9.275137,-3.074155,-1.5801731,0.4012129,0.4959289,-0.9013987,11.1,17.7,44.85,28.09258,25.845694,85794.17,1381.611,-0.9576807,10.534488,0
631417010,9.165004,-2.7581203,-1.4652514,0.7098382,0.4224974,-0.83009565,12.9,17.7,45.15,28.475964,25.845675,85794.266,1381.6023,-1.9153614,4.7884035,6.703765
631450012,9.346964,-2.695871,-1.067814,0.8684077,0.37247878,-0.77156323,11.4,19.65,46.65,28.140503,25.8467,85794.836,1381.5476,-0.9576807,8.619126,7.6614456
631483010,9.26556,-2.5139117,-1.1300632,1.1695836,0.27882698,-0.66088384,12.15,19.2,45.9,28.380117,25.846884,85794.57,1381.5736,-3.8307228,4.7884035,3.8307228
631516010,9.074024,-2.4995465,-0.9720459,1.4420252,0.20007433,-0.53530526,13.5,23.25,48.3,28.284273,25.847305,85794.86,1381.5454,0.9576807,6.703765,9.576807
631549012,9.332599,-2.2457612,-1.091756,1.6506133,0.16814758,-0.406534,11.7,24.45,46.2,28.140503,25.847488,85795.195,1381.5137,-0.9576807,10.534488,10.534488
631582010,9.174581,-2.0925324,-1.2162545,1.8113111,0.14047772,-0.25860673,12.15,27.3,47.1,28.284273,25.847618,85794.43,1381.5868,-3.8307228,3.8307228,4.7884035
631615010,9.457097,-2.1978772,-1.115698,1.8826143,0.10642251,-0.20007433,13.2,26.85,45.6,28.428041,25.848001,85793.19,1381.7047,1.9153614,6.703765,6.703765
631648012,9.351752,-2.1404164,-0.89543146,1.9677523,0.071303084,-0.14260617,13.5,29.4,45,28.284273,25.848295,85792.984,1381.7238,-2.873042,7.6614456,6.703765
631681010,9.591172,-2.0446482,-1.0199299,1.970945,0.015963377,-0.12451435,12.9,31.5,45.6,28.380117,25.848076,85792.45,1381.7743,-0.9576807,1.9153614,2.873042
631714012,9.519346,-1.9393034,-0.81881696,2.0060644,-0.009578027,-0.12238589,14.25,33.6,45.75,28.23635,25.847763,85792.6,1381.7605,-0.9576807,7.6614456,7.6614456
631747010,9.56723,-1.9632454,-0.6799533,1.9485964,-0.07555999,-0.12557857,13.8,33.6,43.95,28.140503,25.847397,85793.12,1381.7117,-2.873042,1.9153614,11.492168
631780012,9.495404,-1.7812861,-0.5554548,1.9156053,-0.09258759,-0.1308997,15.3,35.85,42.45,28.475964,25.847984,85793.41,1381.684,-1.9153614,6.703765,0
631813010,9.519346,-1.7908629,-0.45968673,1.8294032,-0.08939491,-0.15537687,12.9,37.5,40.2,27.948812,25.848131,85792.97,1381.7261,-0.9576807,7.6614456,4.7884035
631846010,9.457097,-1.910573,-0.23942018,1.8815501,-0.064917736,-0.1564411,13.05,37.35,40.65,28.284273,25.848112,85793.336,1381.6909,-0.9576807,7.6614456,0.9576807
631879012,9.576807,-1.8866309,-0.14844051,1.8804859,-0.031926755,-0.15005575,15.3,39.3,40.05,28.140503,25.848223,85793.22,1381.7019,-0.9576807,4.7884035,7.6614456
631912010,9.610326,-1.8291701,-0.18195933,1.895385,-0.006385351,-0.111743644,13.2,40.65,37.35,28.284273,25.848606,85793.32,1381.692,0,8.619126,8.619126
631945012,9.624691,-1.8339585,-0.01436521,1.9230549,0,-0.07768843,14.55,40.05,37.05,28.09258,25.847874,85793.195,1381.7041,-0.9576807,1.9153614,8.619126
631978010,9.572019,-1.8483237,0.08619126,1.9773303,-0.010642252,-0.04150478,14.85,42,34.2,28.23635,25.847471,85792.555,1381.7651,-0.9576807,7.6614456,7.6614456
632011010,9.634268,-1.8052281,0.19632454,1.9826515,-0.005321126,-0.017027603,13.8,43.8,35.25,28.044659,25.84804,85792.53,1381.7675,-2.873042,2.873042,10.534488
632044010,9.653421,-1.5610195,0.009576807,1.9730735,-0.031926755,-0.014899152,12.75,43.8,31.35,28.140503,25.847893,85791.82,1381.8353,-0.9576807,7.6614456,11.492168
632077012,9.615114,-1.70946,0.12449849,1.8677152,-0.07449576,-0.034055207,15.9,43.35,31.2,28.380117,25.848204,85792.4,1381.7802,0.9576807,5.746084,4.7884035
632110010,9.600749,-1.5610195,0.12449849,1.8081186,-0.10110139,-0.05108281,15.9,45.9,28.2,28.09258,25.848606,85793,1381.7225,-1.9153614,5.746084,0
632155974,9.849746,-1.7477672,0.45010993,1.6942465,-0.14579885,-0.10642251,15.6,45.45,28.5,28.044659,25.848753,85793.71,1381.6547,-1.9153614,9.576807,8.619126
632188115,9.428367,-1.412579,0.29209262,1.7325586,-0.1564411,-0.11812899,15.9,45.6,25.8,28.428041,25.845638,85793.74,1381.6519,-3.8307228,9.576807,11.492168
632221010,9.648633,-1.4269443,0.2777274,1.7229805,-0.19156052,-0.111743644,15.9,45.6,24.6,28.428041,25.844172,85792.914,1381.7312,-5.746084,5.746084,13.40753
632254010,9.591172,-1.3072342,0.36870706,1.7283016,-0.19262476,-0.10216562,15.6,46.5,20.85,28.09258,25.843367,85793.664,1381.6593,-0.9576807,6.703765,12.449849
632287012,9.648633,-1.1492168,0.45010993,1.6846684,-0.1990101,-0.07023886,16.05,46.2,20.1,28.09258,25.843952,85793.75,1381.6512,-6.703765,0.9576807,4.7884035
632320010,9.662998,-1.1492168,0.5650316,1.7208521,-0.18411095,-0.05640393,16.8,45.75,17.25,28.09258,25.844374,85793.8,1381.6466,-4.7884035,5.746084,15.322891
632353012,9.753978,-1.0821792,0.32561144,1.7761918,-0.16708335,-0.044697456,17.7,45.15,17.85,28.23635,25.844997,85794.055,1381.6224,-3.8307228,7.6614456,3.8307228
632386010,9.706094,-0.9816227,0.41180268,1.8027974,-0.15750532,-0.03937633,17.7,45.6,14.25,28.380117,25.844723,85793.37,1381.688,0.9576807,5.746084,7.6614456
632419010,9.691729,-1.0630256,0.45010993,1.8464307,-0.14154196,-0.054275483,15.6,45.75,12.9,28.428041,25.84496,85793.086,1381.7145,-2.873042,7.6614456,4.7884035
632452010,9.662998,-0.9911995,0.46447513,1.9283761,-0.11919322,-0.10216562,18.75,45.6,12.45,28.284273,25.846151,85793.51,1381.6748,-0.9576807,11.492168,6.703765
632485012,9.610326,-0.89543146,0.48362875,1.9986149,-0.10535829,-0.120257445,16.35,44.25,10.35,28.380117,25.847067,85793.12,1381.7117,-6.703765,3.8307228,8.619126
632518010,9.682152,-0.80445176,0.32561144,2.009257,-0.081945345,-0.1436704,17.55,42,7.2,28.09258,25.848185,85793.19,1381.7047,-1.9153614,10.534488,7.6614456
632551012,9.782708,-0.7517793,0.30166942,1.9794588,-0.090459146,-0.14260617,17.55,42,6.75,28.09258,25.848423,85793.42,1381.6829,-3.8307228,1.9153614,6.703765
632584010,9.749189,-0.33518824,0.07182605,1.8975134,-0.10322984,-0.12451435,17.7,40.95,5.1,28.284273,25.849358,85793.75,1381.6512,-0.9576807,3.8307228,4.7884035
632617010,9.935937,-0.5746084,0.33997664,1.772999,-0.09258759,-0.100037165,19.65,39.3,3.9,28.140503,25.84945,85793.28,1381.696,-1.9153614,5.746084,9.576807
632650012,9.92636,-0.33039984,0.1436521,1.7229805,-0.08407379,-0.076624215,19.35,40.35,3.15,28.284273,25.849834,85793.87,1381.6403,-3.8307228,5.746084,5.746084
632683007,9.892841,-0.21068975,0.1388637,1.5292916,-0.008513802,-0.053211257,19.5,38.25,1.2,28.140503,25.85011,85794.17,1381.611,-3.8307228,-1.9153614,6.703765
632716012,9.706094,-0.39264908,0.37828386,1.4207406,0.017027603,-0.017027603,18,36.75,-0.15,28.284273,25.850897,85794.07,1381.6213,-1.9153614,1.9153614,5.746084
632749010,9.864111,-0.11492168,0.12928689,1.2770702,0.03511943,0.011706477,18.45,34.05,-1.2,28.475964,25.851501,85794.875,1381.5442,-0.9576807,2.873042,10.534488
632782010,9.744401,-0.24420857,0.50757074,1.0450691,0.085138015,0.038312107,18.9,35.1,-2.1,28.140503,25.852528,85794.87,1381.5448,-4.7884035,3.8307228,11.492168
632815010,9.921572,-0.24899697,0.35434186,1.0674179,0.038312107,0.034055207,18.9,34.65,-3.15,28.23635,25.85405,85794.87,1381.5448,-1.9153614,7.6614456,0
632848012,9.89763,-0.023942016,0.11971009,0.86095816,-0.008513802,0.021284504,18.75,32.55,-1.2,28.284273,25.854874,85795.24,1381.5096,-2.873042,2.873042,6.703765
632881007,9.715671,0,0.1340753,0.66301227,-0.020220278,0.057468157,19.05,31.05,-0.9,28.09258,25.856543,85795.59,1381.4757,-8.619126,6.703765,3.8307228
632914011,10.089166,0.14844051,-0.1340753,0.28946924,0.010642252,0.085138015,19.65,31.95,-3.9,28.23635,25.857183,85795.43,1381.4913,-6.703765,4.7884035,0.9576807
632947007,10.271125,0.35434186,-0.49320555,-0.28946924,0.03511943,0.11387209,18.6,29.4,-3.6,28.428041,25.857971,85795.97,1381.4395,-4.7884035,1.9153614,7.6614456
632980011,10.275913,0.31603462,-0.47884035,-0.7960404,0.06278928,0.10748675,19.35,31.65,-1.05,28.284273,25.859144,85796.766,1381.3641,-7.6614456,6.703765,2.873042
633013010,10.117896,0.320823,-0.50278234,-1.4718235,0.10322984,0.08407379,19.65,32.4,-2.4,28.380117,25.86017,85796.82,1381.359,1.9153614,8.619126,6.703765
633046012,10.089166,-0.05267244,-0.17717093,-1.8272746,0.08726646,0.064917736,19.05,31.8,-0.9,28.428041,25.860647,85796.37,1381.4021,0.9576807,1.9153614,9.576807
633079010,9.873688,-0.16280572,-0.2825158,-2.1029088,0.07875266,0.05640393,16.95,34.05,-0.15,28.140503,25.86116,85796.055,1381.4314,-5.746084,8.619126,4.7884035
633112010,9.859323,-0.60812724,0.14844051,-2.3338459,0.027669854,0.036183655,18.9,36.15,0.3,28.428041,25.861673,85796.14,1381.4233,-6.703765,1.9153614,4.7884035
633157974,9.749189,-0.6607997,0.19632454,-2.4040847,-0.021284504,-0.0021284504,17.7,37.95,1.95,28.428041,25.862663,85796.336,1381.405,-5.746084,6.703765,0
633190115,9.816227,-0.6703765,0.062249243,-2.4423966,0.009578027,-0.03299098,18.45,39.9,5.1,28.140503,25.86061,85796.04,1381.4332,-9.576807,1.9153614,9.576807
633223010,9.811439,-0.7038953,-0.11971009,-2.4721951,0.025541404,-0.044697456,16.5,42.15,8.1,28.044659,25.85951,85796.79,1381.3618,-2.873042,1.9153614,7.6614456
633256012,9.821015,-0.641646,-0.08619126,-2.576489,0.03299098,-0.050018582,17.55,43.05,9,28.284273,25.858833,85796.66,1381.3745,-1.9153614,1.9153614,9.576807
633289010,9.629479,-0.5602432,-0.40701428,-2.7520864,-0.005321126,-0.040440556,16.8,43.5,11.55,28.09258,25.85907,85796.414,1381.3981,-8.619126,1.9153614,4.7884035
633322012,9.959879,-0.9576807,-0.22026655,-2.9596102,-0.025541404,-0.013834927,16.35,44.25,12.9,28.044659,25.859383,85796.99,1381.3429,-1.9153614,9.576807,6.703765
633355010,9.840169,-1.1109096,-0.11971009,-2.9319403,-0.057468157,-0.04789013,18.15,46.5,15.15,28.380117,25.860353,85797.71,1381.2738,-1.9153614,5.746084,3.8307228
633388012,9.854534,-0.9816227,-0.36870706,-2.9191697,-0.05959661,-0.05959661,17.55,46.95,18,28.140503,25.860922,85797.07,1381.3348,-0.9576807,4.7884035,11.492168
633421007,9.950302,-0.9816227,-0.49799395,-3.0372987,-0.085138015,-0.053211257,17.85,47.7,20.55,28.380117,25.861948,85796.695,1381.3705,-0.9576807,6.703765,8.619126
633454011,9.878476,-1.3934253,-0.24899697,-2.9659956,-0.04789013,-0.08407379,14.7,47.85,24.3,28.044659,25.863451,85796.43,1381.3964,-3.8307228,6.703765,12.449849
633487010,10.0269165,-1.1540052,-0.33518824,-2.8319032,0.014899152,-0.085138015,17.55,47.7,27,28.09258,25.864128,85796.28,1381.4102,-5.746084,5.746084,12.449849
633520010,9.629479,-1.0342951,-0.60812724,-2.7829487,0.04789013,-0.07449576,15.9,46.35,27.9,28.23635,25.864788,85796.2,1381.4176,-0.9576807,3.8307228,6.703765
633553012,9.524135,-0.9911995,-0.6847417,-2.7691138,0.030862529,-0.044697456,16.8,46.95,32.1,28.284273,25.864843,85796.195,1381.4182,-0.9576807,5.746084,12.449849
633586010,9.763555,-1.0869676,-0.5650316,-2.793591,0.007449576,-0.018091828,14.85,45.75,33.9,28.09258,25.86519,85796.25,1381.4131,-2.873042,7.6614456,-2.873042
633619007,9.801862,-0.94331545,-0.61770403,-2.7010036,0.031926755,-0.006385351,16.05,43.5,35.7,28.428041,25.865429,85796.29,1381.4095,-5.746084,-0.9576807,5.746084
633652011,9.931149,-0.8762778,-0.6751649,-2.688233,-0.0021284504,-0.005321126,16.2,43.35,36.9,28.09258,25.865337,85795.69,1381.4672,-4.7884035,8.619126,6.703765
633685012,9.610326,-0.7517793,-0.92895025,-2.7073886,-0.036183655,-0.0010642252,15.6,41.25,38.85,28.284273,25.864954,85795.75,1381.4608,-0.9576807,4.7884035,3.8307228
633718007,9.753978,-1.0726024,-0.5315128,-2.6350217,-0.06385351,-0.019156054,16.8,40.05,41.4,28.380117,25.864386,85795.59,1381.4757,-5.746084,6.703765,7.6614456
633751012,9.720459,-0.6751649,-0.90500826,-2.5679755,-0.05108281,-0.006385351,16.05,38.55,43.2,28.140503,25.864843,85796.086,1381.4286,-1.9153614,5.746084,9.576807
633784010,9.801862,-0.59855044,-0.9911995,-2.5828745,-0.08620224,-0.024477178,16.35,36.15,43.65,28.380117,25.86488,85796.41,1381.3987,-4.7884035,11.492168,5.746084
633817010,9.883265,-0.6464345,-0.80445176,-2.553076,-0.08939491,-0.07236731,15.45,34.95,45.9,28.284273,25.864624,85796,1381.4366,-2.873042,4.7884035,8.619126
633883007,9.615114,-0.29209262,-1.067814,-2.5786176,-0.088330686,-0.11919322,15.3,31.95,47.55,28.284273,25.863396,85794.81,1381.5499,-4.7884035,3.8307228,2.873042
633918005,9.787497,-0.36870706,-0.51714754,-2.4157913,-0.018091828,-0.11280786,15.6,28.95,46.8,28.475964,25.863945,85794.9,1381.5419,-0.9576807,5.746084,3.8307228
633950121,9.639056,-0.17238252,-0.545878,-2.2763777,0.008513802,-0.07343154,17.1,27,47.55,28.044659,25.8629,85794.22,1381.6063,-0.9576807,0.9576807,8.619126
633983007,9.768343,-0.23942018,-0.2825158,-2.050762,0.04150478,-0.010642252,14.55,25.5,49.8,28.380117,25.863432,85794.71,1381.5603,-0.9576807,2.873042,3.8307228
634016012,9.682152,-0.0047884034,-0.5267244,-1.8294032,0.071303084,0.044697456,15.15,23.4,49.5,28.475964,25.862938,85794.9,1381.5419,-3.8307228,3.8307228,6.703765
634049010,9.634268,-0.033518825,-0.35434186,-1.6708336,-0.0031926755,0.053211257,15.3,22.8,49.35,28.09258,25.862442,85795.16,1381.5177,-0.9576807,4.7884035,4.7884035
634082010,9.89763,0.18195933,-0.46447513,-1.5463192,0.004256901,0.044697456,15.3,21,48,28.140503,25.862204,85795.086,1381.524,0,-0.9576807,7.6614456
634115010,9.715671,0.45010993,-0.7469909,-1.6112369,0.058532387,0.050018582,16.35,19.35,50.85,28.380117,25.862167,85794.484,1381.5815,-1.9153614,-0.9576807,20.111294
634160988,9.811439,0.30645782,-0.5793968,-1.6974392,0.08939491,0.021284504,15.9,16.95,47.1,28.380117,25.86215,85795.05,1381.5281,1.9153614,2.873042,6.703765
634193131,9.504981,0.37349546,-0.79966336,-1.777256,0.11812899,0.027669854,16.05,15.6,48.3,28.23635,25.859053,85795.42,1381.4918,-2.873042,5.746084,1.9153614
634226010,9.533711,-0.076614454,-0.29209262,-1.68254,0.08939491,0.071303084,15.9,14.7,48.15,28.428041,25.857605,85795.02,1381.5298,-2.873042,2.873042,12.449849
634259012,9.77792,0.05267244,-0.32561144,-1.4952363,0.017027603,0.08726646,16.35,13.35,47.55,28.428041,25.856817,85794.625,1381.5684,1.9153614,2.873042,4.7884035
634292010,9.964667,0.1340753,-0.36870706,-1.2025745,-0.068110414,0.05959661,15.45,12,48.15,28.23635,25.85667,85795.73,1381.4631,-5.746084,7.6614456,2.873042
634325010,9.763555,-0.090979666,0.110133275,-0.846059,-0.14047772,0.03724788,14.4,10.5,46.35,28.428041,25.857,85795.92,1381.4441,-0.9576807,8.619126,7.6614456
634358012,9.835381,0.0047884034,0.10534488,-0.3958918,-0.17666137,-0.0010642252,14.4,10.5,44.85,28.044659,25.856945,85795.71,1381.4648,-2.873042,-1.9153614,5.746084
634391012,10.065224,-0.12928689,0.18195933,0.028734079,-0.1979459,-0.044697456,15.6,10.2,45,28.23635,25.857935,85795.76,1381.4602,-8.619126,5.746084,-3.8307228
634424007,10.16578,0,-0.08140286,0.32671714,-0.160698,-0.060660835,15.6,10.95,45.45,28.475964,25.857952,85795.07,1381.5258,-5.746084,1.9153614,4.7884035
634457011,10.141838,-0.02873042,-0.06703765,0.68961793,-0.079816885,-0.091523364,14.85,11.4,43.95,28.475964,25.858978,85795.055,1381.527,-1.9153614,-0.9576807,7.6614456
634490010,10.113108,-0.1388637,-0.07182605,0.91416943,-0.007449576,-0.08939491,16.05,11.7,46.2,28.428041,25.859768,85794.9,1381.5419,-6.703765,7.6614456,14.365211
634523010,9.983821,0.01436521,-0.4357447,1.0514544,0.05533971,-0.08407379,16.5,12.3,46.65,28.284273,25.860188,85794.6,1381.5701,-5.746084,7.6614456,9.576807
634556012,9.859323,0.02873042,-0.5602432,1.0610324,0.09790871,-0.07875266,14.55,13.65,46.5,28.140503,25.860518,85794.81,1381.5499,-1.9153614,9.576807,1.9153614
634589007,9.801862,-0.1340753,-0.51714754,1.0344269,0.14686307,-0.054275483,15.45,16.2,46.65,28.380117,25.862076,85795.4,1381.4941,-1.9153614,-0.9576807,5.746084
634622012,9.653421,-0.18195933,-0.46447513,1.0812528,0.18836786,-0.023412954,15.45,15.45,47.7,28.23635,25.862663,85794.836,1381.5476,-0.9576807,9.576807,2.873042
634655010,9.662998,-0.12449849,-0.5793968,1.0876381,0.19475321,0.022348728,15.9,17.7,47.4,28.380117,25.863249,85795.17,1381.516,-1.9153614,3.8307228,3.8307228
634688012,9.634268,-0.15322891,-0.50278234,1.1600055,0.19581743,0.10961519,14.55,17.85,48,28.09258,25.863396,85794.35,1381.5936,-0.9576807,7.6614456,7.6614456
634721010,9.667787,-0.05746084,-0.5602432,1.2196021,0.19475321,0.15431266,16.5,20.7,47.7,28.09258,25.863213,85793.96,1381.6311,-0.9576807,4.7884035,14.365211
634754012,9.825804,-0.038307227,-0.6464345,1.2174735,0.19688165,0.18730363,16.05,20.1,47.25,28.380117,25.863377,85794.02,1381.6254,-0.9576807,3.8307228,14.365211
634787010,9.868899,-0.18195933,-0.48362875,1.2642995,0.19049631,0.17027603,15.15,21.15,49.5,28.428041,25.863487,85793.914,1381.6357,0.9576807,9.576807,12.449849
634820010,9.80665,-0.34476504,-0.36870706,1.3632724,0.16921179,0.15750532,16.5,22.2,49.5,28.044659,25.863726,85793.73,1381.6536,-2.873042,3.8307228,8.619126
634853012,9.825804,-0.23463176,-0.33518824,1.4473463,0.16814758,0.117064774,16.05,23.55,48,28.428041,25.864056,85794.2,1381.608,-6.703765,5.746084,8.619126
634886010,9.394848,-0.1388637,-0.5267244,1.4324471,0.17134026,0.11067942,16.05,24,49.35,28.23635,25.864,85793.766,1381.6495,-3.8307228,7.6614456,5.746084
634919010,9.404425,-0.21547815,-0.39264908,1.3834927,0.13409238,0.076624215,16.05,27,49.8,28.23635,25.86323,85793.73,1381.6536,-2.873042,-0.9576807,10.534488
634952012,9.619903,-0.2825158,-0.30166942,1.2898409,0.13728504,0.07343154,16.05,27.75,49.8,28.380117,25.862938,85794.04,1381.6241,-2.873042,5.746084,7.6614456
634985007,9.557653,-0.15322891,-0.45489833,1.1844826,0.14473462,0.058532387,15.9,28.8,49.5,28.428041,25.86301,85794.2,1381.608,0.9576807,5.746084,5.746084
635018012,9.509769,-0.095768064,-0.47884035,0.9099125,0.1351566,0.03299098,16.95,29.1,49.5,28.284273,25.86235,85793.73,1381.6536,-4.7884035,2.873042,4.7884035
635051010,9.552865,-0.22026655,-0.2633622,0.7822055,0.10110139,0.03937633,18,30.3,48.9,28.428041,25.862278,85793.62,1381.6638,-9.576807,1.9153614,5.746084
635084012,9.610326,-0.12928689,-0.33518824,0.6438562,0.053211257,0.046825908,16.5,29.85,50.25,28.380117,25.861929,85793.61,1381.6644,-7.6614456,2.873042,5.746084
635117010,9.639056,-0.10055647,-0.320823,0.61086524,0.0031926755,0.04789013,15.3,31.2,52.2,28.09258,25.861673,85793.76,1381.6506,-5.746084,2.873042,9.576807
635162975,9.935937,-0.1340753,-0.11492168,0.5544613,0.0021284504,0.03299098,15.45,30.75,51.3,28.284273,25.861782,85793.77,1381.6489,-8.619126,-0.9576807,0.9576807
635195115,10.084377,-0.22505496,0.02873042,0.6066084,0.0010642252,0.030862529,16.05,32.85,50.4,28.284273,25.858484,85794.266,1381.6023,-5.746084,1.9153614,10.534488
635228010,10.184934,-0.18195933,-0.04309563,0.67791146,0.008513802,0.04150478,16.95,33.3,50.25,28.284273,25.856596,85794.17,1381.611,-1.9153614,3.8307228,6.703765
635261010,9.935937,-0.272939,0.17238252,0.7545357,0.020220278,0.03299098,14.7,34.95,50.7,28.380117,25.855625,85794.19,1381.6093,-5.746084,5.746084,3.8307228
635294012,9.9550905,-0.33039984,0.21547815,0.9599311,0.013834927,0.07768843,15.6,34.35,50.4,28.428041,25.855772,85794.38,1381.5908,-3.8307228,8.619126,6.703765
635327007,9.883265,-0.22026655,0.20590134,1.1376567,0.045761682,0.09897295,16.35,35.1,51.6,28.140503,25.856321,85794.766,1381.5546,-0.9576807,5.746084,8.619126
635360012,9.696517,-0.29688102,0.2633622,1.3409237,0.050018582,0.12557857,16.05,35.4,49.8,28.475964,25.85601,85793.59,1381.6661,-1.9153614,5.746084,8.619126
635393010,9.624691,-0.25378537,0.2825158,1.4675665,0.05533971,0.15005575,14.85,36.6,49.35,28.380117,25.855625,85793.71,1381.6547,-4.7884035,2.873042,8.619126
635426010,9.701305,0.19632454,0.2633622,1.4537317,0.10110139,0.1266428,14.85,37.35,49.35,28.380117,25.855919,85794.34,1381.5948,-2.873042,4.7884035,5.746084
635459010,9.89763,0.22026655,0.06703765,1.2728133,0.15324843,0.05640393,15.15,39.45,49.5,28.428041,25.85687,85793.81,1381.6455,-0.9576807,3.8307228,7.6614456
635492010,9.878476,0.22026655,0.12449849,1.072739,0.14260617,-0.012770702,14.4,40.65,48.45,28.23635,25.857292,85794.21,1381.6069,-5.746084,4.7884035,6.703765
635525010,9.65821,0.17717093,0.07182605,0.92055476,0.13196392,-0.036183655,14.55,42.3,50.4,28.428041,25.857458,85794.2,1381.608,-2.873042,3.8307228,11.492168
635558012,9.634268,0.04309563,-0.23463176,0.7960404,0.058532387,-0.029798305,14.7,42.15,49.2,28.140503,25.85788,85793.81,1381.6455,1.9153614,3.8307228,4.7884035
635591007,9.677363,-0.11971009,-0.23942018,0.6725903,-0.05959661,-0.012770702,13.8,42,50.4,28.140503,25.858063,85794.23,1381.6057,-0.9576807,-2.873042,4.7884035
635624011,9.610326,-0.16280572,0.023942016,0.65556276,-0.11387209,0.03299098,15.15,43.65,48.45,28.428041,25.858337,85794.414,1381.5879,-4.7884035,4.7884035,4.7884035
635657010,9.56723,-0.10055647,-0.062249243,0.62363595,-0.14473462,0.05533971,14.85,44.55,50.4,28.380117,25.858833,85794.18,1381.6104,0.9576807,5.746084,5.746084
635690012,9.68694,-0.090979666,0.08140286,0.6129937,-0.18304673,0.09471604,13.5,44.55,48.3,28.044659,25.859053,85794.12,1381.6167,-6.703765,11.492168,9.576807
635723010,9.691729,-0.076614454,-0.15801731,0.56403935,-0.1777256,0.10535829,13.95,45.9,47.4,28.09258,25.860262,85794.875,1381.5442,-3.8307228,1.9153614,6.703765
635756012,9.782708,-0.10534488,-0.110133275,0.5608467,-0.18517518,0.10216562,13.2,46.35,48.15,28.57181,25.861452,85795.055,1381.527,-0.9576807,4.7884035,0.9576807
635789010,10.007763,0.08140286,-0.19153613,0.47570863,-0.15005575,0.053211257,12.15,44.85,48.15,28.380117,25.861746,85795.21,1381.5126,-1.9153614,6.703765,7.6614456
635855010,10.156203,0.07182605,-0.2825158,0.26924896,-0.042569008,-0.08088111,13.2,48.6,46.65,28.380117,25.8605,85794.875,1381.5442,-3.8307228,-0.9576807,6.703765
635888012,10.223241,0.1436521,-0.51235914,0.10748675,0.012770702,-0.10535829,11.7,48.45,46.2,28.428041,25.86105,85793.625,1381.6627,-0.9576807,5.746084,0.9576807
635921010,10.386047,0.05746084,-0.45968673,-0.06278928,0.012770702,-0.07555999,12.3,49.65,47.25,28.23635,25.861013,85793.33,1381.6915,-4.7884035,3.8307228,8.619126
635954012,10.553641,-0.1340753,-0.22984336,-0.12877125,0.05108281,-0.028734079,11.25,48.9,46.2,28.428041,25.860994,85794.414,1381.5879,-1.9153614,-0.9576807,14.365211
635987010,10.290278,-0.25378537,-0.12449849,-0.12132167,0.13941349,0.03299098,11.85,49.35,47.7,28.044659,25.861269,85794.7,1381.5609,-0.9576807,3.8307228,2.873042
636020012,10.156203,-0.4213795,0.12928689,-0.011706477,0.1649549,0.058532387,13.05,48,47.25,28.428041,25.861765,85795.13,1381.5194,-1.9153614,7.6614456,5.746084
636053010,9.821015,-0.33997664,0.15801731,0.08407379,0.17027603,0.08939491,11.1,49.05,48.9,28.380117,25.861984,85794.555,1381.5747,-5.746084,11.492168,3.8307228
636086012,9.586384,-0.45010993,0.4405331,0.13728504,0.13834926,0.085138015,12.3,47.7,48.3,28.380117,25.862167,85794.266,1381.6023,-0.9576807,-0.9576807,11.492168
636119010,9.461885,-0.35913026,0.2873042,0.18943208,0.08726646,0.064917736,11.4,47.85,47.1,28.23635,25.862589,85794.4,1381.5896,-2.873042,7.6614456,6.703765
636164974,9.653421,-0.4405331,0.47884035,0.18091829,0.044697456,0.007449576,13.05,48.9,49.05,28.09258,25.862608,85794.42,1381.5874,-4.7884035,4.7884035,4.7884035
636197114,9.835381,-0.22984336,0.39743748,0.15963377,0.05214703,-0.018091828,13.8,48.45,48.3,28.140503,25.860281,85794.7,1381.5609,-4.7884035,5.746084,6.703765
636230010,9.753978,-0.29688102,0.4405331,0.029798305,0.07343154,0.005321126,13.65,47.85,47.4,28.140503,25.858227,85794.555,1381.5747,-4.7884035,3.8307228,5.746084
636263010,9.844957,-0.30166942,0.4261679,-0.031926755,0.10216562,0.04150478,12.9,48.6,48.15,28.284273,25.857147,85794.55,1381.5753,-5.746084,5.746084,11.492168
636296012,10.041282,-0.35913026,0.36870706,-0.081945345,0.20539546,0.11280786,13.5,48.9,49.05,28.475964,25.857347,85795.61,1381.474,-2.873042,4.7884035,15.322891
636329010,9.964667,-0.47405192,0.35913026,-0.081945345,0.25860673,0.18091829,13.5,48,50.1,28.140503,25.857952,85795.05,1381.5281,-4.7884035,6.703765,7.6614456
636362012,10.022128,-0.62728083,0.2873042,-0.079816885,0.30543262,0.22774418,14.4,47.85,48.9,28.284273,25.857367,85794.56,1381.5741,-1.9153614,5.746084,6.703765
636395010,9.68694,-0.59376204,0.22984336,-0.120257445,0.29798305,0.19368897,14.7,48.3,50.25,28.475964,25.85753,85794.9,1381.5419,-0.9576807,7.6614456,12.449849
636428010,9.691729,-0.5363012,-0.48362875,-0.25115713,0.123450115,0.07023886,12.75,48.45,50.4,28.475964,25.857788,85794.89,1381.5425,-3.8307228,1.9153614,3.8307228
636461012,9.289502,-0.8475474,0.29688102,-0.35757965,-0.07236731,-0.024477178,14.25,47.7,51.15,28.044659,25.857677,85794.1,1381.6178,-4.7884035,2.873042,15.322891
636494010,9.169792,-0.91937345,0.45489833,-0.20007433,-0.13941349,-0.012770702,13.5,46.2,51.6,28.380117,25.858778,85794.18,1381.6104,-3.8307228,4.7884035,3.8307228
636527012,10.223241,-1.0151415,0.60812724,0.05108281,-0.13728504,-0.023412954,14.55,48.9,51.15,28.428041,25.859016,85794.41,1381.5885,-1.9153614,6.703765,8.619126
636560010,11.051635,-1.0965444,0.23463176,0.076624215,-0.18730363,-0.07768843,12.15,47.1,51.75,28.380117,25.8592,85794.586,1381.5718,-3.8307228,0.9576807,8.619126
636593012,8.662222,-0.31603462,-0.076614454,0.050018582,-0.2149735,-0.13409238,14.55,49.65,50.1,28.428041,25.860373,85794.63,1381.5673,-7.6614456,-1.9153614,2.873042
636626010,8.916007,-0.50278234,0.30166942,-0.05640393,-0.18517518,-0.17985405,14.55,46.95,51.15,28.284273,25.861673,85794.76,1381.5552,-0.9576807,5.746084,6.703765
636659010,10.19451,-0.89064306,0.48841715,0.020220278,-0.20858812,-0.20539546,12.15,49.05,49.95,28.044659,25.862076,85794.3,1381.5989,-5.746084,10.534488,5.746084
636692012,10.0029745,-0.7757214,0.7422025,0.014899152,-0.18411095,-0.18091829,13.8,48.45,49.8,28.23635,25.861929,85793.58,1381.6674,-1.9153614,2.873042,5.746084
636725010,10.366894,-1.043872,0.62728083,0.060660835,-0.17134026,-0.17453292,13.2,47.85,48.9,28.140503,25.862112,85794.54,1381.5764,-0.9576807,8.619126,8.619126
636758012,8.695741,-0.23463176,0.641646,0.24264334,0.022348728,-0.09578026,14.7,50.55,50.7,28.09258,25.862259,85794.4,1381.5896,-1.9153614,4.7884035,-4.7884035
636791010,10.007763,-0.40222588,0.22026655,0.19688165,0.08088111,0.004256901,12.75,49.2,49.8,28.380117,25.862204,85794.12,1381.6167,-1.9153614,7.6614456,-2.873042
636824012,9.083601,0.37349546,-0.866701,-0.0021284504,0.010642252,-0.007449576,12.9,47.85,49.95,28.09258,25.862478,85794.11,1381.6173,-2.873042,2.873042,10.534488
636857010,12.239159,-0.2633622,-0.7422025,-0.07236731,0.04150478,-0.029798305,12,48.9,50.1,28.57181,25.863543,85794.86,1381.5454,-4.7884035,7.6614456,7.6614456
636890012,9.141062,-0.095768064,-0.24899697,-0.06278928,0.05533971,-0.061725058,13.5,50.7,48.3,28.23635,25.863615,85794.695,1381.5615,-4.7884035,5.746084,3.8307228
636923010,10.103531,-0.24899697,-0.6703765,0.0031926755,0.09258759,-0.13622083,13.65,51.3,50.25,28.23635,25.863523,85794.83,1381.5482,-5.746084,7.6614456,6.703765
636956010,9.959879,-0.25857377,-0.07182605,-0.006385351,0.12451435,-0.18836786,14.25,49.65,50.1,28.23635,25.863468,85794.36,1381.5931,-5.746084,6.703765,0.9576807
636989012,9.744401,-0.19153613,-0.038307227,-0.018091828,0.14473462,-0.21710193,13.95,51,49.5,28.140503,25.86268,85793.56,1381.6691,-6.703765,3.8307228,15.322891
637022010,9.878476,-0.12928689,0.05267244,-0.045761682,0.15111998,-0.23838644,14.25,49.95,49.35,28.284273,25.863121,85794.48,1381.5822,-4.7884035,4.7884035,8.619126
637055010,9.792285,0.34955344,0.08619126,-0.14899153,0.13196392,-0.20645969,14.7,51,50.7,28.380117,25.863304,85795.27,1381.5062,-3.8307228,9.576807,5.746084
637088012,8.604761,0.2825158,-0.04309563,-0.32778138,0.07449576,-0.120257445,16.05,50.7,50.4,28.09258,25.863579,85795.48,1381.4867,-0.9576807,-0.9576807,8.619126
637121010,8.303091,0.10055647,-0.21068975,-0.6023514,0.021284504,-0.025541404,15.45,50.1,51.3,28.428041,25.863651,85795.734,1381.4625,-3.8307228,6.703765,9.576807
637166976,9.595961,0.06703765,0.49320555,-0.9567384,-0.100037165,0.11067942,14.55,49.95,50.85,28.380117,25.864128,85795.01,1381.5315,-0.9576807,2.873042,4.7884035
637199115,9.65821,0.033518825,-0.019153614,-1.1408494,-0.11919322,0.16814758,13.65,47.85,51.3,28.428041,25.860683,85794.55,1381.5753,-0.9576807,6.703765,4.7884035
637232010,10.500969,-0.15801731,-0.20590134,-1.2600425,-0.15111998,0.17666137,13.5,47.25,50.85,28.428041,25.859125,85793.555,1381.6702,-5.746084,-2.873042,10.534488
637265010,10.28549,-0.17717093,0.095768064,-1.1855469,-0.10429406,0.20539546,12.3,45.75,52.65,28.044659,25.858118,85794.43,1381.5868,-0.9576807,6.703765,11.492168
637298012,9.988609,-0.33997664,1.8914193,-0.98227984,0,0.1479273,11.85,43.65,52.05,28.284273,25.857641,85793.26,1381.6984,-6.703765,7.6614456,9.576807
637331010,9.773131,-0.110133275,0.33997664,-0.7960404,-0.048954356,0.1266428,13.05,41.55,52.95,27.948812,25.858154,85793.28,1381.696,-4.7884035,2.873042,-2.873042
637364012,9.792285,-0.038307227,-0.7757214,-0.718352,-0.057468157,0.03299098,12.6,41.7,54.3,28.09258,25.858557,85794.31,1381.5977,-0.9576807,1.9153614,1.9153614
637397010,11.061212,-0.23942018,0.30166942,-0.68323255,0.008513802,-0.005321126,12.15,40.65,53.55,28.428041,25.859583,85794.516,1381.5787,-8.619126,8.619126,11.492168
637430010,11.899182,-0.7469909,1.2306197,-0.64066356,0.050018582,-0.057468157,10.65,41.7,53.1,28.044659,25.860353,85794.09,1381.619,-0.9576807,-0.9576807,15.322891
637463012,9.270349,-0.24899697,0.22984336,-0.62363595,0.004256901,-0.023412954,11.1,40.2,54.6,28.380117,25.861526,85795.05,1381.5281,-1.9153614,1.9153614,1.9153614
637496007,9.452309,-0.12449849,0.24899697,-0.51295656,-0.0010642252,0.011706477,10.5,40.05,54,28.380117,25.861801,85794.63,1381.5673,-0.9576807,10.534488,15.322891
637529011,8.298303,-0.20111294,0.02873042,-0.35757965,0.029798305,0.030862529,12.6,38.25,53.85,28.09258,25.86202,85794.46,1381.5839,-2.873042,6.703765,5.746084
637562010,9.466674,0.019153614,-0.25857377,-0.22987263,0.022348728,0.014899152,11.1,37.5,53.1,28.380117,25.862186,85795.06,1381.5264,-8.619126,2.873042,11.492168
637595010,8.710106,0.033518825,-0.25378537,-0.06704619,0.014899152,-0.020220278,12.3,39.6,53.7,28.140503,25.8629,85796.07,1381.4303,-4.7884035,8.619126,4.7884035
637628010,10.117896,0.36391866,-0.8331822,0.015963377,0.020220278,-0.018091828,11.4,37.95,54.6,28.044659,25.862846,85795.26,1381.5079,3.8307228,4.7884035,1.9153614
637661010,9.5385,-0.49320555,0.37349546,0.022348728,0.015963377,-0.03724788,10.65,38.25,54.3,28.284273,25.86367,85794.81,1381.5499,2.873042,1.9153614,5.746084
637694012,9.615114,0.062249243,-0.5602432,-0.008513802,0.05108281,-0.034055207,12.15,39.9,53.85,28.428041,25.863873,85795.71,1381.4648,-1.9153614,2.873042,7.6614456
637727010,9.356541,-0.31603462,0.18674773,-0.03299098,0.036183655,-0.064917736,12.15,39.45,54.3,28.23635,25.863268,85795.94,1381.443,-3.8307228,-0.9576807,1.9153614
637760012,10.304645,-0.5315128,0.7182605,-0.08620224,0.058532387,-0.03299098,11.25,38.55,52.65,28.380117,25.863413,85795.945,1381.4418,-1.9153614,9.576807,5.746084
637793010,10.25676,-0.2777274,0.3878607,-0.07555999,0.018091828,-0.03724788,11.25,39.6,52.95,28.09258,25.863377,85795.62,1381.4734,-2.873042,4.7884035,3.8307228
637859010,9.136273,-0.33518824,-0.21068975,-0.09578026,-0.036183655,0.068110414,11.7,38.85,51.9,28.140503,25.864641,85795.76,1381.4602,-4.7884035,0.9576807,6.703765
637892010,10.041282,-0.5793968,0.6751649,-0.108550966,-0.030862529,0.117064774,11.25,38.55,53.4,28.475964,25.864733,85795.43,1381.4913,-4.7884035,6.703765,8.619126
637925010,10.726024,-0.23463176,0.1436521,-0.071303084,-0.044697456,0.13409238,11.7,37.8,54,28.428041,25.86466,85795.445,1381.4895,1.9153614,3.8307228,8.619126
637958010,10.989386,-0.44532153,1.1204864,-0.021284504,-0.06704619,0.11067942,11.7,37.8,52.65,28.284273,25.86519,85795.71,1381.4648,-0.9576807,2.873042,8.619126
637991010,10.156203,-0.18674773,0.48841715,-0.023412954,-0.03299098,0.10216562,10.35,37.5,54.6,28.475964,25.86455,85796,1381.4366,-2.873042,1.9153614,0
638024012,8.690952,-0.1436521,0.15801731,-0.021284504,-0.029798305,0.071303084,11.1,37.5,53.1,28.284273,25.865118,85795.99,1381.4377,2.873042,0.9576807,8.619126
638057007,9.409213,-0.20590134,0.01436521,0.006385351,-0.006385351,0.026605628,9.75,36.15,52.95,28.140503,25.864788,85796.555,1381.3837,-1.9153614,7.6614456,12.449849
638090011,10.328587,-0.23463176,0.32561144,0.009578027,0.010642252,0.009578027,10.5,36.15,52.95,28.284273,25.865282,85796.41,1381.3987,-3.8307228,-0.9576807,3.8307228
638123007,9.89763,-0.2777274,0,-0.006385351,0.015963377,0.0031926755,10.05,36.75,52.5,28.140503,25.86552,85796.27,1381.4113,-8.619126,4.7884035,8.619126
638168972,9.734824,-0.36391866,-0.08619126,-0.010642252,0.027669854,-0.015963377,9.6,37.5,51.75,28.428041,25.865833,85795.46,1381.4884,-0.9576807,4.7884035,1.9153614
638201105,9.744401,-0.320823,-0.05746084,-0.005321126,0.028734079,-0.020220278,10.5,38.55,51.9,28.23635,25.863579,85795.516,1381.4833,-1.9153614,0.9576807,16.280571
638234009,9.892841,-0.19153613,0.062249243,-0.011706477,0.010642252,0.0031926755,10.2,37.35,50.85,28.380117,25.861729,85795.234,1381.5103,-6.703765,3.8307228,-2.873042
638267012,9.816227,-0.21547815,0.023942016,-0.0031926755,0.005321126,0.013834927,9,38.1,52.2,28.428041,25.861233,85795.34,1381.4994,-1.9153614,1.9153614,10.534488
638300010,9.753978,-0.25378537,0.038307227,-0.007449576,0,0.029798305,10.2,37.35,54.45,28.044659,25.860281,85795.45,1381.489,-0.9576807,5.746084,11.492168
638333012,9.653421,-0.16759412,0.05267244,-0.012770702,-0.008513802,0.04150478,9.6,37.95,53.1,28.428041,25.860426,85795.28,1381.5056,-0.9576807,8.619126,4.7884035
638366010,9.768343,-0.30166942,0.019153614,-0.010642252,-0.025541404,0.06917463,9.45,36.6,51.6,28.23635,25.860994,85795.53,1381.4814,-3.8307228,6.703765,3.8307228
638399012,9.974244,-0.37828386,-0.033518825,-0.0031926755,-0.027669854,0.06917463,10.2,38.55,52.65,28.09258,25.86171,85796.51,1381.3883,-4.7884035,-0.9576807,0
638432007,9.983821,-0.48841715,-0.14844051,-0.007449576,-0.014899152,0.05214703,11.1,37.95,53.85,28.044659,25.862387,85796.54,1381.3854,-0.9576807,3.8307228,11.492168
638465012,9.734824,-0.47405192,-0.08140286,-0.010642252,0.013834927,0.009578027,9.6,37.95,50.25,28.140503,25.8629,85796.125,1381.4252,-3.8307228,5.746084,6.703765
638498010,9.667787,-0.37349546,-0.11492168,-0.008513802,0.004256901,0.010642252,10.95,39.6,52.2,27.948812,25.863873,85795.8,1381.4568,-0.9576807,7.6614456,4.7884035
638531010,9.878476,-0.47405192,-0.08619126,-0.006385351,0.019156054,-0.010642252,8.1,36,51,28.428041,25.86444,85795.805,1381.4556,-0.9576807,8.619126,9.576807
638564012,9.969456,-0.34955344,-0.02873042,-0.005321126,0.020220278,-0.011706477,9.6,37.5,51.75,28.428041,25.864733,85795.93,1381.4435,-2.873042,1.9153614,9.576807
638597010,9.888053,-0.33997664,0.0047884034,-0.008513802,0.025541404,-0.009578027,10.95,37.35,51.9,28.09258,25.865099,85795.76,1381.4602,-0.9576807,6.703765,8.619126
638630010,9.672575,-0.32561144,-0.009576807,-0.006385351,0.020220278,-0.008513802,10.65,35.7,52.05,28.140503,25.865376,85796.07,1381.4303,-4.7884035,7.6614456,9.576807
638663012,9.696517,-0.36391866,-0.009576807,-0.007449576,0.019156054,0.0021284504,10.65,38.7,52.5,28.23635,25.865429,85795.4,1381.4941,-1.9153614,5.746084,13.40753
638696010,9.916783,-0.36391866,-0.04309563,-0.006385351,0.011706477,0.015963377,10.65,36.75,50.7,28.23635,25.866493,85794.67,1381.5637,0.9576807,0,6.703765
638729010,9.983821,-0.38307226,-0.08140286,-0.006385351,0.010642252,0.006385351,9.6,37.5,51.75,28.380117,25.86686,85794.766,1381.5546,-4.7884035,1.9153614,11.492168
638762012,9.821015,-0.35913026,0.019153614,-0.005321126,0.013834927,0.005321126,10.35,37.5,53.85,28.380117,25.866255,85794.945,1381.5374,-5.746084,7.6614456,11.492168
638795010,9.701305,-0.35434186,-0.07182605,-0.009578027,0.007449576,0.013834927,10.35,37.5,52.05,28.380117,25.866383,85794.91,1381.5414,-8.619126,0.9576807,0.9576807
638828010,9.816227,-0.48362875,-0.18195933,-0.005321126,0.012770702,0.006385351,10.95,38.55,54,28.140503,25.866621,85795.34,1381.4994,-0.9576807,2.873042,6.703765
638862877,9.888053,-0.37828386,-0.04309563,-0.010642252,0.025541404,-0.005321126,9.45,38.1,51.9,28.380117,25.86651,85796.05,1381.4326,-3.8307228,6.703765,5.746084
638895016,9.892841,-0.29688102,-0.02873042,-0.0031926755,0.013834927,0.006385351,10.05,37.95,53.85,28.23635,25.86585,85795.734,1381.4625,-7.6614456,4.7884035,4.7884035
638928008,9.715671,-0.4165911,0.019153614,-0.004256901,0.007449576,0.012770702,10.2,36.6,52.65,27.948812,25.865942,85795.47,1381.4873,-3.8307228,3.8307228,4.7884035
638961012,9.610326,-0.46447513,-0.10055647,-0.008513802,0.012770702,0.015963377,9.45,37.35,52.2,28.380117,25.86585,85795.68,1381.4677,-0.9576807,0,2.873042
638994007,9.935937,-0.51235914,-0.21547815,-0.005321126,0.025541404,-0.008513802,10.05,37.95,52.5,28.23635,25.866236,85795.055,1381.527,-0.9576807,2.873042,8.619126
639027011,9.9790325,-0.45489833,-0.08140286,-0.013834927,0.048954356,-0.05214703,9.75,38.1,52.65,28.09258,25.866804,85795.375,1381.4965,-4.7884035,0,17.238253
639060010,9.821015,-0.30645782,0.019153614,-0.012770702,0.048954356,-0.058532387,10.35,37.95,52.8,28.380117,25.866951,85794.97,1381.535,-6.703765,3.8307228,9.576807
639093012,9.864111,0.08619126,-0.6560113,-0.023412954,0.028734079,-0.022348728,11.4,39.15,52.05,28.428041,25.866602,85795.73,1381.4631,-0.9576807,-0.9576807,5.746084
639126010,9.481039,-0.39743748,0.18195933,-0.014899152,0.019156054,-0.0031926755,10.95,37.35,51.15,28.09258,25.866951,85794.836,1381.5476,-0.9576807,1.9153614,5.746084
639171988,9.907207,-0.33518824,-0.18674773,-0.008513802,0.018091828,0,10.65,37.5,52.05,28.044659,25.86719,85795.03,1381.5293,-4.7884035,4.7884035,3.8307228
639204130,9.859323,-0.23463176,0.033518825,-0.013834927,0.013834927,0.007449576,11.25,37.05,52.2,28.428041,25.864458,85795.6,1381.4752,-4.7884035,4.7884035,6.703765
639237010,9.725247,-0.18674773,-0.110133275,-0.005321126,0.011706477,0.020220278,10.2,38.1,51.6,28.284273,25.862242,85795.414,1381.4924,0.9576807,4.7884035,0
639270012,9.720459,-0.24420857,-0.110133275,-0.006385351,0.007449576,0.006385351,11.85,37.5,52.8,28.044659,25.86235,85795.48,1381.4867,-4.7884035,3.8307228,6.703765
639303010,9.974244,-0.30645782,-0.009576807,-0.006385351,-0.0031926755,0.018091828,10.5,37.35,52.2,28.380117,25.862131,85795.336,1381.4999,-8.619126,2.873042,3.8307228
639336012,9.825804,-0.4405331,-0.12928689,-0.0010642252,0.011706477,-0.0031926755,9.3,38.25,51,28.380117,25.862717,85795.664,1381.4689,-0.9576807,4.7884035,0
639369007,10.127473,-0.1340753,-0.35434186,-0.013834927,0.034055207,-0.028734079,10.65,37.5,52.8,28.140503,25.862991,85795.586,1381.4763,-7.6614456,12.449849,20.111294
639402011,8.408437,2.0207062,-1.8052281,0.1436704,0.038312107,-0.015963377,10.95,37.35,52.2,28.380117,25.863506,85795.586,1381.4763,1.9153614,4.7884035,12.449849
639435010,12.397177,-2.15957,4.534618,-0.05108281,-0.004256901,0.08939491,9.75,38.55,52.95,28.044659,25.864605,85795.305,1381.5028,-2.873042,-2.873042,3.8307228
639468012,10.539276,-0.07182605,0.30166942,0.013834927,-0.027669854,0.060660835,9,37.05,51.9,28.284273,25.86486,85795.99,1381.4377,-0.9576807,6.703765,11.492168
639501010,10.357317,-0.49320555,-0.15801731,-0.0031926755,0.012770702,-0.004256901,10.05,37.2,53.55,28.23635,25.864752,85795.72,1381.4636,-1.9153614,3.8307228,1.9153614
639534010,9.825804,-0.31603462,-0.17238252,-0.008513802,0.031926755,-0.022348728,10.95,36.6,51.6,28.475964,25.865412,85795.375,1381.4965,-4.7884035,7.6614456,2.873042
639567012,9.500193,-0.038307227,0.033518825,-0.013834927,0.014899152,0.0010642252,11.1,38.25,52.8,28.284273,25.865889,85795.836,1381.4528,-2.873042,5.746084,4.7884035
639600010,9.739613,-0.35913026,-0.019153614,-0.008513802,0.009578027,0.010642252,9.75,37.8,53.4,28.23635,25.866402,85796.07,1381.4303,-6.703765,5.746084,11.492168
639633010,9.801862,-0.36391866,-0.08140286,-0.010642252,0.011706477,0.007449576,11.4,37.95,52.5,28.140503,25.866638,85795.93,1381.4435,-6.703765,4.7884035,0.9576807
639666012,9.969456,-0.24899697,-0.110133275,-0.007449576,0.009578027,0.0031926755,11.1,39.15,52.05,28.23635,25.867262,85795.48,1381.4867,-0.9576807,9.576807,8.619126
639699010,9.773131,-0.2825158,-0.07182605,-0.009578027,0.014899152,-0.005321126,10.5,38.55,53.7,28.380117,25.866987,85795.71,1381.4648,-3.8307228,8.619126,8.619126
639732010,9.801862,-0.17238252,-0.12928689,-0.018091828,0.020220278,-0.008513802,11.1,38.7,51,28.140503,25.867958,85795.55,1381.4803,-7.6614456,1.9153614,6.703765
639765012,9.797073,-0.50757074,0.11971009,-0.019156054,0.022348728,-0.005321126,9,38.85,50.85,28.57181,25.867958,85795.414,1381.4924,-0.9576807,7.6614456,3.8307228
639798010,9.959879,-0.21068975,-0.1340753,-0.010642252,0.012770702,0.0031926755,10.5,38.55,51.9,28.140503,25.868692,85795.766,1381.4596,-5.746084,3.8307228,4.7884035
639831010,9.77792,-0.17717093,0.06703765,-0.014899152,0.014899152,0.005321126,11.1,39.15,51.3,28.380117,25.869242,85796.02,1381.4349,-3.8307228,8.619126,1.9153614
639864010,9.758766,-0.30645782,0,-0.012770702,0.014899152,0.0021284504,8.85,39.15,52.8,28.140503,25.86935,85796.734,1381.3671,-5.746084,5.746084,11.492168
639897012,9.672575,-0.32561144,0.033518825,-0.004256901,0.013834927,0,10.65,37.5,52.05,28.044659,25.869442,85797.125,1381.3296,-2.873042,6.703765,8.619126
639930010,9.758766,-0.35913026,-0.02873042,-0.009578027,0.014899152,-0.0010642252,10.2,38.1,51.9,28.475964,25.869076,85797.914,1381.2548,0.9576807,1.9153614,6.703765
639963012,9.9550905,-0.35434186,-0.06703765,-0.004256901,0.019156054,-0.0010642252,10.65,38.7,53.85,28.428041,25.868637,85797.74,1381.2709,-3.8307228,3.8307228,9.576807
639996010,9.816227,-0.272939,-0.038307227,-0.007449576,0.014899152,0.0021284504,12,37.8,52.2,28.044659,25.868765,85797.266,1381.3164,-0.9576807,3.8307228,5.746084
640029010,9.691729,-0.31124622,-0.04309563,-0.009578027,0.011706477,0.010642252,10.05,37.5,52.8,28.140503,25.869442,85796.89,1381.352,-4.7884035,5.746084,11.492168
640062010,9.648633,-0.31124622,-0.02873042,-0.011706477,0.004256901,0.012770702,10.5,37.35,53.7,28.428041,25.869644,85796.984,1381.3434,-3.8307228,-0.9576807,8.619126
640095012,9.821015,-0.33039984,-0.076614454,-0.010642252,0.007449576,0.0031926755,10.65,37.95,53.55,28.044659,25.86981,85796.914,1381.3503,-4.7884035,3.8307228,4.7884035
640128010,9.940725,-0.33039984,0.01436521,-0.006385351,0.013834927,0.005321126,10.95,38.1,53.7,28.380117,25.869791,85796.24,1381.4142,0.9576807,6.703765,-0.9576807
640173975,9.801862,-0.30166942,-0.033518825,-0.011706477,0.015963377,0.0021284504,11.25,38.85,53.7,28.140503,25.869772,85796.61,1381.379,-0.9576807,0.9576807,13.40753
640206116,9.677363,-0.34955344,0.009576807,-0.007449576,0.018091828,0,10.65,37.2,52.05,28.140503,25.866968,85796.32,1381.4067,-1.9153614,3.8307228,6.703765
640239011,9.725247,-0.36870706,-0.019153614,-0.006385351,0.015963377,-0.005321126,10.2,38.85,54,28.044659,25.864716,85796.07,1381.4303,-3.8307228,5.746084,19.153614
640272010,9.883265,-0.30645782,0.062249243,-0.0031926755,0.012770702,-0.005321126,9.75,37.05,52.95,28.380117,25.864494,85796.18,1381.4199,-0.9576807,2.873042,5.746084
640305012,9.883265,-0.272939,0.02873042,-0.008513802,0.012770702,0.005321126,10.05,37.2,52.5,28.428041,25.864769,85796.06,1381.4309,-6.703765,8.619126,10.534488
640338010,9.773131,-0.2681506,-0.05267244,-0.009578027,0.010642252,0.004256901,9.3,37.95,53.55,28.044659,25.86455,85796.48,1381.3911,-4.7884035,3.8307228,2.873042
640371010,9.648633,-0.2633622,-0.0047884034,-0.009578027,0.008513802,0.008513802,9.6,37.95,53.55,28.380117,25.86422,85796.164,1381.4211,-3.8307228,1.9153614,8.619126
640404012,9.840169,-0.39264908,-0.02873042,-0.014899152,0.015963377,0.008513802,10.65,36.75,52.8,28.380117,25.86486,85795.67,1381.4683,-4.7884035,4.7884035,11.492168
640437010,9.89763,-0.34955344,0.009576807,-0.008513802,0.011706477,-0.0010642252,9.45,37.8,52.95,28.140503,25.865484,85796.35,1381.4038,1.9153614,2.873042,12.449849
640470012,9.883265,-0.33518824,-0.02873042,-0.009578027,0.015963377,0.0021284504,10.2,38.1,52.65,28.380117,25.865814,85795.97,1381.4395,-7.6614456,6.703765,8.619126
640503010,9.792285,-0.29688102,-0.019153614,-0.010642252,0.013834927,0.0010642252,10.05,37.5,53.55,28.380117,25.866053,85795.52,1381.482,-1.9153614,5.746084,3.8307228
640536010,9.682152,-0.272939,-0.07182605,-0.009578027,0.009578027,0.006385351,11.1,38.25,52.05,28.380117,25.866089,85796.19,1381.4193,-4.7884035,1.9153614,5.746084
640569010,9.859323,-0.31124622,0.009576807,-0.007449576,0.014899152,0.0031926755,9.45,37.35,52.95,28.09258,25.866108,85796.1,1381.4274,-1.9153614,6.703765,13.40753
640602012,9.92636,-0.2825158,0,-0.007449576,0.010642252,0.012770702,10.95,38.55,53.4,28.380117,25.866713,85795.43,1381.4913,-7.6614456,4.7884035,9.576807
640635010,9.840169,-0.33039984,0.033518825,-0.011706477,0.006385351,0.011706477,10.65,38.7,51.75,28.428041,25.86717,85795.51,1381.4838,-0.9576807,-0.9576807,10.534488
640668012,9.758766,-0.320823,-0.047884032,-0.007449576,0.008513802,0.010642252,10.2,36.15,52.95,28.284273,25.868105,85795.68,1381.4677,-2.873042,3.8307228,8.619126
640701007,9.667787,-0.34476504,-0.07182605,-0.007449576,0.019156054,0.0031926755,10.05,38.25,52.05,28.23635,25.868069,85795.375,1381.4965,-5.746084,3.8307228,12.449849
640734012,9.782708,-0.36391866,-0.05267244,-0.010642252,0.013834927,0,10.35,37.2,51.3,28.284273,25.868912,85794.46,1381.5839,-0.9576807,6.703765,9.576807
640767012,9.935937,-0.31124622,0.062249243,-0.009578027,0.011706477,-0.0021284504,10.95,39.6,53.4,28.23635,25.86882,85794.77,1381.5535,-1.9153614,1.9153614,7.6614456
640866010,9.701305,-0.33518824,0.0047884034,-0.008513802,0.013834927,0.006385351,9.75,37.8,52.95,28.044659,25.868912,85794.914,1381.5402,-1.9153614,7.6614456,4.7884035
640899012,9.873688,-0.31603462,-0.06703765,-0.009578027,0.008513802,0.006385351,9,37.05,52.2,28.09258,25.869259,85795.65,1381.4706,-1.9153614,-1.9153614,0.9576807
640932007,9.931149,-0.25378537,-0.038307227,-0.010642252,0.012770702,0.008513802,10.5,37.35,50.4,28.475964,25.869663,85796.086,1381.4286,-3.8307228,4.7884035,4.7884035
640965012,9.873688,-0.29209262,-0.009576807,-0.010642252,0.013834927,0.0031926755,9.3,38.7,52.8,28.044659,25.870121,85796.586,1381.3809,-0.9576807,6.703765,5.746084
640998007,9.696517,-0.31124622,-0.02873042,-0.009578027,0.013834927,0.005321126,11.4,39.45,51.3,28.428041,25.870157,85796.31,1381.4072,-4.7884035,6.703765,1.9153614
641031011,9.710882,-0.40222588,-0.08619126,-0.007449576,0.015963377,0.004256901,9.45,37.35,52.65,28.140503,25.869608,85795.71,1381.4648,-0.9576807,7.6614456,11.492168
641064012,9.969456,-0.33997664,-0.01436521,-0.012770702,0.013834927,-0.0010642252,9.3,36.45,52.8,28.09258,25.868893,85795.336,1381.4999,-0.9576807,6.703765,4.7884035
641097010,9.825804,-0.24899697,0.062249243,-0.006385351,0.011706477,0.0031926755,10.35,36.75,51.75,28.475964,25.869095,85795.2,1381.5132,0.9576807,10.534488,0.9576807
641130012,9.739613,-0.272939,0.076614454,-0.009578027,0.010642252,0.0021284504,10.35,37.95,51,28.284273,25.86838,85795.37,1381.4971,-2.873042,1.9153614,4.7884035
641175975,9.648633,-0.34955344,0,-0.007449576,0.009578027,0.010642252,9.75,38.1,51.9,28.380117,25.869003,85795.29,1381.5045,1.9153614,1.9153614,8.619126
641208115,9.921572,-0.31124622,0.0047884034,-0.005321126,0.006385351,0.008513802,9,38.55,50.4,28.140503,25.866236,85794.86,1381.5454,-2.873042,0.9576807,7.6614456
641241010,9.92636,-0.34955344,-0.01436521,-0.005321126,0.014899152,0.007449576,11.7,38.1,52.65,28.380117,25.864624,85794.93,1381.5391,-4.7884035,2.873042,9.576807
641274012,9.883265,-0.30645782,0.0047884034,-0.007449576,0.015963377,0.004256901,12,38.1,53.4,28.284273,25.864275,85795.73,1381.4631,-3.8307228,3.8307228,4.7884035
641307007,9.662998,-0.36391866,0,-0.005321126,0.017027603,-0.0031926755,10.35,38.25,52.5,28.044659,25.863873,85795.86,1381.4498,-2.873042,10.534488,7.6614456
641340012,9.662998,-0.33039984,-0.02873042,-0.005321126,0.015963377,-0.0010642252,9,37.35,52.95,28.428041,25.863579,85796.266,1381.4119,-4.7884035,2.873042,2.873042
641373010,9.907207,-0.32561144,0.009576807,-0.008513802,0.014899152,-0.0010642252,11.85,36.45,52.05,28.380117,25.864367,85795.6,1381.4752,-7.6614456,-0.9576807,2.873042
641406012,9.959879,-0.29209262,0.05746084,-0.005321126,0.013834927,0.005321126,9,38.1,53.4,28.428041,25.865704,85795.555,1381.4792,-3.8307228,6.703765,7.6614456
641439007,9.844957,-0.31603462,-0.0047884034,-0.007449576,0.015963377,0.006385351,9.3,39.15,52.8,28.475964,25.866566,85795.055,1381.527,-4.7884035,8.619126,7.6614456
641472012,9.682152,-0.22984336,0.047884032,-0.009578027,0.011706477,0.007449576,9.6,39.15,52.5,28.140503,25.866474,85794.81,1381.5499,-1.9153614,1.9153614,10.534488
641505010,9.773131,-0.3878607,-0.023942016,-0.010642252,0.008513802,0.006385351,10.5,38.85,53.7,28.475964,25.86684,85795.89,1381.447,-0.9576807,4.7884035,4.7884035
641538010,9.89763,-0.36391866,-0.05746084,-0.008513802,0.017027603,0.0021284504,9.45,37.8,52.95,28.140503,25.867262,85794.98,1381.5344,-4.7884035,3.8307228,7.6614456
641571012,9.92636,-0.2777274,0.0047884034,-0.010642252,0.018091828,0.0021284504,10.5,38.55,51.9,28.380117,25.86816,85795.58,1381.4769,-1.9153614,5.746084,1.9153614
641604010,9.792285,-0.21547815,0,-0.006385351,0.011706477,0,10.35,39.45,52.05,28.284273,25.868399,85796.37,1381.4021,-3.8307228,1.9153614,13.40753
641637010,9.710882,-0.31124622,0.023942016,-0.009578027,0.018091828,0.006385351,10.05,38.25,53.1,28.23635,25.869167,85796.36,1381.4027,-0.9576807,-0.9576807,2.873042
641670012,9.844957,-0.33518824,-0.033518825,-0.006385351,0.010642252,0.0021284504,9.75,37.35,51.9,28.23635,25.869442,85796.15,1381.4229,-3.8307228,3.8307228,5.746084
641703007,9.92636,-0.2777274,-0.05746084,-0.011706477,0.015963377,0.004256901,12,39.3,51.9,28.380117,25.869663,85796.13,1381.4246,-0.9576807,-0.9576807,8.619126
641736011,9.907207,-0.23463176,0.019153614,-0.007449576,0.011706477,0.004256901,11.4,38.7,51.75,28.044659,25.86968,85795.66,1381.47,-0.9576807,3.8307228,0
641769007,9.77792,-0.2873042,-0.033518825,-0.006385351,0.010642252,0.007449576,10.2,38.1,51.9,28.284273,25.869827,85795.336,1381.4999,-7.6614456,3.8307228,4.7884035
641802011,9.672575,-0.35434186,-0.05746084,-0.004256901,0.009578027,0.005321126,11.1,40.2,53.1,28.23635,25.870085,85794.97,1381.535,-5.746084,1.9153614,6.703765
641835010,9.797073,-0.33997664,0.01436521,-0.0010642252,0.011706477,-0.0031926755,10.05,39.15,53.85,28.140503,25.870872,85795.11,1381.5217,-3.8307228,-0.9576807,9.576807
641868012,9.888053,-0.35434186,-0.0047884034,-0.0031926755,0.013834927,0.0010642252,9.3,39.9,52.05,28.23635,25.870872,85795.82,1381.4545,-0.9576807,6.703765,9.576807
641901010,9.825804,-0.2825158,-0.0047884034,-0.0031926755,0.013834927,0.0021284504,10.35,39.45,52.8,28.619732,25.871311,85795.58,1381.4769,-0.9576807,-0.9576807,4.7884035
641934010,9.710882,-0.2825158,-0.08619126,-0.007449576,0.010642252,0.0021284504,10.05,37.95,52.05,28.09258,25.871202,85795.875,1381.4487,-3.8307228,1.9153614,0
641967012,9.739613,-0.34955344,0.05746084,-0.009578027,0.011706477,0.004256901,9.75,38.85,52.95,28.284273,25.870981,85795.5,1381.4844,-2.873042,-1.9153614,9.576807
642000007,9.749189,-0.36391866,0,-0.006385351,0.015963377,0.006385351,10.95,37.05,50.85,28.428041,25.871386,85795.484,1381.4861,-2.873042,2.873042,8.619126
642033012,9.950302,-0.34476504,0.009576807,-0.006385351,0.008513802,0.005321126,8.7,39.3,52.2,27.948812,25.87111,85795.78,1381.4579,-1.9153614,5.746084,0.9576807
642066010,9.940725,-0.29209262,-0.019153614,-0.005321126,0.018091828,0.007449576,10.65,38.7,52.5,28.428041,25.87135,85795.945,1381.4418,-1.9153614,-0.9576807,4.7884035
642099012,9.730036,-0.2873042,-0.01436521,-0.006385351,0.010642252,0.0031926755,9,38.55,53.7,28.57181,25.871386,85795.46,1381.4884,-0.9576807,3.8307228,5.746084
642132010,9.662998,-0.33039984,0.01436521,-0.009578027,0.014899152,0,10.2,38.85,53.7,27.948812,25.871696,85795.164,1381.5166,-1.9153614,1.9153614,3.8307228
642177974,9.878476,-0.32561144,-0.009576807,-0.004256901,0.014899152,0.0031926755,9.6,40.2,52.95,28.23635,25.871788,85794.9,1381.5419,-0.9576807,6.703765,7.6614456
642210115,9.907207,-0.25378537,-0.038307227,-0.006385351,0.010642252,0.007449576,10.35,39.9,52.5,28.23635,25.868765,85795.39,1381.4948,-6.703765,11.492168,1.9153614
642243010,9.730036,-0.19153613,-0.05746084,-0.008513802,0.011706477,0.007449576,10.35,40.2,51.3,28.140503,25.866951,85795.84,1381.4521,-4.7884035,1.9153614,3.8307228
642276012,9.701305,-0.32561144,0.023942016,-0.008513802,0.014899152,0.006385351,9.45,38.85,53.4,27.948812,25.865889,85796.25,1381.4131,-1.9153614,8.619126,4.7884035
642309007,9.768343,-0.320823,-0.04309563,-0.008513802,0.013834927,0.0031926755,8.55,39.15,52.5,28.475964,25.865961,85795.85,1381.4515,-2.873042,1.9153614,6.703765
642342011,9.892841,-0.38307226,0.009576807,-0.009578027,0.018091828,0,9.3,39.45,53.85,28.23635,25.866602,85795.82,1381.4545,-1.9153614,8.619126,2.873042
642375010,9.821015,-0.2633622,-0.01436521,-0.009578027,0.015963377,0.0021284504,9.45,38.85,53.4,28.428041,25.867664,85795.484,1381.4861,-1.9153614,2.873042,5.746084
642408012,9.739613,-0.320823,-0.08619126,-0.005321126,0.011706477,0.006385351,9.45,38.1,54.45,28.284273,25.868177,85795.17,1381.516,-7.6614456,8.619126,8.619126
642441010,9.672575,-0.33518824,0.023942016,-0.006385351,0.011706477,0.004256901,9.75,39.6,52.95,28.284273,25.869297,85795.82,1381.4545,-4.7884035,10.534488,10.534488
642474012,9.801862,-0.34476504,-0.009576807,-0.007449576,0.018091828,0.0010642252,9.3,39.45,52.5,28.09258,25.869406,85795.71,1381.4648,-4.7884035,7.6614456,9.576807
642507010,9.892841,-0.31603462,0.062249243,-0.009578027,0.010642252,-0.0021284504,9.75,37.35,53.4,28.23635,25.869772,85795.984,1381.4384,-0.9576807,2.873042,14.365211
642540010,9.816227,-0.30645782,-0.02873042,-0.014899152,0.010642252,0.006385351,10.95,37.8,52.95,28.380117,25.870487,85796.28,1381.4102,-0.9576807,3.8307228,5.746084
642573010,9.730036,-0.24899697,-0.023942016,-0.007449576,0.008513802,0.006385351,10.35,39.15,53.55,28.428041,25.871166,85795.8,1381.4568,-0.9576807,10.534488,16.280571
642606012,9.744401,-0.30166942,0.01436521,-0.006385351,0.012770702,0.004256901,10.2,39.6,54.45,28.23635,25.870945,85795.73,1381.4631,-3.8307228,10.534488,11.492168
642639007,9.835381,-0.36391866,-0.047884032,-0.009578027,0.015963377,0.0031926755,10.35,38.7,54.3,28.23635,25.871807,85795.74,1381.4619,-5.746084,7.6614456,8.619126
642672011,9.911995,-0.33039984,0.01436521,-0.008513802,0.017027603,0.0010642252,9.3,38.25,54.9,28.23635,25.872759,85795.95,1381.4412,-0.9576807,6.703765,8.619126
642705010,9.830592,-0.2873042,0.038307227,-0.010642252,0.014899152,0.0010642252,10.65,39.45,53.55,28.23635,25.873016,85796.75,1381.3652,-5.746084,2.873042,2.873042
642738012,9.753978,-0.30166942,-0.05746084,-0.008513802,0.014899152,0.007449576,9.75,38.1,53.4,28.380117,25.873219,85796.91,1381.351,-1.9153614,-0.9576807,10.534488
642771010,9.706094,-0.37828386,0.01436521,-0.011706477,0.012770702,0.006385351,10.65,39.15,52.8,28.428041,25.873072,85795.95,1381.4412,-1.9153614,4.7884035,3.8307228
