t_us,ax,ay,az,gx,gy,gz,mx,my,mz,imuTempC,baroTempC,pressPa,altM,hgx,hgy,hgz
32671359,-0.828394,-0.134075,9.797073,0.000000,0.017028,-0.005321,37.350,1.200,107.250,25.27,22.97,97172.55,351.602,7.661446,-0.957681,5.746084
32704359,-0.852336,-0.110133,9.816227,-0.002128,0.005321,-0.003193,39.450,0.750,108.150,24.88,22.97,97172.57,351.600,5.746084,6.703765,12.449849
32738359,-0.766145,-0.114922,9.773131,0.001064,0.015963,-0.004257,38.700,1.050,106.800,25.27,22.97,97172.90,351.571,6.703765,-0.957681,8.619126
32770870,-0.890643,-0.071826,9.811439,0.002128,0.011706,-0.003193,37.200,0.750,107.550,25.46,22.97,97173.34,351.535,7.661446,6.703765,11.492168
32804359,-0.766145,-0.148441,9.811439,0.000000,0.011706,-0.004257,38.250,-0.300,108.900,25.31,22.97,97173.51,351.519,6.703765,-0.957681,12.449849
32838359,-0.818817,-0.090980,9.806650,-0.003193,0.009578,-0.004257,37.200,0.750,107.550,25.27,22.97,97173.46,351.523,11.492168,1.915361,11.492168
32871359,-0.814029,-0.124498,9.758766,0.000000,0.009578,-0.004257,37.050,0.150,106.950,25.46,22.97,97173.20,351.545,11.492168,9.576807,11.492168
32904359,-0.857124,-0.119710,9.844957,-0.005321,0.012771,0.003193,36.900,1.500,108.900,25.12,22.97,97173.04,351.559,8.619126,-0.957681,10.534488
32938364,-0.881066,-0.110133,9.821015,-0.004257,0.010642,0.000000,38.100,0.450,107.250,25.31,22.97,97173.43,351.526,1.915361,-1.915361,12.449849
32971359,-0.818817,-0.105345,9.777920,-0.003193,0.008514,0.002128,37.800,0.150,106.200,25.27,22.97,97173.34,351.535,16.280571,1.915361,6.703765
33004359,-0.804452,-0.043096,9.816227,-0.007450,0.010642,0.001064,37.200,0.000,108.150,25.22,22.97,97172.79,351.581,5.746084,-0.957681,13.407530
33038359,-0.833182,-0.143652,9.821015,-0.001064,0.010642,-0.001064,39.300,-1.650,106.650,25.41,22.97,97172.74,351.586,9.576807,5.746084,9.576807
33071359,-0.794875,-0.081403,9.758766,-0.004257,0.012771,0.002128,38.250,0.300,107.850,25.27,22.97,97172.48,351.607,7.661446,5.746084,12.449849
33104359,-0.814029,-0.086191,9.801862,-0.002128,0.006385,0.001064,39.000,0.750,107.850,25.22,22.97,97172.58,351.600,7.661446,-0.957681,11.492168
33138359,-0.833182,-0.134075,9.825804,0.000000,0.012771,-0.001064,38.250,1.050,107.550,25.27,22.97,97172.37,351.617,10.534488,2.873042,4.788404
33171359,-0.804452,-0.090980,9.821015,-0.003193,0.012771,0.002128,37.950,1.050,107.550,25.22,22.97,97172.85,351.576,13.407530,5.746084,8.619126
33204359,-0.861913,-0.100556,9.821015,-0.005321,0.010642,0.002128,37.050,1.200,106.650,25.31,22.97,97172.96,351.566,9.576807,0.957681,11.492168
33238359,-0.866701,-0.090980,9.821015,-0.001064,0.008514,-0.001064,38.700,-0.750,107.550,25.12,22.97,97172.23,351.630,14.365211,3.830723,11.492168
33271359,-0.828394,-0.158017,9.835381,-0.004257,0.013835,-0.001064,37.650,1.500,106.350,25.31,22.97,97173.00,351.563,11.492168,2.873042,19.153614
33304359,-0.799663,-0.114922,9.811439,-0.006385,0.010642,0.000000,37.800,-0.450,108.000,25.27,22.97,97173.59,351.512,6.703765,0.957681,12.449849
33338359,-0.833182,-0.081403,9.797073,-0.007450,0.009578,-0.001064,37.050,1.200,107.700,24.93,22.97,97173.01,351.562,5.746084,4.788404,12.449849
33371359,-0.799663,-0.062249,9.792285,-0.006385,0.010642,0.000000,38.100,2.100,108.000,25.27,22.97,97173.52,351.518,11.492168,7.661446,6.703765
33411247,-0.876278,-0.100556,9.840169,0.001064,0.010642,-0.004257,38.250,1.500,107.100,25.46,22.97,97172.93,351.569,8.619126,1.915361,13.407530
33438359,-0.876278,-0.100556,9.782708,0.001064,0.011706,-0.001064,38.250,0.300,107.100,25.31,22.97,97173.66,351.506,1.915361,-0.957681,9.576807
33471359,-0.852336,-0.105345,9.816227,-0.001064,0.011706,-0.006385,39.450,0.300,106.350,25.27,22.97,97172.73,351.586,11.492168,5.746084,11.492168
33504359,-0.804452,-0.124498,9.782708,0.001064,0.010642,-0.004257,37.950,-0.300,108.600,25.41,22.97,97172.81,351.579,4.788404,4.788404,15.322891
33538359,-0.818817,-0.100556,9.821015,0.000000,0.007450,-0.003193,38.100,0.150,109.050,25.22,22.97,97173.33,351.535,6.703765,-1.915361,19.153614
33571359,-0.809240,-0.086191,9.859323,0.003193,0.017028,0.003193,38.550,0.450,108.750,25.22,22.97,97173.72,351.501,10.534488,0.000000,8.619126
33604359,-0.890643,-0.090980,9.777920,-0.001064,0.011706,0.000000,38.100,0.900,108.000,25.22,22.97,97174.19,351.461,6.703765,6.703765,9.576807
33647605,-0.837971,-0.095768,9.806650,0.000000,0.006385,-0.005321,38.850,-0.450,107.250,25.31,22.97,97173.93,351.483,5.746084,3.830723,12.449849
33671249,-0.823605,-0.047884,9.806650,-0.001064,0.012771,-0.006385,38.850,-0.150,107.700,25.12,22.97,97174.06,351.472,2.873042,2.873042,13.407530
33704359,-0.823605,-0.081403,9.830592,-0.002128,0.010642,0.001064,38.550,1.200,108.750,25.07,22.97,97173.74,351.499,13.407530,-1.915361,11.492168
33738359,-0.876278,-0.095768,9.835381,-0.003193,0.013835,-0.004257,37.050,1.650,107.700,25.41,22.97,97173.19,351.547,7.661446,5.746084,15.322891
33771359,-0.837971,-0.110133,9.816227,-0.007450,0.017028,-0.001064,39.300,-0.150,106.650,24.79,22.97,97173.35,351.533,6.703765,4.788404,15.322891
33804359,-0.866701,-0.033519,9.888053,-0.005321,0.010642,0.001064,38.250,1.500,107.850,25.31,22.97,97172.97,351.566,3.830723,-0.957681,8.619126
33838359,-1.072602,0.114922,9.739613,-0.017028,0.012771,-0.002128,38.250,-0.300,107.550,25.22,22.97,97172.81,351.579,12.449849,-0.957681,10.534488
33871359,-0.694318,-0.162806,9.562442,-0.005321,0.009578,-0.004257,38.550,0.150,107.700,25.07,22.97,97172.31,351.622,5.746084,3.830723,16.280571
33904359,-0.885855,-0.158017,9.509769,0.000000,0.010642,-0.062789,38.250,0.000,107.850,25.27,22.97,97172.27,351.626,8.619126,0.957681,12.449849
33938359,-1.086968,-1.144428,9.758766,-0.032991,0.047890,-0.216038,37.350,2.400,108.150,25.22,22.97,97171.69,351.676,7.661446,8.619126,8.619126
33971359,-1.110910,-1.187524,10.002975,0.026606,-0.002128,0.025541,36.150,1.500,107.100,24.93,22.97,97171.80,351.667,9.576807,2.873042,13.407530
34004359,-1.230620,1.000776,9.442732,-0.011706,0.001064,0.031927,36.000,1.650,107.700,25.31,22.97,97171.59,351.685,8.619126,5.746084,13.407530
34038359,-1.158794,1.249773,9.677363,-0.010642,0.018092,0.071303,36.300,1.200,108.000,25.27,22.97,97172.30,351.623,6.703765,7.661446,13.407530
34071359,-0.727837,-0.181959,9.787497,-0.010642,0.020220,-0.006385,37.650,0.000,107.550,25.31,22.97,97172.80,351.580,9.576807,3.830723,12.449849
34104359,-0.914585,-0.201113,9.830592,-0.008514,0.013835,0.000000,37.950,1.500,106.050,25.41,22.97,97172.59,351.598,9.576807,1.915361,13.407530
34138359,-0.885855,-0.191536,9.255983,0.032991,-0.021285,-0.007450,37.800,0.450,108.000,25.27,22.97,97172.98,351.564,6.703765,-0.957681,18.195932
34171359,-1.086968,-0.354342,9.260772,-0.002128,0.010642,-0.001064,38.100,-1.200,108.000,25.27,22.97,97173.46,351.523,6.703765,6.703765,16.280571
34204359,-0.905008,-0.277727,9.844957,0.020220,-0.003193,0.113872,36.900,0.300,108.600,25.22,22.97,97173.37,351.532,11.492168,1.915361,21.068975
34238359,-1.168370,-0.062249,9.375694,0.053211,-0.019156,0.080881,37.950,1.500,107.100,25.27,22.97,97174.25,351.455,13.407530,6.703765,14.365211
34271362,-0.857124,2.308010,10.386047,0.045762,-0.013835,-0.120257,38.550,0.900,108.000,25.22,22.97,97173.00,351.563,6.703765,-0.957681,12.449849
34304359,-0.766145,0.009577,9.864111,0.036184,-0.020220,-0.069175,37.950,1.800,107.850,25.07,22.97,97172.96,351.566,11.492168,3.830723,13.407530
34338359,-1.168370,-0.713472,9.634268,0.043633,-0.051083,-0.317139,36.900,0.300,107.100,25.22,22.97,97174.31,351.450,3.830723,-0.957681,8.619126
34371363,-0.871489,-0.359130,9.835381,0.104294,-0.260735,-0.041505,37.950,1.500,108.900,25.31,22.97,97173.72,351.501,9.576807,-0.957681,12.449849
34404359,-0.608127,-0.105345,9.974244,0.119193,-0.413984,-0.209652,37.050,0.150,108.450,24.98,22.97,97173.60,351.511,9.576807,4.788404,9.576807
34438359,-0.718261,-0.660800,13.378799,0.162826,-0.582131,-0.424626,37.200,0.000,108.150,25.41,22.97,97173.53,351.517,7.661446,2.873042,15.322891
34471359,0.076614,-0.378284,10.137050,0.650242,-0.108551,-0.425690,36.300,0.450,110.550,24.98,22.97,97172.85,351.576,4.788404,8.619126,16.280571
34504359,0.311246,-0.545878,10.122684,0.789655,-0.039376,0.017028,35.400,2.250,110.400,25.31,22.97,97172.70,351.590,4.788404,-0.957681,8.619126
34538359,-0.004788,0.723049,10.074800,0.901399,0.068110,0.038312,35.700,1.800,111.450,25.22,22.97,97172.70,351.590,8.619126,7.661446,7.661446
34587966,-0.292093,1.393425,9.844957,1.018463,0.402277,-0.057468,36.000,6.300,111.600,25.46,22.97,97172.87,351.574,9.576807,4.788404,16.280571
34611139,-0.842759,2.978387,8.599973,0.433140,-0.021285,-0.293726,36.150,4.950,110.700,25.27,22.97,97172.91,351.570,8.619126,-2.873042,21.068975
34640961,-0.253785,2.044648,9.006987,-0.035119,-0.020220,-0.350130,35.250,5.850,112.050,24.79,22.97,97172.71,351.588,8.619126,4.788404,15.322891
34723561,-0.536301,0.775721,10.002975,-0.228808,0.079817,-0.143670,35.250,5.100,112.050,25.41,22.97,97173.37,351.532,9.576807,1.915361,18.195932
34747232,-0.550666,0.761356,10.017340,-0.017028,0.174533,-0.108551,36.900,4.500,111.450,25.41,22.96,97172.94,351.568,6.703765,1.915361,15.322891
34776952,-0.426168,1.000776,10.170568,0.155377,0.176661,-0.139413,36.600,4.650,112.350,25.22,22.95,97174.01,351.476,9.576807,9.576807,11.492168
34806130,-0.761356,1.527501,9.955091,0.295855,0.056404,-0.326717,36.000,5.100,112.350,25.41,22.95,97173.37,351.532,11.492168,-0.957681,6.703765
34836024,-0.751779,1.096544,9.634268,0.337359,-0.094716,-0.389506,35.400,4.200,111.150,25.07,22.95,97173.16,351.550,11.492168,-4.788404,15.322891
34867090,-0.507571,1.920150,8.456321,0.211781,-0.107487,-0.259671,35.100,4.950,112.200,25.31,22.96,97173.10,351.554,8.619126,2.873042,16.280571
34897027,-0.526724,0.799663,10.845734,-0.246900,-0.576810,-0.339488,35.700,4.950,110.400,25.31,22.96,97173.47,351.523,9.576807,1.915361,17.238253
34926033,-1.383849,0.986411,12.780249,-0.171340,-0.251157,-0.241579,33.450,5.100,113.400,25.27,22.96,97172.72,351.588,9.576807,-0.957681,11.492168
34955952,0.320823,0.593762,11.137826,0.006385,-0.078753,-0.268185,34.050,3.900,112.050,25.22,22.97,97173.04,351.559,4.788404,10.534488,11.492168
34984943,0.502782,0.924162,7.599196,-0.257542,-0.454424,-0.334167,34.800,4.350,111.600,25.27,22.97,97171.94,351.655,11.492168,2.873042,14.365211
35014050,-1.819593,1.498770,10.132261,-0.087266,-0.566168,-0.127707,31.950,5.100,112.350,25.46,22.97,97171.86,351.661,6.703765,-1.915361,19.153614
35043957,2.169147,0.009577,8.968679,0.036184,-0.585324,0.264992,31.500,3.900,113.850,25.07,22.98,97172.12,351.639,11.492168,2.873042,20.111294
35072912,0.378284,2.470816,9.830592,0.190496,-0.470388,0.167083,31.950,3.900,112.650,25.27,22.98,97172.43,351.612,7.661446,-0.957681,15.322891
35104359,-0.086191,2.336741,9.998186,-0.406534,-0.988665,-0.013835,32.100,5.250,111.450,25.31,22.98,97173.49,351.520,1.915361,2.873042,22.026655
35138359,1.307234,0.914585,11.348516,-0.328846,-0.755600,0.054275,30.300,3.300,112.950,25.31,22.99,97172.72,351.588,3.830723,4.788404,15.322891
35171359,1.551443,0.852336,12.349293,-0.218166,-0.163891,0.259671,29.250,3.750,112.950,25.31,22.99,97172.49,351.607,-1.915361,11.492168,12.449849
35204359,1.110910,0.962469,11.654974,-0.081945,0.431011,0.422497,28.200,2.400,112.650,25.50,22.99,97172.73,351.587,2.873042,9.576807,11.492168
35238359,1.201889,-0.215478,10.989386,0.126643,0.503379,0.582131,30.300,3.300,111.750,25.12,22.99,97172.34,351.619,3.830723,-1.915361,10.534488
35271359,0.636858,0.727837,10.975020,0.359708,0.437397,0.921619,30.450,2.850,113.400,25.31,22.99,97171.34,351.706,6.703765,2.873042,13.407530
35304359,0.507571,2.398990,10.975020,0.246900,0.396956,0.976959,31.200,3.900,113.100,25.50,22.98,97171.42,351.699,-0.957681,2.873042,15.322891
35338359,1.508347,0.277727,10.462662,0.028734,0.227744,0.885435,33.150,4.200,114.300,25.31,22.98,97171.41,351.700,5.746084,-0.957681,16.280571
35371359,0.675165,1.541866,10.237606,0.244772,0.210717,1.023785,32.850,3.750,114.300,24.98,22.98,97171.63,351.681,3.830723,3.830723,18.195932
35404359,0.411803,1.838747,9.964667,-0.063854,0.047890,0.840738,32.850,3.750,114.750,25.07,22.98,97170.97,351.738,5.746084,3.830723,16.280571
35438359,0.440533,1.479617,10.127473,-0.080881,0.046826,0.697067,33.900,3.750,114.000,25.50,22.98,97171.84,351.662,2.873042,2.873042,12.449849
35471359,0.871489,0.799663,7.967903,-0.057468,-0.236258,0.953546,33.150,4.500,114.000,24.88,22.98,97171.63,351.681,10.534488,-1.915361,16.280571
35504359,0.047884,2.011129,9.088389,0.051083,-0.287341,0.840738,34.650,2.550,114.750,25.31,22.98,97171.38,351.703,0.957681,-0.957681,19.153614
35538359,1.216254,1.163582,9.629479,-0.325653,-0.264992,0.919491,34.500,5.400,114.450,25.07,22.98,97171.96,351.653,7.661446,4.788404,8.619126
35571359,0.919373,0.229843,9.346964,-0.130900,0.035119,0.917362,33.750,3.900,115.200,25.12,22.98,97171.01,351.735,6.703765,-1.915361,16.280571
35604359,0.622492,0.727837,9.595961,0.042569,0.177726,1.041876,33.600,5.700,115.500,25.22,22.98,97170.84,351.749,7.661446,6.703765,10.534488
35652606,0.531513,0.804452,9.619903,0.226680,0.148992,0.973766,35.400,5.250,114.750,25.31,22.98,97171.18,351.720,2.873042,-0.957681,7.661446
35676138,1.010353,0.780510,9.576807,0.307561,0.139413,0.988665,36.150,4.500,116.100,25.46,22.97,97171.21,351.717,3.830723,7.661446,15.322891
35706046,0.957681,1.082179,9.763555,0.241579,0.140478,0.901399,35.700,6.750,114.000,25.22,22.97,97171.18,351.720,10.534488,0.957681,13.407530
35738359,0.938527,1.733402,9.653421,0.217102,0.147927,0.765178,37.200,6.450,114.300,25.41,22.97,97170.70,351.761,-0.957681,-0.957681,16.280571
35771359,1.230620,1.747767,9.485827,0.196882,0.171340,0.690682,36.900,7.200,115.500,25.22,22.97,97170.34,351.792,5.746084,-0.957681,3.830723
35804364,1.398214,2.322376,9.701305,-0.068110,0.299047,0.626829,37.800,8.850,114.900,25.22,22.97,97170.25,351.800,4.788404,-2.873042,16.280571
35842627,1.019930,2.580950,9.734824,-0.350130,0.267121,0.517213,38.550,6.600,115.950,25.12,22.97,97170.28,351.797,8.619126,-0.957681,11.492168
35871359,1.039083,1.972822,9.567230,-0.557654,0.263928,0.482094,38.700,7.500,115.800,25.31,22.97,97170.08,351.814,2.873042,1.915361,13.407530
35904359,1.470040,1.115698,9.619903,-0.702389,0.293726,0.554461,38.700,8.400,115.050,25.12,22.98,97169.70,351.848,4.788404,1.915361,14.365211
35938359,0.790087,1.010353,8.939949,-0.572553,0.330974,0.586388,37.650,7.500,114.300,25.31,22.98,97169.73,351.845,10.534488,-1.915361,12.449849
35971359,0.454898,1.446098,8.896853,-0.335231,0.230937,0.486351,40.200,5.700,114.750,25.27,22.98,97169.58,351.858,7.661446,-3.830723,11.492168
36004359,0.924162,0.852336,9.193734,-0.278827,0.117065,0.391635,40.500,5.250,114.000,25.22,22.98,97169.80,351.838,7.661446,-4.788404,11.492168
36038359,0.828394,1.331176,9.442732,-0.209652,-0.032991,0.391635,39.300,5.850,113.850,25.12,22.98,97168.81,351.924,1.915361,3.830723,10.534488
36071359,1.762132,1.786075,9.375694,-0.252221,-0.101101,0.434204,40.650,4.650,114.450,25.31,22.98,97168.83,351.922,10.534488,-0.957681,12.449849
36104359,2.466028,0.301669,10.568007,-0.294790,0.074496,0.600223,40.500,4.500,112.950,25.31,22.98,97168.81,351.924,1.915361,0.000000,16.280571
36138359,2.279280,-0.248997,10.400413,-0.213909,0.351194,0.786462,40.950,6.000,114.000,25.31,22.97,97168.91,351.915,8.619126,7.661446,17.238253
36171359,1.120486,0.220267,9.926360,-0.116001,0.398020,0.701324,40.650,5.400,114.150,25.46,22.97,97169.48,351.866,6.703765,9.576807,8.619126
36204359,1.508347,-1.302446,9.854534,-0.027670,0.451231,0.556590,41.250,5.250,114.000,25.12,22.97,97169.73,351.845,7.661446,11.492168,12.449849
36238359,0.550666,-0.991199,9.639056,-0.065982,0.317139,0.681104,42.450,5.850,113.400,25.12,22.97,97169.95,351.826,10.534488,2.873042,15.322891
36271359,0.047884,-0.943315,9.959879,0.007450,0.226680,0.570425,43.650,5.400,114.450,25.41,22.97,97169.26,351.886,9.576807,11.492168,15.322891
36304363,-0.225055,-0.876278,10.232818,-0.170276,0.234130,0.520406,43.200,5.850,112.650,25.22,22.97,97169.32,351.880,7.661446,2.873042,9.576807
36338359,-0.454898,-1.158794,10.108319,-0.350130,0.112808,0.531048,43.200,6.600,112.650,24.93,22.97,97169.10,351.899,9.576807,4.788404,16.280571
36370878,-0.775721,-1.719037,10.764331,-0.389506,0.074496,0.485287,43.500,5.700,112.500,25.12,22.97,97168.16,351.980,8.619126,7.661446,13.407530
36404655,-1.608904,-2.547431,10.304645,-0.436332,0.136221,0.425690,42.450,5.400,112.650,25.31,22.97,97168.56,351.945,4.788404,-0.957681,5.746084
36438359,-1.292869,-2.274492,9.911995,-0.360772,0.010642,0.614058,44.100,5.250,112.500,25.22,22.97,97168.59,351.943,5.746084,-0.957681,4.788404
36471359,-0.014365,-0.387861,9.725247,-0.090459,-0.083010,0.533177,45.600,6.450,111.450,25.31,22.97,97168.79,351.926,11.492168,3.830723,17.238253
36504359,-0.928950,-1.484405,9.294291,-0.088331,-0.122386,0.659820,44.100,4.950,112.500,25.27,22.97,97167.99,351.994,9.576807,4.788404,15.322891
36538359,-1.182736,-1.350330,9.691729,-0.302240,-0.021285,0.812004,45.150,5.400,111.600,25.22,22.97,97168.20,351.977,7.661446,3.830723,13.407530
36586597,-0.660800,-1.546654,9.404425,-0.259671,0.390571,0.906720,45.450,5.400,111.600,25.22,22.97,97167.99,351.994,7.661446,5.746084,9.576807
36610151,-0.359130,-2.149993,9.069236,-0.195817,0.392699,0.986537,44.850,7.200,111.150,25.27,22.97,97168.53,351.948,11.492168,6.703765,15.322891
36640001,-1.302446,-1.096544,8.762778,-0.062789,0.262864,0.932261,44.550,6.750,109.650,25.27,22.97,97167.84,352.007,7.661446,9.576807,13.407530
36721759,-0.818817,-1.010353,8.815451,0.135157,-0.477837,0.900334,46.350,8.400,109.650,24.93,22.97,97167.30,352.054,8.619126,1.915361,16.280571
36745252,-0.167594,-1.283292,9.141062,0.290533,-0.478901,0.776884,46.200,8.850,109.800,25.27,22.96,97167.52,352.035,3.830723,5.746084,10.534488
36774951,0.301669,-1.608904,10.611102,0.641728,-0.112808,0.790719,46.350,8.700,109.950,25.31,22.95,97167.50,352.037,8.619126,4.788404,14.365211
36803943,0.277727,-1.350330,10.582372,0.622572,0.386314,0.809875,46.500,11.250,111.300,25.31,22.95,97167.87,352.005,6.703765,2.873042,15.322891
36832962,0.043096,-1.043872,9.390059,0.599159,0.711967,0.757728,48.300,11.250,109.500,24.93,22.95,97167.65,352.024,3.830723,-0.957681,13.407530
36862027,-0.349553,-0.933739,8.465898,0.531048,0.676847,0.715159,48.900,12.600,110.700,25.22,22.96,97167.84,352.007,10.534488,5.746084,22.984337
36891009,-1.000776,-0.253785,7.297527,0.284148,0.077688,0.658755,49.800,13.800,108.000,25.46,22.96,97167.52,352.035,9.576807,3.830723,11.492168
36922193,-0.699107,-0.454898,9.141062,0.039376,-0.078753,0.648113,49.050,13.050,108.450,24.93,22.97,97167.53,352.034,10.534488,8.619126,18.195932
36952013,-0.488417,-0.363919,10.204087,-0.245836,0.031927,0.670462,49.050,15.450,107.700,25.22,22.97,97167.67,352.022,9.576807,7.661446,8.619126
36980932,-0.181959,-0.751779,10.280702,-0.224552,0.319268,0.649177,49.650,15.150,109.650,25.27,22.97,97167.75,352.015,6.703765,0.957681,16.280571
37009954,-0.090980,-0.780510,9.883265,-0.078753,0.492736,0.602351,49.500,15.750,108.450,25.27,22.98,97168.82,351.923,11.492168,3.830723,14.365211
37038933,-0.723049,-0.814029,9.466674,-0.051083,0.500186,0.560847,50.400,15.150,106.800,25.31,22.98,97168.38,351.961,13.407530,3.830723,16.280571
37071359,-1.130063,-0.612916,8.724471,-0.125579,0.420369,0.493800,51.150,15.150,107.850,25.31,22.98,97167.88,352.004,10.534488,0.957681,12.449849
37104359,-1.359907,-0.445322,8.518570,-0.295855,0.133028,0.527856,50.400,16.800,107.100,25.31,22.99,97167.29,352.055,14.365211,2.873042,5.746084
37138359,-1.163582,-0.679953,8.566454,-0.396956,-0.134092,0.631086,52.050,16.200,105.150,25.27,22.99,97167.74,352.016,10.534488,4.788404,13.407530
37171359,-1.637634,0.718261,8.001422,-0.303304,-0.474644,0.684297,50.400,15.900,107.850,25.31,22.99,97167.55,352.033,8.619126,-7.661446,8.619126
37204359,-1.561020,1.206678,9.394848,-0.005321,-0.793912,0.744958,51.000,16.950,106.200,24.98,22.99,97167.55,352.033,11.492168,-0.957681,9.576807
37238359,-2.312799,2.595315,10.649409,0.114936,-0.637471,0.535305,48.900,17.100,107.550,25.31,22.99,97167.93,352.000,14.365211,-3.830723,13.407530
37271359,-3.289633,3.936068,10.644621,0.051083,-0.020220,0.473580,48.600,18.300,108.150,25.27,22.99,97168.52,351.949,11.492168,-1.915361,14.365211
37304359,-3.308787,3.088520,9.844957,-0.404406,0.227744,0.328846,49.800,19.200,106.950,24.93,22.99,97168.41,351.958,7.661446,-0.957681,13.407530
37338359,-1.312023,1.130063,10.237606,-0.820518,-0.199010,0.437397,50.250,17.700,108.450,25.46,22.98,97168.00,351.994,10.534488,5.746084,15.322891
37371359,-0.268151,-0.847547,11.726800,-0.588517,-0.464002,0.443782,50.550,16.950,108.000,25.41,22.98,97167.30,352.054,10.534488,2.873042,16.280571
37404359,-0.210690,-0.770933,10.319010,0.024477,0.078753,0.586388,49.050,16.950,107.700,25.27,22.98,97167.77,352.014,7.661446,5.746084,11.492168
37438359,-0.804452,0.114922,8.317456,0.369286,-0.026606,0.703453,49.050,18.900,108.000,25.22,22.98,97168.25,351.972,10.534488,3.830723,16.280571
37471359,-0.588974,0.378284,9.528923,0.356515,-0.369286,0.733251,49.050,19.650,106.950,25.46,22.98,97168.03,351.991,5.746084,7.661446,13.407530
37504359,-1.058237,1.498770,11.358093,0.308625,0.103230,0.623636,49.800,20.700,106.200,24.88,22.98,97167.80,352.010,9.576807,0.957681,18.195932
37538359,-1.896208,1.584962,8.757990,0.090459,0.415048,0.368222,48.750,21.150,106.950,25.22,22.98,97167.79,352.012,8.619126,0.957681,14.365211
37571359,-1.709460,1.144428,8.858546,-0.187304,0.124514,0.267121,49.800,23.100,106.950,25.12,22.98,97167.38,352.047,8.619126,-1.915361,13.407530
37604359,-0.809240,0.234632,9.160215,-0.424626,-0.284148,0.363965,50.250,21.450,106.650,25.46,22.98,97168.22,351.975,7.661446,-0.957681,12.449849
37652621,-0.143652,-0.474052,10.697293,-0.208588,-0.091523,0.443782,49.500,21.450,106.200,25.22,22.98,97168.62,351.941,2.873042,2.873042,9.576807
37676164,0.071826,-1.019930,10.548853,-0.043633,0.131964,0.452296,49.950,21.750,107.100,25.27,22.97,97167.66,352.023,12.449849,6.703765,20.111294
37705941,-0.435745,-0.799663,9.581595,0.156441,0.318203,0.517213,50.250,22.200,105.150,25.27,22.97,97167.78,352.013,11.492168,0.000000,16.280571
37738359,-0.579397,-1.149217,8.226477,0.275634,-0.054275,0.680040,48.900,22.050,107.850,25.12,22.97,97167.33,352.052,8.619126,-0.957681,7.661446
37771359,-0.512359,-1.388637,8.939949,0.362901,-0.287341,0.760921,49.950,23.550,106.050,25.27,22.97,97167.39,352.046,10.534488,3.830723,15.322891
37804359,-0.387861,-1.470040,9.758766,0.396956,-0.386314,0.807747,48.300,24.600,107.250,25.41,22.97,97167.46,352.040,2.873042,6.703765,13.407530
37838359,-0.100556,-1.551443,10.232818,0.299047,-0.340552,0.772627,47.700,26.100,107.700,25.12,22.97,97167.84,352.008,7.661446,4.788404,14.365211
37870819,-0.033519,-1.034295,10.591949,0.188368,-0.170276,0.752407,48.150,26.250,106.050,25.46,22.97,97168.79,351.926,7.661446,4.788404,19.153614
37904359,-0.234632,-0.450110,10.390836,0.065982,-0.021285,0.744958,47.850,27.000,107.550,25.07,22.98,97167.89,352.003,9.576807,7.661446,15.322891
37938359,-0.651223,0.052672,9.911995,-0.064918,-0.002128,0.803490,48.150,27.450,107.850,24.93,22.97,97167.89,352.003,10.534488,-1.915361,15.322891
37971359,-0.785298,0.368707,9.361329,-0.092588,-0.178790,0.846059,47.100,27.750,106.350,25.27,22.97,97168.08,351.987,8.619126,3.830723,17.238253
38004359,-0.201113,-0.234632,9.830592,-0.070239,-0.315011,0.848187,47.400,27.750,107.100,25.22,22.97,97167.90,352.003,11.492168,0.957681,13.407530
38038359,-0.574608,0.737414,10.457873,0.042569,-0.243708,0.757728,45.750,29.550,108.000,25.27,22.97,97167.13,352.069,12.449849,2.873042,6.703765
38071359,-0.541090,0.905008,9.643845,0.241579,-0.096844,0.650242,45.300,30.900,108.600,25.12,22.97,97167.35,352.049,10.534488,-0.957681,12.449849
38104359,-0.421380,1.838747,9.002198,0.323524,-0.113872,0.580003,46.050,30.150,107.550,25.22,22.97,97167.30,352.054,11.492168,6.703765,13.407530
38138359,0.028730,2.566584,9.629479,0.119193,-0.194753,0.586388,43.950,31.800,107.250,25.22,22.97,97167.73,352.017,8.619126,-0.957681,12.449849
38171359,0.354342,2.724602,10.007763,-0.085138,-0.199010,0.499122,43.500,32.850,108.600,25.22,22.97,97168.02,351.992,3.830723,-3.830723,5.746084
38204359,0.598550,2.839523,10.912771,-0.334167,0.183047,0.328846,45.750,33.000,107.250,25.31,22.97,97168.78,351.927,1.915361,2.873042,15.322891
38238359,0.469264,2.054225,8.949526,-0.406534,0.296919,0.224552,44.700,32.250,108.000,25.12,22.97,97168.70,351.933,8.619126,-1.915361,11.492168
38271359,0.143652,3.567361,10.180145,-0.067046,0.424626,0.216038,45.300,31.200,107.850,25.12,22.97,97168.04,351.990,5.746084,2.873042,10.534488
38304359,0.311246,1.900996,9.217676,-0.532113,-0.122386,0.067046,44.100,31.950,106.800,25.31,22.97,97168.16,351.980,6.703765,-0.957681,12.449849
38338359,0.215478,1.522712,9.773131,0.093652,0.071303,0.090459,44.550,30.900,108.150,25.41,22.97,97168.39,351.960,8.619126,-0.957681,19.153614
38371359,0.067038,1.958457,9.639056,0.061725,0.041505,0.067046,44.100,32.850,108.150,24.98,22.97,97167.91,352.001,8.619126,0.000000,13.407530
38404359,-0.143652,1.623269,9.744401,0.045762,-0.004257,0.025541,44.850,33.600,108.900,25.12,22.97,97168.32,351.966,-0.957681,0.957681,17.238253
38438359,-0.196325,1.556231,9.782708,-0.023413,0.022349,-0.052147,47.100,31.950,107.100,25.12,22.97,97168.44,351.956,12.449849,6.703765,15.322891
38471359,-0.316035,1.120486,9.950302,-0.001064,-0.008514,-0.106423,44.100,31.950,106.950,25.07,22.97,97168.21,351.976,11.492168,0.957681,19.153614
38504359,-0.220267,1.024718,9.983821,-0.008514,0.053211,-0.164955,45.450,30.750,106.950,25.41,22.97,97168.83,351.922,7.661446,4.788404,9.576807
38538359,-0.253785,0.718261,9.452309,0.007450,-0.070239,-0.206460,45.450,32.250,108.450,25.31,22.97,97168.68,351.936,5.746084,1.915361,16.280571
38586842,0.100556,0.450110,10.319010,0.201139,-0.270313,-0.258607,45.450,31.050,109.500,25.46,22.97,97168.52,351.949,6.703765,3.830723,14.365211
38610143,0.296881,0.421380,10.802638,0.276699,-0.138349,-0.261799,44.100,30.450,107.100,24.93,22.97,97168.30,351.967,3.830723,-0.957681,16.280571
38639951,0.301669,0.694318,10.917560,0.210717,0.025541,-0.262864,44.100,31.650,107.850,25.31,22.97,97168.42,351.957,9.576807,4.788404,15.322891
38719792,0.057461,0.852336,9.768343,0.023413,0.074496,-0.354387,44.700,31.050,109.050,25.27,22.97,97168.71,351.932,10.534488,5.746084,15.322891
38743185,0.095768,0.995988,9.763555,-0.041505,0.056404,-0.389506,43.650,31.500,107.700,25.22,22.96,97169.29,351.883,6.703765,-1.915361,17.238253
38773045,0.114922,1.139640,9.945514,-0.123450,0.073432,-0.428883,44.700,31.050,105.900,25.41,22.95,97169.54,351.861,11.492168,4.788404,16.280571
38802941,0.067038,1.249773,9.998186,-0.184111,0.147927,-0.420369,45.750,28.800,106.200,25.07,22.95,97169.66,351.851,9.576807,-0.957681,15.322891
38831951,0.105345,1.221043,9.653421,-0.167083,0.145799,-0.408662,46.500,29.100,107.700,25.41,22.96,97169.39,351.874,8.619126,-0.957681,7.661446
38860951,0.052672,1.278504,9.509769,-0.006385,-0.008514,-0.450167,46.800,29.700,107.550,25.41,22.96,97169.41,351.872,7.661446,5.746084,10.534488
38890046,0.134075,1.374272,9.998186,0.086202,0.005321,-0.535305,46.050,28.650,107.550,25.22,22.96,97169.44,351.870,3.830723,-0.957681,13.407530
38919961,0.105345,1.824382,10.266336,0.030863,0.100037,-0.607673,46.350,27.750,107.100,25.07,22.97,97169.98,351.823,10.534488,-0.957681,15.322891
38951038,-0.181959,2.370260,9.926360,0.078753,0.188368,-0.702389,48.000,27.600,106.950,25.27,22.97,97168.92,351.914,7.661446,-0.957681,15.322891
38981003,-0.143652,2.422932,9.749189,0.106423,0.147927,-0.804554,47.250,27.600,107.700,25.31,22.97,97168.85,351.920,9.576807,0.957681,17.238253
39009943,-0.167594,2.475605,9.849746,-0.044697,-0.050019,-0.848187,46.800,27.450,106.800,25.27,22.97,97167.92,352.001,8.619126,-0.957681,11.492168
39038989,-0.023942,2.331953,10.237606,-0.283084,-0.203267,-0.850316,47.700,28.050,108.000,25.27,22.98,97168.41,351.958,3.830723,2.873042,15.322891
39071359,0.378284,1.795651,10.946290,-0.405470,-0.103230,-0.809875,46.800,26.250,108.600,24.98,22.98,97169.04,351.904,5.746084,-0.957681,30.645782
39104359,0.392649,1.972822,10.831368,-0.444846,0.315011,-0.685361,47.250,24.900,108.000,25.27,22.98,97167.84,352.007,6.703765,4.788404,19.153614
39138359,0.258574,1.498770,10.175357,-0.411855,0.429947,-0.820518,48.150,23.250,108.150,25.41,22.99,97167.49,352.038,7.661446,-3.830723,14.365211
39171359,1.029507,0.641646,9.974244,-0.279891,0.462938,-0.738572,47.700,23.100,107.250,25.27,22.99,97167.84,352.008,5.746084,4.788404,12.449849
39204359,-0.435745,1.321599,9.078813,-0.176661,0.366093,-0.754536,48.150,21.000,107.100,25.41,22.98,97168.02,351.992,10.534488,3.830723,6.703765
39238359,-0.153229,1.000776,8.920795,-0.144735,0.168148,-0.781141,48.900,21.000,107.550,25.22,22.98,97168.00,351.994,7.661446,5.746084,13.407530
39271359,0.095768,0.579397,9.102755,-0.100037,-0.023413,-0.676847,49.500,20.700,106.950,25.50,22.98,97167.58,352.030,9.576807,-0.957681,11.492168
39304362,0.454898,0.335188,9.418790,0.108551,-0.045762,-0.620443,48.600,21.300,106.800,25.22,22.98,97167.24,352.059,4.788404,2.873042,13.407530
39338359,0.397437,0.311246,9.787497,0.380993,-0.160698,-0.374607,48.750,18.900,107.250,24.98,22.98,97167.34,352.051,5.746084,4.788404,9.576807
39371359,0.225055,0.272939,10.046070,0.341616,-0.137285,-0.275634,48.300,19.650,106.950,25.31,22.98,97167.30,352.054,12.449849,7.661446,11.492168
39404359,-0.105345,-0.028730,9.643845,0.348002,-0.062789,-0.199010,48.750,20.700,108.450,25.46,22.98,97167.83,352.008,3.830723,6.703765,8.619126
39438359,-0.349553,0.129287,9.725247,0.405470,-0.062789,-0.152184,48.000,21.150,106.650,25.12,22.98,97167.96,351.997,6.703765,-0.957681,15.322891
39471359,-0.541090,-0.201113,9.600749,0.285212,-0.019156,-0.164955,47.100,21.000,108.150,25.27,22.98,97167.77,352.014,7.661446,1.915361,5.746084
39504359,-0.536301,-0.502782,9.385271,0.338424,-0.068110,-0.118129,47.250,20.400,109.050,25.27,22.97,97167.02,352.079,8.619126,5.746084,11.492168
39538359,-0.349553,-0.421380,9.136273,0.401213,-0.207524,-0.068110,46.500,22.200,107.700,25.22,22.97,97166.91,352.087,5.746084,-2.873042,8.619126
39571359,-0.359130,-0.632069,9.619903,0.438461,-0.192625,-0.046826,48.000,21.900,108.750,25.46,22.97,97167.16,352.066,7.661446,7.661446,21.068975
39604359,-0.828394,-1.225831,9.174581,0.628957,-0.092588,-0.036184,46.800,23.550,108.600,25.31,22.97,97166.88,352.090,8.619126,4.788404,8.619126
39653936,-0.857124,-0.536301,9.174581,0.678976,0.120257,-0.154313,48.000,23.100,109.800,25.12,22.97,97166.27,352.143,5.746084,5.746084,12.449849
39677164,-1.144428,-0.028730,8.954314,0.499122,0.219230,-0.184111,47.700,24.900,108.450,25.07,22.97,97166.23,352.146,9.576807,6.703765,10.534488
39707000,-1.230620,0.359130,8.657434,0.227744,0.196882,-0.251157,46.500,25.350,108.000,25.12,22.97,97166.46,352.126,4.788404,4.788404,10.534488
39738359,-0.464475,0.474052,8.370130,-0.059597,-0.113872,-0.214973,48.000,25.650,109.800,25.31,22.97,97167.41,352.045,9.576807,4.788404,15.322891
39771359,-0.407014,-0.421380,9.433155,-0.253286,-0.217102,-0.224552,48.300,25.350,110.250,25.12,22.97,97167.52,352.035,2.873042,7.661446,3.830723
39804359,-0.162806,-1.039083,9.327810,-0.241579,0.027670,-0.219230,46.950,24.900,109.050,25.22,22.97,97167.00,352.080,9.576807,5.746084,10.534488
39838359,-0.263362,-1.278504,8.652645,0.070239,0.098973,-0.166019,48.000,24.600,109.500,25.46,22.97,97166.64,352.111,10.534488,-1.915361,16.280571
39871359,-0.162806,-1.005565,8.896853,0.051083,-0.169212,-0.129835,46.800,24.450,110.700,25.12,22.97,97166.64,352.111,5.746084,3.830723,13.407530
39904359,-0.067038,-0.814029,9.873688,-0.289469,-0.431011,-0.094716,46.950,23.850,109.050,25.22,22.97,97166.49,352.124,11.492168,7.661446,17.238253
39938359,0.459687,-2.106898,10.783484,-0.285212,-0.504443,-0.097909,46.500,22.650,110.550,25.27,22.97,97167.15,352.067,5.746084,1.915361,12.449849
39971359,0.804452,-1.642422,11.501745,-0.268185,-0.408662,-0.039376,45.600,22.800,111.150,25.27,22.97,97167.01,352.079,3.830723,0.957681,4.788404
40004359,0.550666,-1.910573,11.559206,-0.378864,-0.236258,0.052147,45.150,23.400,110.250,25.27,22.97,97167.10,352.071,9.576807,5.746084,16.280571
40038359,0.426168,-2.011129,11.501745,-0.418240,-0.151120,0.076624,45.150,21.900,110.850,25.27,22.97,97167.67,352.022,-0.957681,-0.957681,16.280571
40071359,0.277727,-1.987187,11.113884,-0.191561,0.028734,0.080881,44.100,22.800,111.750,25.07,22.97,97167.24,352.059,10.534488,-0.957681,12.449849
40104359,-0.110133,-1.249773,10.491392,-0.095780,0.101101,0.051083,44.550,23.250,111.750,25.31,22.97,97167.61,352.028,7.661446,2.873042,15.322891
40138359,-0.354342,-0.737414,10.232818,-0.070239,0.055340,0.012771,44.700,20.700,112.050,25.12,22.97,97167.80,352.011,13.407530,7.661446,15.322891
40171359,-0.129287,-0.459687,10.620679,-0.080881,0.028734,-0.007450,43.950,21.150,111.600,25.22,22.97,97168.31,351.967,7.661446,11.492168,19.153614
40204359,-0.076614,-0.354342,10.764331,-0.124514,0.086202,-0.036184,45.600,21.000,110.700,25.22,22.97,97168.57,351.944,12.449849,4.788404,17.238253
40238359,0.148441,-0.311246,10.797850,-0.113872,0.230937,-0.067046,43.650,20.700,112.050,25.27,22.97,97168.62,351.941,6.703765,-0.957681,15.322891
40271359,0.253785,-0.330400,10.299856,-0.028734,0.308625,-0.018092,45.300,21.300,111.450,25.22,22.97,97167.99,351.994,11.492168,1.915361,15.322891
40304359,0.268151,-0.593762,9.844957,0.026606,0.221359,0.076624,45.150,21.150,110.550,24.98,22.97,97168.30,351.967,0.957681,3.830723,9.576807
40338202,0.421380,-0.402226,9.849746,0.124514,0.135157,0.158570,46.200,20.700,112.050,24.98,22.97,97167.88,352.004,7.661446,4.788404,15.322891
40371359,0.272939,-0.325611,9.758766,0.258607,0.061725,0.213909,46.950,21.900,111.600,25.12,22.97,97167.78,352.013,1.915361,5.746084,9.576807
40404359,-0.196325,-0.900220,9.840169,0.327781,0.077688,0.270313,47.250,22.650,111.300,24.98,22.97,97168.53,351.948,11.492168,2.873042,8.619126
40438359,0.086191,0.253785,9.892841,0.308625,0.122386,0.187304,47.850,22.800,109.950,25.27,22.97,97168.55,351.946,9.576807,-0.957681,9.576807
40471359,-0.110133,0.737414,9.792285,0.222423,0.135157,0.167083,46.500,24.600,110.850,25.31,22.97,97167.95,351.999,8.619126,3.830723,13.407530
40504359,-0.229843,0.493206,9.859323,0.094716,0.114936,0.131964,47.100,24.750,110.400,25.07,22.97,97168.47,351.953,9.576807,2.873042,11.492168
40581164,-0.287304,-0.234632,11.281479,-0.151120,-0.108551,-0.029798,47.400,24.000,109.950,25.22,22.97,97168.50,351.951,12.449849,2.873042,14.365211
40605261,-0.593762,-0.205901,12.492945,-0.147927,-0.228808,-0.145799,46.200,23.400,110.550,25.27,22.96,97169.56,351.859,11.492168,0.957681,22.026655
40634993,-0.210690,-0.823605,13.599066,-0.233065,-0.104294,-0.143670,46.800,23.550,110.700,25.27,22.96,97169.06,351.902,7.661446,3.830723,17.238253
40663974,-0.411803,-1.307234,13.129802,-0.333102,0.070239,-0.062789,47.100,23.550,109.950,25.12,22.96,97169.26,351.886,11.492168,6.703765,6.703765
40797217,0.033519,-0.598550,12.176909,-0.577874,0.214973,0.091523,46.800,21.750,111.150,25.22,22.96,97168.55,351.947,7.661446,2.873042,17.238253
40821377,0.426168,-0.751779,11.640609,-0.820518,0.250093,0.197946,47.100,20.550,111.750,24.88,22.94,97168.80,351.924,6.703765,7.661446,12.449849
40851012,-0.378284,-1.599327,11.310209,-0.833288,0.077688,0.302240,47.850,20.100,110.400,25.22,22.93,97169.01,351.907,8.619126,-0.957681,18.195932
40880439,-0.119710,-1.666364,11.415554,-0.403341,0.086202,0.373543,48.000,18.450,111.600,25.12,22.93,97168.60,351.942,7.661446,5.746084,15.322891
40911310,0.244209,-3.174711,11.037270,-0.201139,0.441653,0.542755,46.800,18.600,111.450,25.12,22.93,97167.88,352.004,5.746084,3.830723,2.873042
40940967,0.531513,-1.699883,9.605537,0.172404,1.013142,0.908848,47.250,19.950,110.850,25.27,22.93,97168.02,351.992,10.534488,8.619126,11.492168
40969911,-1.326388,0.038307,8.370130,0.319268,1.001436,0.863087,49.650,21.000,107.550,25.27,22.94,97167.72,352.018,4.788404,-0.957681,11.492168
40998953,-1.781286,0.636858,7.790732,0.045762,0.378864,0.849252,50.400,21.300,108.150,25.50,22.94,97167.36,352.049,11.492168,3.830723,15.322891
41027970,-2.054225,0.991199,8.743625,0.070239,-0.074496,0.569360,51.300,22.200,106.200,25.22,22.95,97166.59,352.116,8.619126,6.703765,11.492168
41056929,-1.900996,1.067814,9.691729,0.206460,-0.162826,0.299047,50.250,21.450,108.450,25.22,22.95,97166.02,352.164,7.661446,-0.957681,11.492168
41085939,-0.785298,0.876278,11.185710,0.246900,0.026606,0.312882,50.400,22.800,106.050,25.27,22.96,97164.83,352.267,12.449849,-0.957681,16.280571
41114982,-1.249773,0.933739,10.132261,0.089395,0.190496,0.193689,49.950,23.250,106.350,25.22,22.96,97165.16,352.238,10.534488,0.957681,16.280571
41143914,-1.177947,0.622492,9.653421,0.121322,0.267121,0.121322,50.250,23.400,105.900,25.22,22.97,97164.96,352.255,8.619126,-0.957681,17.238253
41172922,-1.297657,0.512359,8.360553,0.058532,0.407598,0.088331,50.400,24.450,105.300,25.31,22.97,97164.64,352.283,7.661446,0.000000,5.746084
41201910,-0.948104,0.225055,7.704541,-0.131964,0.179854,0.122386,51.150,25.500,106.800,25.27,22.97,97163.98,352.340,6.703765,2.873042,11.492168
41231034,-1.187524,0.814029,9.270349,-0.203267,0.044697,0.180918,51.600,24.600,105.450,25.07,22.97,97163.56,352.376,10.534488,-0.957681,6.703765
41259752,-0.703895,0.761356,9.342175,-0.151120,0.133028,0.285212,50.550,23.100,106.200,25.27,22.98,97164.34,352.309,11.492168,-0.957681,15.322891
41288940,-1.163582,1.039083,9.064447,-0.240515,0.159634,0.147927,51.450,24.450,105.000,25.31,22.98,97165.37,352.220,6.703765,9.576807,15.322891
41317930,-1.034295,0.670376,9.662998,-0.158570,-0.110679,0.002128,50.550,25.350,105.450,25.31,22.98,97164.86,352.264,5.746084,2.873042,12.449849
41347028,-0.502782,0.119710,10.065224,0.087266,-0.295855,-0.080881,50.700,22.800,106.800,25.07,22.98,97164.41,352.302,9.576807,6.703765,5.746084
41375932,-0.258574,0.272939,9.160215,0.410791,0.186239,-0.004257,50.400,24.000,107.850,25.27,22.98,97164.49,352.296,11.492168,5.746084,4.788404
41406983,-0.387861,0.253785,7.872135,0.517213,0.053211,0.090459,51.300,25.350,105.450,25.12,22.98,97163.93,352.344,5.746084,1.915361,11.492168
41436024,-1.192312,1.177947,7.129933,0.427819,-0.380993,0.079817,51.150,24.000,106.050,25.31,22.98,97162.46,352.471,7.661446,-0.957681,15.322891
41464981,0.038307,1.201889,8.207323,0.224552,-0.606608,0.169212,51.150,25.950,105.300,25.07,22.98,97162.10,352.502,9.576807,-0.957681,8.619126
41493942,0.124498,1.321599,8.667010,-0.025541,-0.450167,0.057468,50.550,26.100,105.900,25.22,22.98,97161.94,352.516,4.788404,7.661446,11.492168
41522943,0.459687,1.254562,8.269572,0.046826,-0.175597,-0.167083,49.050,25.650,105.900,25.27,22.99,97161.59,352.546,11.492168,2.873042,4.788404
41552027,0.186748,1.216254,7.714118,0.019156,-0.073432,-0.305433,48.900,26.700,106.350,25.31,22.99,97162.02,352.509,6.703765,-0.957681,10.534488
41580951,0.177171,1.130063,7.666234,0.044697,0.009578,-0.177726,49.350,25.500,106.050,25.22,22.99,97161.82,352.526,12.449849,-3.830723,10.534488
41609943,-0.244209,1.259350,7.924808,0.166019,0.108551,-0.080881,49.350,25.500,105.750,25.07,22.99,97162.79,352.443,5.746084,8.619126,13.407530
41664566,-0.732626,0.924162,7.953538,0.092588,-0.064918,-0.119193,50.250,26.550,106.950,25.07,22.99,97162.59,352.460,8.619126,3.830723,12.449849
41688164,-0.651223,0.885855,8.614338,-0.017028,-0.252221,-0.105358,49.500,26.100,106.650,25.22,22.98,97161.40,352.562,5.746084,-0.957681,12.449849
41717973,-0.579397,0.699107,9.208099,-0.105358,-0.269249,-0.022349,50.250,24.900,106.200,25.22,22.98,97161.84,352.524,9.576807,3.830723,10.534488
41746963,-0.608127,0.684742,9.935937,-0.126643,-0.025541,0.042569,49.350,26.700,106.800,25.31,22.98,97161.98,352.512,6.703765,0.957681,11.492168
41775954,-0.588974,0.818817,9.720459,-0.208588,0.184111,0.007450,48.750,25.650,106.200,25.22,22.98,97162.60,352.458,10.534488,-0.957681,7.661446
41804951,-1.230620,0.881066,8.834604,-0.250093,0.123450,-0.053211,49.350,25.200,106.350,25.12,22.98,97162.70,352.451,8.619126,-0.957681,8.619126
41838359,-1.417367,0.742203,9.059659,-0.307561,0.001064,-0.067046,48.900,24.750,106.800,25.22,22.98,97162.03,352.508,2.873042,3.830723,12.449849
41871359,-1.407791,0.569820,9.145850,-0.257542,0.010642,-0.077688,48.600,24.000,106.800,25.27,22.98,97161.50,352.554,11.492168,3.830723,10.534488
41904359,-1.355118,0.531513,9.160215,-0.185175,-0.086202,-0.110679,49.650,24.450,106.350,24.93,22.98,97160.98,352.599,14.365211,1.915361,7.661446
41938359,-1.192312,0.339977,9.461885,-0.166019,-0.138349,-0.107487,49.050,24.600,107.250,25.22,22.98,97161.63,352.542,8.619126,6.703765,8.619126
41971359,-0.852336,0.023942,9.691729,-0.109615,-0.124514,-0.060661,48.750,24.600,107.700,25.12,22.98,97161.84,352.525,4.788404,2.873042,19.153614
42004359,-0.555455,-0.110133,9.653421,0.075560,-0.041505,-0.002128,48.600,22.800,106.350,25.12,22.98,97161.80,352.528,10.534488,5.746084,12.449849
42038359,-0.679953,-0.095768,9.605537,0.263928,0.017028,0.024477,47.850,23.250,107.850,25.41,22.98,97161.20,352.579,9.576807,5.746084,12.449849
42071359,-0.679953,-0.081403,9.385271,0.286277,0.038312,0.043633,48.750,24.150,107.700,25.22,22.97,97160.68,352.624,10.534488,1.915361,4.788404
42104359,-0.737414,0.095768,9.323022,0.155377,0.135157,0.057468,48.150,24.000,107.100,25.12,22.97,97160.33,352.654,9.576807,3.830723,19.153614
42138359,-0.660800,0.359130,8.935161,-0.048954,0.239451,0.032991,49.050,24.150,106.950,25.27,22.97,97160.53,352.637,5.746084,7.661446,11.492168
42171359,-0.507571,0.138864,8.183381,-0.274570,0.255414,-0.074496,49.500,25.650,105.900,25.22,22.97,97160.34,352.654,7.661446,9.576807,5.746084
42204359,-0.416591,-0.105345,7.982268,-0.333102,0.352259,-0.137285,48.900,23.550,106.350,25.27,22.97,97160.74,352.619,4.788404,0.000000,5.746084
42238359,-0.296881,0.043096,7.599196,-0.150056,0.658755,-0.196882,49.050,22.200,105.900,25.31,22.97,97161.04,352.593,1.915361,8.619126,11.492168
42271359,-0.430956,-0.043096,6.914454,0.136221,0.683233,-0.090459,51.150,22.500,105.750,25.27,22.97,97161.77,352.530,5.746084,3.830723,4.788404
42304359,-0.579397,0.574608,7.053318,0.239451,0.541691,-0.086202,50.400,24.000,104.550,25.22,22.97,97161.66,352.539,10.534488,6.703765,7.661446
42338359,-0.656011,0.110133,7.201759,0.405470,0.225616,-0.310754,51.450,23.250,104.250,25.07,22.97,97162.20,352.493,10.534488,6.703765,9.576807
42371359,-0.876278,0.301669,7.139510,0.202203,0.119193,-0.097909,51.450,24.450,105.300,25.12,22.97,97162.46,352.471,15.322891,3.830723,9.576807
42404359,-0.895431,0.660800,7.335834,0.096844,-0.235194,0.069175,52.050,23.100,105.450,25.12,22.97,97162.30,352.484,6.703765,-0.957681,8.619126
42438359,-0.689530,0.124498,8.772355,-0.002128,-0.135157,0.192625,51.300,24.600,105.150,25.22,22.97,97161.97,352.513,7.661446,0.957681,19.153614
42471359,-0.411803,-0.258574,9.816227,-0.276699,0.194753,0.462938,51.150,23.550,105.300,25.22,22.97,97161.85,352.523,2.873042,1.915361,5.746084
42504359,-0.828394,0.459687,8.992621,-0.345873,0.279891,0.586388,52.800,23.400,102.900,25.22,22.97,97162.80,352.441,10.534488,2.873042,17.238253
42538359,-2.245761,0.593762,8.312668,-0.474644,0.187304,0.552333,51.900,23.250,104.250,24.98,22.97,97162.98,352.426,9.576807,-0.957681,8.619126
42587297,-1.910573,-0.205901,8.719683,-0.494865,-0.325653,0.326717,52.350,24.600,105.900,25.41,22.97,97163.16,352.410,10.534488,8.619126,7.661446
42611168,-1.991976,0.459687,9.447520,-0.333102,-0.338424,0.290533,52.200,24.750,103.950,25.22,22.96,97163.35,352.394,10.534488,-2.873042,16.280571
42640962,-1.900996,0.081403,9.586384,-0.229873,-0.252221,0.288405,52.650,23.550,105.000,25.22,22.96,97163.50,352.381,10.534488,-0.957681,17.238253
42724489,-2.628834,-0.033519,9.787497,-0.475709,-0.142606,-0.093652,50.250,21.900,106.650,24.79,22.96,97164.08,352.331,12.449849,-0.957681,14.365211
42748268,-2.643199,-0.282516,9.969456,-0.478901,-0.164955,-0.109615,49.950,22.500,106.350,24.98,22.95,97164.39,352.304,8.619126,6.703765,10.534488
42778001,-1.651999,-1.877054,10.438720,-0.446975,-0.024477,-0.136221,51.300,21.900,106.200,25.22,22.95,97165.02,352.250,8.619126,5.746084,17.238253
42806968,-1.613692,-1.374272,10.563218,-0.329910,0.324589,-0.046826,50.400,20.550,105.750,24.98,22.95,97165.05,352.248,10.534488,3.830723,10.534488
42835963,-1.685518,-1.431733,8.571242,0.104294,0.490608,0.061725,52.350,19.950,105.900,25.22,22.95,97164.80,352.268,0.957681,4.788404,16.280571
42865023,-2.068590,-1.292869,8.140285,0.772627,0.388442,-0.114936,50.550,21.450,104.400,25.41,22.95,97165.02,352.251,9.576807,8.619126,5.746084
42895003,-1.426944,-1.752556,8.010999,1.287712,0.428883,-0.151120,52.350,21.450,105.150,25.22,22.95,97165.27,352.229,7.661446,5.746084,9.576807
42924391,-1.230620,-0.742203,7.991845,1.257914,0.424626,0.024477,52.050,23.850,104.850,25.22,22.96,97165.77,352.186,4.788404,4.788404,3.830723
42954968,-1.393425,-0.488417,7.881712,1.230244,0.416112,0.144735,52.650,24.450,103.200,25.31,22.96,97166.16,352.152,5.746084,7.661446,1.915361
42984028,-1.814805,-0.052672,7.656657,1.104666,0.147927,0.348002,52.200,24.750,103.950,25.22,22.96,97167.02,352.079,10.534488,0.957681,7.661446
43012943,-1.604115,-0.186748,7.876924,0.807747,-0.128771,0.473580,54.000,25.500,103.200,25.27,22.97,97167.67,352.022,16.280571,2.873042,14.365211
43041963,-1.546654,-0.186748,8.106767,0.512957,-0.416112,0.553397,52.050,27.300,102.600,25.31,22.97,97167.26,352.057,2.873042,6.703765,10.534488
43071033,-1.474828,0.517148,7.939173,0.503379,-0.666205,0.495929,51.000,27.600,102.900,25.22,22.97,97167.09,352.071,8.619126,0.000000,10.534488
43104359,-0.660800,1.312023,9.619903,0.342681,-0.673654,0.521470,51.300,28.350,104.400,25.27,22.98,97168.03,351.991,11.492168,3.830723,11.492168
43138359,-1.077391,2.116474,9.969456,-0.158570,-0.361837,0.591709,50.250,28.050,104.100,25.46,22.98,97168.47,351.953,10.534488,-2.873042,6.703765
43171364,-1.340753,1.484405,8.585608,-0.450167,-0.395892,0.441653,49.800,28.800,103.350,25.12,22.98,97168.17,351.979,8.619126,0.957681,19.153614
43204359,-0.560243,2.078167,9.720459,-0.637471,-0.702389,0.325653,48.000,28.350,104.100,25.41,22.98,97168.12,351.984,8.619126,-0.957681,17.238253
43238359,-0.153229,2.106898,11.990162,-1.216409,-0.991858,-0.042569,47.700,27.600,105.150,24.93,22.98,97168.32,351.966,13.407530,8.619126,22.984337
43271359,-0.301669,1.331176,13.747506,-1.236630,-0.875857,-0.143670,46.950,27.300,105.900,25.27,22.98,97169.32,351.880,5.746084,4.788404,20.111294
43304150,0.584185,0.277727,13.804967,-0.738572,-0.501250,-0.154313,45.450,24.900,106.650,24.88,22.98,97169.69,351.848,6.703765,5.746084,18.195932
43338359,1.091756,-0.785298,13.608643,-0.491672,-0.227744,-0.196882,45.300,23.550,107.550,25.27,22.98,97169.48,351.866,10.534488,-0.957681,15.322891
43371359,-0.057461,-0.900220,13.771448,-0.263928,0.036184,-0.254350,44.550,21.750,107.850,25.27,22.98,97170.61,351.769,5.746084,10.534488,20.111294
43404359,-0.483629,0.110133,13.752295,-0.325653,0.187304,-0.294790,45.450,23.100,105.900,24.93,22.98,97171.20,351.718,5.746084,-0.957681,13.407530
43438359,-0.852336,0.263362,13.383588,-0.479966,-0.057468,-0.379928,46.200,21.150,105.150,25.12,22.97,97172.28,351.625,10.534488,2.873042,13.407530
43471359,0.373495,-0.488417,13.302185,-0.574682,-0.116001,-0.439525,44.700,21.900,105.150,25.27,22.97,97173.08,351.556,6.703765,1.915361,19.153614
43504359,0.153229,-0.550666,13.541605,-0.315011,0.021285,-0.417176,45.300,20.550,106.350,24.98,22.97,97172.83,351.578,4.788404,4.788404,19.153614
43538359,-0.397437,-0.814029,13.287820,-0.073432,0.174533,-0.256478,44.100,20.100,105.300,25.41,22.97,97174.01,351.476,4.788404,2.873042,12.449849
43571359,-0.349553,-0.943315,11.726800,0.125579,0.359708,-0.173469,44.400,20.400,105.900,25.22,22.97,97173.91,351.485,6.703765,-1.915361,13.407530
43619887,-0.617704,-0.881066,10.769119,0.217102,0.254350,-0.120257,44.850,19.350,103.950,25.27,22.97,97175.08,351.384,8.619126,0.957681,17.238253
43643157,-0.354342,-0.914585,10.275913,0.176661,0.098973,-0.051083,44.700,19.950,104.100,25.22,22.97,97175.70,351.331,13.407530,6.703765,12.449849
43673008,-0.047884,-0.804452,9.883265,0.164955,-0.011706,0.046826,45.600,19.050,105.300,25.22,22.97,97176.17,351.290,8.619126,-2.873042,9.576807
43704359,-0.110133,-0.933739,10.170568,0.144735,-0.006385,0.080881,45.600,21.300,104.250,25.22,22.97,97176.11,351.295,10.534488,5.746084,14.365211
43738359,-0.402226,-0.885855,10.481815,0.087266,0.080881,0.092588,45.150,20.400,104.400,25.27,22.97,97176.03,351.302,11.492168,7.661446,8.619126
43771359,-0.430956,-1.067814,10.443508,0.128771,0.197946,0.146863,44.850,20.550,103.200,25.46,22.97,97176.27,351.281,10.534488,1.915361,13.407530
43804359,-0.272939,-0.995988,10.213664,0.162826,0.300112,0.167083,46.350,22.050,104.400,25.07,22.97,97175.29,351.366,8.619126,1.915361,14.365211
43838359,-0.320823,-0.703895,9.859323,0.151120,0.234130,0.122386,46.350,21.750,104.250,24.88,22.97,97176.08,351.298,8.619126,6.703765,12.449849
43871364,-0.191536,-0.598550,9.940725,0.172404,0.164955,0.106423,46.050,21.300,104.250,25.22,22.97,97175.52,351.346,12.449849,5.746084,17.238253
43904359,-0.105345,-0.512359,10.433931,0.201139,0.124514,0.073432,45.450,21.900,104.100,25.07,22.97,97175.69,351.332,6.703765,1.915361,19.153614
43938359,-0.153229,-0.387861,10.730812,0.225616,0.170276,0.075560,46.200,21.900,103.350,24.88,22.97,97174.30,351.451,7.661446,7.661446,16.280571
43971359,-0.191536,-0.301669,10.840945,0.218166,0.179854,0.076624,47.250,22.200,102.900,25.12,22.97,97174.85,351.403,7.661446,4.788404,5.746084
44004359,-0.459687,0.067038,10.716447,0.166019,0.160698,0.047890,46.350,23.250,105.300,25.22,22.97,97175.16,351.376,10.534488,7.661446,16.280571
44038359,-0.191536,-0.162806,10.453085,0.108551,0.062789,0.054275,48.300,23.850,103.650,25.12,22.97,97174.28,351.453,2.873042,7.661446,16.280571
44071359,-0.138864,-0.253785,11.171345,0.042569,-0.128771,0.061725,47.700,22.200,104.100,25.27,22.97,97173.79,351.495,11.492168,-0.957681,22.984337
44104359,-0.129287,-0.167594,11.281479,0.034055,-0.315011,0.039376,46.800,24.000,104.250,25.31,22.97,97174.20,351.460,3.830723,-1.915361,21.068975
44138359,0.143652,0.100556,11.918336,0.036184,-0.490608,-0.018092,45.750,23.100,104.400,24.93,22.97,97174.47,351.437,10.534488,-0.957681,24.899698
44171359,-0.105345,-0.138864,12.186486,0.094716,-0.378864,-0.027670,46.500,23.100,104.100,25.27,22.97,97175.24,351.370,8.619126,2.873042,15.322891
44204359,-0.272939,-0.119710,12.028469,0.222423,-0.064918,0.086202,45.450,23.100,106.650,25.22,22.97,97174.83,351.406,5.746084,6.703765,18.195932
44238359,-0.651223,0.110133,11.252748,0.238386,0.024477,0.094716,46.050,23.250,106.050,25.07,22.96,97174.18,351.461,9.576807,9.576807,12.449849
44271359,-0.713472,0.550666,10.812215,0.260735,0.118129,-0.002128,46.500,23.400,105.900,24.93,22.96,97174.17,351.462,11.492168,0.957681,11.492168
44304359,-0.210690,0.253785,9.974244,0.264992,0.244772,-0.072367,46.200,23.850,105.450,25.07,22.96,97173.97,351.480,7.661446,-0.957681,7.661446
44337454,-0.081403,0.167594,8.729259,0.246900,0.228808,-0.106423,45.300,25.200,106.050,25.07,22.96,97174.60,351.425,11.492168,1.915361,11.492168
44371359,-0.287304,0.000000,7.513005,0.112808,-0.272442,-0.037248,46.350,24.750,105.750,25.12,22.96,97174.38,351.445,9.576807,5.746084,8.619126
44404359,0.335188,1.163582,8.724471,-0.106423,-0.717288,0.129835,46.500,25.350,106.200,25.27,22.96,97173.63,351.509,9.576807,2.873042,15.322891
44438359,0.656011,0.818817,9.102755,-0.432075,-0.758793,0.311818,45.300,25.200,107.550,25.27,22.96,97172.45,351.610,5.746084,-0.957681,17.238253
44471359,1.221043,0.536301,10.070012,-0.441653,-0.651306,0.522535,44.550,25.500,108.600,24.79,22.96,97172.46,351.609,4.788404,-0.957681,11.492168
44504359,1.556231,0.162806,11.113884,-0.406534,-0.328846,0.640664,43.800,24.750,108.150,25.22,22.96,97172.68,351.591,8.619126,4.788404,21.068975
44552644,0.679953,-0.330400,12.052411,-0.316075,-0.108551,0.623636,43.200,24.150,108.450,25.46,22.96,97172.38,351.616,8.619126,2.873042,20.111294
44576151,0.210690,-0.756568,12.052411,-0.113872,-0.053211,0.594902,42.450,24.900,109.050,25.07,22.96,97172.61,351.597,4.788404,5.746084,18.195932
44606046,-0.287304,0.076614,10.500969,0.197946,0.160698,0.509764,42.900,24.600,109.050,25.27,22.95,97172.58,351.600,7.661446,3.830723,18.195932
44638359,-0.948104,1.695095,10.022128,0.477837,0.716224,0.340552,43.950,24.900,108.750,25.27,22.95,97172.59,351.599,4.788404,4.788404,11.492168
44671363,-0.282516,0.339977,7.637504,0.382057,0.791784,0.360772,43.500,28.200,108.900,25.22,22.96,97172.10,351.641,3.830723,5.746084,13.407530
44704359,-0.569820,0.588974,6.981492,0.257542,0.608737,0.229873,43.950,26.850,108.450,25.22,22.96,97171.49,351.693,10.534488,3.830723,6.703765
44738359,-0.464475,0.095768,6.861782,0.098973,0.218166,0.035119,44.850,26.700,107.100,25.12,22.96,97171.43,351.698,6.703765,4.788404,8.619126
44771359,-0.028730,0.143652,7.129933,0.038312,0.249029,0.032991,44.850,27.000,107.850,25.41,22.96,97170.48,351.780,7.661446,2.873042,3.830723
44804359,0.134075,0.344765,6.885724,-0.062789,0.299047,0.131964,46.500,28.050,107.700,24.98,22.96,97170.18,351.806,9.576807,4.788404,4.788404
44837413,-0.665588,0.383072,6.866570,-0.048954,0.072367,0.177726,45.600,27.450,107.850,25.31,22.96,97170.06,351.816,7.661446,4.788404,12.449849
44871359,-0.694318,0.153229,8.432379,0.103230,-0.196882,0.134092,47.100,28.950,107.100,25.07,22.96,97170.25,351.800,12.449849,2.873042,13.407530
44904359,-0.229843,0.138864,9.567230,0.230937,-0.102166,0.091523,46.050,28.650,107.550,25.22,22.96,97169.82,351.837,4.788404,4.788404,10.534488
44938359,-0.067038,0.517148,9.390059,0.228808,0.096844,0.057468,46.350,28.950,107.850,25.27,22.96,97169.57,351.859,9.576807,2.873042,1.915361
44971359,-0.354342,0.459687,9.279925,0.070239,-0.018092,-0.004257,46.350,28.950,107.550,25.27,22.96,97169.04,351.904,8.619126,3.830723,10.534488
45004359,-0.651223,0.450110,9.926360,-0.064918,-0.207524,-0.075560,46.200,28.800,106.200,24.98,22.96,97169.13,351.896,13.407530,0.957681,15.322891
45038359,-0.646434,0.311246,10.821792,-0.234130,-0.180918,-0.207524,45.300,29.700,107.550,25.27,22.96,97169.38,351.874,5.746084,0.957681,16.280571
45071359,-0.794875,0.114922,10.510546,-0.199010,-0.079817,-0.307561,46.350,28.950,108.150,25.27,22.96,97169.40,351.873,11.492168,4.788404,16.280571
45104359,-0.526724,0.134075,10.304645,-0.071303,-0.017028,-0.465066,45.300,28.950,107.550,25.31,22.96,97169.91,351.829,7.661446,-2.873042,18.195932
45138359,-0.579397,0.277727,10.175357,-0.047890,-0.121322,-0.626829,45.750,28.350,109.050,25.46,22.96,97170.36,351.790,10.534488,-1.915361,8.619126
45171359,-0.459687,0.617704,10.548853,-0.091523,-0.178790,-0.975894,45.300,27.450,109.350,24.79,22.96,97170.89,351.745,2.873042,3.830723,6.703765
45204359,-0.679953,0.588974,10.639832,-0.043633,-0.031927,-1.217474,46.200,25.650,109.050,25.41,22.96,97170.47,351.781,9.576807,0.000000,12.449849
45238359,-0.526724,0.703895,10.103531,-0.150056,0.170276,-1.526099,46.350,24.750,109.650,25.31,22.96,97171.00,351.735,5.746084,2.873042,7.661446
45271359,-0.579397,0.751779,9.174581,-0.335231,0.240515,-1.821953,45.450,24.150,109.650,25.22,22.96,97171.14,351.723,10.534488,7.661446,12.449849
45304359,-0.550666,0.368707,9.188946,-0.350130,0.175597,-2.006064,45.750,22.650,107.700,25.27,22.96,97170.38,351.788,5.746084,-0.957681,8.619126
45338359,-0.665588,0.344765,9.093178,-0.394828,0.143670,-2.132707,47.250,18.900,108.450,25.07,22.96,97169.97,351.824,7.661446,7.661446,15.322891
45371359,-0.272939,-0.086191,9.859323,-0.302240,0.200074,-2.160377,46.950,17.700,109.800,25.12,22.96,97169.43,351.871,8.619126,2.873042,9.576807
45404359,-0.320823,-0.119710,10.462662,-0.135157,0.449103,-2.044377,47.100,16.800,108.150,25.27,22.96,97169.38,351.876,6.703765,3.830723,15.322891
45438359,0.081403,-0.287304,8.887277,0.063854,0.523599,-1.832596,47.700,14.250,108.450,24.93,22.96,97169.01,351.907,6.703765,2.873042,7.661446
45471359,-0.201113,-0.253785,8.537724,0.146863,0.044697,-1.451603,49.350,13.350,108.600,25.27,22.96,97170.05,351.817,5.746084,3.830723,13.407530
45504359,0.067038,1.144428,9.792285,-0.079817,-0.388442,-1.488851,46.200,10.500,108.450,25.12,22.96,97169.97,351.824,9.576807,-0.957681,19.153614
45538359,-0.416591,0.325611,10.888829,-0.196882,-0.386314,-1.459053,44.100,10.200,109.650,24.98,22.96,97170.00,351.821,7.661446,4.788404,18.195932
45571359,-0.287304,-0.277727,9.897630,-0.143670,-0.006385,-1.461181,44.700,8.100,110.250,25.22,22.96,97169.38,351.874,9.576807,7.661446,11.492168
45604359,-0.110133,-0.550666,8.599973,-0.240515,0.109615,-1.470759,43.950,8.100,109.500,25.12,22.96,97169.77,351.841,11.492168,7.661446,12.449849
45638584,-0.186748,-0.636858,8.470686,-0.098973,0.118129,-1.516521,43.500,7.500,109.350,25.27,22.96,97169.60,351.855,4.788404,2.873042,19.153614
45671359,-0.330400,-0.603339,9.193734,-0.001064,0.177726,-1.587824,42.450,7.050,108.450,25.22,22.96,97169.91,351.829,10.534488,1.915361,13.407530
45704359,-0.253785,-0.593762,9.797073,-0.200074,0.399084,-1.737880,42.750,4.500,109.350,24.93,22.96,97169.35,351.877,9.576807,4.788404,16.280571
45738359,-0.497994,-2.557007,9.926360,-0.316075,0.473580,-1.733623,42.750,3.300,108.600,25.27,22.96,97169.06,351.902,9.576807,-0.957681,7.661446
45771359,0.033519,-2.389413,9.648633,-0.036184,0.340552,-1.655934,42.300,3.000,108.600,24.98,22.96,97169.38,351.874,2.873042,4.788404,6.703765
45804359,-0.052672,-2.231396,9.854534,0.155377,-0.147927,-1.598466,42.000,1.500,107.850,25.12,22.96,97169.91,351.829,14.365211,3.830723,12.449849
45838363,-0.129287,-1.709460,11.109096,0.181983,-0.395892,-1.663384,40.500,-0.750,109.950,25.27,22.96,97170.57,351.772,8.619126,1.915361,10.534488
45871359,0.699107,-0.866701,11.305421,-0.148992,-0.124514,-1.973073,37.950,0.300,108.600,25.07,22.96,97170.89,351.745,7.661446,-1.915361,17.238253
45904359,0.225055,-1.369483,9.993398,-0.521470,-0.035119,-2.248708,37.350,-0.150,108.450,25.22,22.96,97170.07,351.815,11.492168,3.830723,17.238253
45938359,0.708684,-1.891419,9.117120,-0.571489,0.230937,-2.457296,34.800,-2.400,108.000,25.46,22.96,97169.63,351.853,1.915361,7.661446,12.449849
45971359,0.785298,-2.413355,8.513782,-0.154313,0.673654,-2.410470,33.750,-3.900,107.700,24.98,22.96,97169.35,351.877,2.873042,6.703765,20.111294
46004359,0.330400,-2.298434,7.862558,0.431011,0.916298,-2.121001,31.800,-5.700,107.850,25.27,22.96,97169.81,351.838,2.873042,7.661446,15.322891
46038360,-0.210690,-1.944092,7.699753,0.593838,0.678976,-1.954982,31.500,-5.100,108.000,25.22,22.96,97170.03,351.819,8.619126,11.492168,12.449849
46071359,-0.067038,-1.757344,8.188169,0.700260,0.310754,-1.732559,31.200,-3.900,108.000,25.12,22.96,97169.40,351.873,5.746084,3.830723,21.068975
46104359,-0.363919,-0.699107,9.481039,0.655563,-0.404406,-1.351566,30.150,-3.900,109.050,25.27,22.96,97169.42,351.871,11.492168,1.915361,22.984337
46138359,0.081403,0.924162,10.831368,0.246900,-0.989729,-1.386685,28.800,-2.550,109.650,25.22,22.96,97169.34,351.879,2.873042,-1.915361,21.068975
46171359,0.339977,0.339977,14.288596,-0.383121,-0.810940,-1.389878,27.000,-3.300,109.950,25.22,22.96,97169.82,351.837,8.619126,-0.957681,10.534488
46204359,0.900220,0.028730,12.990938,-0.859894,-0.009578,-1.293034,24.300,-3.150,110.850,25.50,22.96,97169.87,351.833,-0.957681,7.661446,13.407530
46238359,0.785298,-1.738190,9.026140,-0.687489,0.328846,-1.149363,23.850,-5.400,109.050,24.93,22.96,97169.86,351.834,9.576807,7.661446,12.449849
46271359,-0.708684,-1.637634,7.374141,0.068110,0.065982,-0.792848,21.900,-6.450,107.850,25.22,22.96,97169.99,351.822,13.407530,3.830723,12.449849
46304359,-0.814029,-0.842759,7.752425,0.620443,-0.071303,-0.412919,22.200,-5.250,108.600,25.27,22.96,97169.44,351.870,4.788404,3.830723,15.322891
46338359,-0.440533,-0.445322,8.705317,0.691746,0.171340,-0.159634,22.050,-5.100,108.750,25.31,22.96,97169.58,351.858,12.449849,1.915361,7.661446
46370745,-0.842759,-0.225055,8.236053,0.560847,0.258607,0.024477,22.350,-4.650,109.500,25.22,22.96,97169.71,351.847,8.619126,8.619126,6.703765
46404359,-0.565032,-0.076614,8.130709,0.261799,-0.124514,0.152184,22.350,-2.850,110.250,25.22,22.96,97169.16,351.894,5.746084,-0.957681,16.280571
46438359,-0.153229,-0.742203,9.959879,0.027670,-0.515085,0.274570,22.050,-2.850,111.300,25.31,22.96,97168.02,351.992,13.407530,5.746084,22.026655
46471359,0.306458,-0.220267,10.773908,-0.283084,-0.678976,0.276699,22.650,-3.750,109.950,25.22,22.96,97168.00,351.994,6.703765,5.746084,17.238253
46504359,0.426168,-0.895431,11.918336,-0.308625,-0.420369,0.210717,21.900,-4.500,110.400,25.12,22.96,97167.81,352.010,3.830723,0.000000,11.492168
46538702,0.416591,-0.823605,10.912771,-0.122386,0.001064,0.120257,22.200,-3.750,109.350,25.27,22.96,97168.56,351.945,7.661446,1.915361,10.534488
46571359,0.296881,-0.268151,9.634268,-0.074496,0.030863,0.048954,21.300,-5.400,109.800,25.22,22.96,97168.49,351.951,7.661446,2.873042,13.407530
46604359,0.244209,-0.622492,9.136273,0.152184,0.116001,0.030863,19.800,-3.900,108.750,25.12,22.96,97169.66,351.851,7.661446,-0.957681,9.576807
46638359,-0.181959,-0.287304,8.255207,0.116001,0.196882,0.029798,22.650,-4.200,109.650,25.27,22.96,97169.70,351.848,8.619126,10.534488,5.746084
46671363,-0.263362,-0.119710,7.632715,0.059597,-0.073432,0.100037,20.400,-4.500,108.150,25.22,22.96,97170.20,351.804,9.576807,4.788404,12.449849
46704359,0.114922,0.090980,8.207323,0.372479,-0.468259,0.220295,20.550,-3.150,106.950,25.31,22.96,97169.75,351.843,2.873042,-0.957681,19.153614
46738359,0.569820,0.225055,9.562442,0.573617,-0.533177,0.402277,18.450,-2.850,109.500,25.22,22.96,97168.95,351.912,6.703765,-0.957681,10.534488
46771359,0.426168,0.268151,10.223241,0.931197,-0.142606,0.334167,18.000,-3.150,110.250,25.41,22.96,97168.93,351.914,9.576807,1.915361,15.322891
46804359,0.416591,0.430956,11.113884,1.545255,-0.014899,0.315011,20.400,-0.750,110.700,25.12,22.96,97169.34,351.879,7.661446,4.788404,14.365211
46838359,0.158017,0.866701,12.588713,1.696375,-0.561911,0.196882,20.100,1.800,112.950,25.07,22.96,97169.62,351.854,7.661446,4.788404,21.068975
46871359,0.105345,-0.311246,16.912642,1.582503,-0.851380,0.157505,19.650,3.000,113.550,25.12,22.96,97169.29,351.883,4.788404,4.788404,19.153614
46904359,1.307234,-1.019930,18.569427,1.770871,0.151120,0.293726,20.400,6.000,114.750,25.27,22.96,97169.58,351.858,10.534488,2.873042,15.322891
46938363,1.450886,-1.000776,15.097836,1.886871,0.827967,0.446975,20.100,8.400,115.800,24.93,22.96,97169.30,351.882,11.492168,2.873042,15.322891
46971359,1.173159,-0.296881,12.248735,1.807054,0.805618,0.548076,21.150,11.400,116.850,25.07,22.96,97169.62,351.854,7.661446,8.619126,17.238253
47004359,1.460463,-0.004788,11.516110,1.462245,0.746022,0.723673,22.950,14.400,116.550,25.50,22.96,97169.50,351.864,2.873042,-1.915361,14.365211
47038359,1.795651,0.153229,11.372458,1.492044,0.761985,0.941839,24.450,16.350,116.850,25.22,22.96,97169.70,351.847,-1.915361,7.661446,18.195932
47071359,1.896208,0.158017,10.783484,1.842174,0.708774,1.208960,26.100,17.250,117.000,25.27,22.96,97169.34,351.879,4.788404,-3.830723,15.322891
47104359,2.671929,2.355895,8.312668,2.070982,0.697067,1.465438,28.050,20.100,117.600,25.12,22.96,97169.27,351.884,2.873042,0.957681,11.492168
47138359,3.806781,3.232172,9.572019,1.243015,0.870536,1.874101,28.200,23.850,116.400,25.22,22.96,97169.86,351.834,0.957681,-4.788404,4.788404
47171359,3.821146,4.122815,9.188946,0.913105,1.372850,1.708081,29.700,24.900,118.800,25.22,22.96,97170.16,351.808,8.619126,-1.915361,10.534488
47204359,3.600879,4.711789,7.321469,0.275634,1.802797,1.305804,31.800,26.700,116.100,25.27,22.96,97168.95,351.912,2.873042,-2.873042,11.492168
47238359,3.064578,5.813122,6.033388,-0.109615,1.840045,1.079124,34.500,26.550,115.950,25.27,22.96,97168.27,351.970,1.915361,-3.830723,8.619126
47271359,2.882619,5.664681,5.401319,-0.425690,1.742137,0.887564,36.600,26.100,114.900,25.31,22.96,97168.49,351.951,7.661446,-5.746084,12.449849
47304359,2.791639,6.593631,7.565677,-0.889692,1.583567,0.803490,36.450,25.500,115.050,25.12,22.96,97167.34,352.051,4.788404,-7.661446,4.788404
47338359,3.165135,6.751649,7.742848,-1.352630,2.013514,0.653434,40.500,25.200,114.000,24.98,22.96,97166.76,352.100,4.788404,-1.915361,9.576807
47371359,2.073379,6.986280,5.995081,-1.808119,2.171019,0.486351,43.050,24.000,115.050,24.93,22.96,97167.29,352.055,3.830723,-5.746084,1.915361
47404359,0.866701,7.517793,4.735731,-2.209331,2.003936,0.266056,45.150,21.450,112.050,25.27,22.96,97167.10,352.071,9.576807,-1.915361,3.830723
47438359,0.047884,6.665458,5.090073,-2.563718,1.513328,-0.044697,48.000,19.200,109.800,25.27,22.96,97165.64,352.197,12.449849,-0.957681,13.407530
47471359,-0.972046,5.999869,6.579266,-2.854252,1.368594,-0.223487,51.150,14.100,109.650,25.12,22.96,97165.38,352.220,7.661446,0.957681,7.661446
47504359,-1.221043,5.243302,7.211336,-3.029849,1.352630,-0.303304,49.800,12.000,108.000,24.93,22.96,97165.46,352.212,14.365211,0.957681,17.238253
47538359,-2.015918,4.558560,7.163452,-3.096895,1.433511,-0.427819,51.600,7.050,104.850,25.27,22.96,97164.44,352.301,8.619126,-0.957681,12.449849
47571359,-2.767697,3.342306,6.943185,-3.107538,1.380300,-0.609801,53.250,4.200,102.000,25.07,22.96,97165.48,352.210,9.576807,-1.915361,2.873042
47604359,-2.906561,2.159570,5.999869,-3.096895,1.177033,-0.841802,54.600,1.200,100.500,25.22,22.96,97165.47,352.212,10.534488,-2.873042,16.280571
47638449,-3.816358,1.058237,5.597643,-2.961739,0.893949,-0.905656,55.350,-2.100,94.650,25.27,22.96,97165.02,352.250,19.153614,7.661446,3.830723
47671359,-3.897760,0.090980,5.099649,-2.692490,0.570425,-1.103601,52.800,-5.100,91.050,25.07,22.96,97164.92,352.259,10.534488,5.746084,6.703765
47704359,-4.022259,-1.230620,5.410896,-2.400892,0.469323,-1.169584,52.800,-7.350,88.950,25.31,22.96,97164.64,352.283,14.365211,7.661446,12.449849
47738359,-3.596091,-2.360683,5.315128,-1.898578,0.552333,-1.401585,53.550,-12.000,86.700,25.27,22.96,97164.11,352.329,9.576807,8.619126,0.000000
47771359,-2.973598,-3.418920,3.600879,-1.554833,0.551269,-1.578246,51.000,-13.050,83.850,25.50,22.96,97164.27,352.314,12.449849,6.703765,7.661446
47807621,-3.107674,-4.319140,2.834735,-0.998243,-0.048954,-1.628265,50.250,-15.450,82.350,24.79,22.96,97164.05,352.333,5.746084,11.492168,5.746084
47838359,-2.274492,-4.534618,3.380613,-0.799233,-0.332038,-1.655934,47.400,-15.900,81.450,25.12,22.96,97163.91,352.346,9.576807,8.619126,6.703765
47871359,-1.623269,-5.410896,4.256891,-0.526791,-0.332038,-1.642099,45.750,-19.200,81.750,25.12,22.96,97164.96,352.255,6.703765,6.703765,9.576807
47904359,-0.876278,-5.793968,3.581726,-0.095780,-0.363965,-1.645292,43.200,-19.200,81.750,25.07,22.96,97165.40,352.217,10.534488,12.449849,2.873042
47938359,-0.067038,-6.421249,4.050989,0.163891,-0.630021,-1.698503,41.100,-21.450,84.150,24.79,22.96,97164.84,352.266,15.322891,13.407530,11.492168
47971359,0.857124,-6.976704,6.315904,0.594902,-0.860958,-1.631457,39.300,-21.900,83.100,24.98,22.96,97165.48,352.210,3.830723,10.534488,10.534488
48004359,1.283292,-7.230489,7.196970,1.205767,-0.683233,-1.472888,35.700,-23.550,84.750,24.98,22.96,97165.71,352.191,5.746084,19.153614,15.322891
48038359,1.771709,-7.723695,8.154651,1.987973,-0.524663,-1.219602,33.900,-22.800,89.850,25.22,22.96,97166.28,352.142,-0.957681,12.449849,3.830723
48071359,1.896208,-8.125920,8.590396,2.246579,-0.668333,-1.000372,32.700,-21.450,91.050,25.12,22.96,97167.20,352.062,3.830723,7.661446,13.407530
48104359,1.948880,-8.125920,9.265560,2.429626,-1.015271,-0.683233,29.850,-21.300,94.800,25.31,22.96,97168.89,351.917,4.788404,5.746084,17.238253
48138359,2.351106,-7.963115,11.798626,2.547755,-1.175969,-0.464002,27.900,-17.700,98.700,25.31,22.96,97169.08,351.901,7.661446,12.449849,11.492168
48171359,2.245761,-7.948750,12.880805,2.642471,-0.953546,-0.211781,26.100,-16.950,101.850,25.22,22.96,97169.50,351.864,9.576807,10.534488,16.280571
48204359,1.460463,-7.776367,13.441049,2.687169,-0.709838,0.173469,24.450,-14.100,106.350,25.22,22.96,97169.13,351.896,5.746084,10.534488,20.111294
48238359,1.230620,-7.565677,13.881581,2.683976,-0.637471,0.491672,23.400,-9.450,107.850,25.41,22.96,97168.66,351.937,6.703765,8.619126,17.238253
48271359,0.919373,-6.564901,14.317327,2.579682,-0.607673,0.867343,22.800,-5.850,109.050,25.22,22.96,97169.56,351.859,8.619126,9.576807,16.280571
48304359,1.125275,-5.315128,14.010868,2.676526,-0.313946,1.106794,23.100,-4.350,111.600,25.27,22.96,97169.20,351.891,7.661446,3.830723,6.703765
48338359,1.436521,-3.280056,13.412318,2.575425,0.093652,1.298355,23.550,0.450,112.650,24.98,22.96,97170.10,351.813,6.703765,6.703765,11.492168
48371359,0.948104,-2.312799,12.837709,2.193368,0.308625,1.260043,25.500,3.750,116.100,25.31,22.96,97170.17,351.807,9.576807,-0.957681,13.407530
48404359,0.703895,-0.823605,11.487380,1.750650,0.401213,1.137657,26.250,5.250,115.500,25.22,22.96,97170.63,351.768,4.788404,6.703765,5.746084
48438359,1.072602,-0.220267,10.864887,1.217474,0.272442,0.920555,27.600,7.050,115.950,25.07,22.96,97170.14,351.809,10.534488,3.830723,18.195932
48471359,0.809240,0.627281,10.721235,0.707710,0.409727,0.674719,28.200,7.800,117.000,25.41,22.96,97169.38,351.874,8.619126,-1.915361,11.492168
48504359,0.981623,0.617704,10.491392,0.157505,0.637471,0.346937,29.250,9.450,116.550,25.27,22.96,97169.36,351.877,-0.957681,-0.957681,7.661446
48538359,0.507571,0.780510,9.696517,-0.276699,0.398020,0.088331,30.600,8.700,116.550,25.07,22.96,97168.98,351.909,3.830723,-5.746084,11.492168
48574145,0.684742,0.756568,9.955091,-0.755600,0.252221,-0.058532,30.600,6.450,116.850,25.31,22.96,97169.86,351.834,8.619126,-0.957681,22.984337
48604359,0.531513,0.651223,9.504981,-0.898206,0.319268,-0.062789,30.600,6.000,116.850,25.22,22.96,97170.37,351.790,7.661446,2.873042,16.280571
48638359,0.387861,0.833182,9.246407,-1.166391,0.376736,-0.062789,32.850,6.000,116.100,25.27,22.96,97170.61,351.769,7.661446,0.957681,4.788404
48695016,-0.344765,0.775721,10.352529,-1.383493,0.526791,0.021285,33.900,2.250,114.000,25.22,22.96,97170.56,351.773,8.619126,-1.915361,13.407530
48718226,-0.373495,0.277727,10.817003,-1.553769,0.686425,0.015963,32.850,0.000,114.000,25.41,22.95,97169.90,351.831,8.619126,2.873042,20.111294
48747943,-0.967257,-0.153229,10.687716,-1.426062,0.647049,0.235194,34.350,-0.750,112.950,25.22,22.95,97170.03,351.819,3.830723,0.957681,15.322891
48776963,-1.307234,0.837971,10.769119,-1.000372,0.276699,0.355451,35.400,-1.050,110.700,25.22,22.95,97170.84,351.749,6.703765,-0.957681,17.238253
48806120,-0.837971,1.632846,12.492945,-0.951417,-0.200074,0.341616,36.000,-3.600,109.050,25.31,22.95,97170.54,351.775,9.576807,1.915361,17.238253
48843850,-0.244209,1.685518,13.986926,-0.816261,-0.167083,0.419305,35.550,-3.150,109.500,24.98,22.95,97170.59,351.770,7.661446,-0.957681,15.322891
48871359,0.272939,1.877054,14.403518,-0.848187,0.294790,0.361837,34.650,-5.250,108.900,24.93,22.95,97170.64,351.766,2.873042,1.915361,18.195932
48904359,0.665588,1.326388,12.890382,-1.008885,0.746022,0.415048,36.150,-6.000,108.600,25.27,22.96,97170.92,351.742,7.661446,-0.957681,15.322891
48938359,-0.541090,1.086968,11.401189,-0.382057,0.708774,0.408662,39.450,-7.950,107.100,25.22,22.96,97169.92,351.828,8.619126,-0.957681,20.111294
48971359,-1.063026,1.632846,13.158532,-0.883307,0.621507,0.406534,38.250,-7.500,105.300,25.07,22.96,97169.10,351.899,3.830723,7.661446,10.534488
49004359,-1.805228,0.531513,11.549629,-1.278134,0.721545,0.372479,41.250,-6.450,104.250,25.22,22.96,97169.22,351.889,6.703765,2.873042,15.322891
49038359,-1.900996,0.316035,11.544841,-0.618315,1.164262,0.244772,42.300,-8.700,103.200,25.27,22.96,97169.41,351.872,14.365211,2.873042,11.492168
49071359,-2.422932,0.205901,10.563218,-0.254350,1.692118,0.080881,43.050,-8.400,101.700,24.93,22.96,97168.64,351.939,7.661446,0.957681,15.322891
49104359,-3.011906,-0.196325,8.178593,0.262864,1.730430,-0.352259,45.450,-7.800,101.100,25.46,22.96,97169.05,351.903,13.407530,3.830723,7.661446
49138359,-2.245761,-1.637634,9.370906,0.419305,1.331346,-0.524663,46.800,-7.200,98.400,25.27,22.96,97169.05,351.903,9.576807,5.746084,15.322891
49171359,-1.924938,-1.628057,9.078813,0.096844,1.406906,-0.425690,45.150,-7.800,97.950,25.07,22.96,97168.52,351.949,7.661446,-0.957681,7.661446
49204359,-1.934515,-1.565808,8.101978,-0.308625,1.374979,-0.391635,49.050,-8.100,97.500,25.12,22.96,97167.76,352.015,11.492168,9.576807,9.576807
49238359,-2.097321,-1.647211,6.440403,-0.415048,1.388814,-0.413984,47.400,-8.700,94.800,25.41,22.96,97167.36,352.049,6.703765,-0.957681,12.449849
49271359,-1.996764,-2.039860,5.295974,-0.464002,1.539934,-0.600223,47.250,-10.500,93.300,25.41,22.96,97166.52,352.121,8.619126,1.915361,12.449849
49304359,-2.365471,-3.390190,2.700660,-0.240515,1.299419,-0.808811,49.800,-10.500,92.850,25.22,22.95,97166.13,352.155,9.576807,11.492168,10.534488
49343688,-1.422156,-5.300763,3.438074,0.890756,0.093652,-0.697067,48.900,-10.950,91.650,25.27,22.95,97165.72,352.190,6.703765,3.830723,16.280571
49371359,-0.866701,-5.942409,4.759673,1.090831,-0.170276,-0.337359,48.000,-11.550,92.850,25.12,22.95,97165.61,352.200,10.534488,5.746084,10.534488
49404359,-0.670376,-4.850653,7.378930,0.709838,0.122386,0.250093,48.000,-10.050,95.100,24.98,22.95,97165.47,352.212,10.534488,5.746084,1.915361
49438359,-2.111686,-3.892972,5.300763,0.399084,0.318203,0.290533,49.500,-8.850,93.900,25.22,22.95,97165.44,352.214,11.492168,8.619126,16.280571
49471359,-2.207454,-4.338294,3.485958,0.669398,-0.373543,0.240515,49.500,-8.850,93.900,25.27,22.95,97165.05,352.247,5.746084,5.746084,5.746084
49504359,-1.096544,-4.285621,5.722142,0.882243,-0.864151,0.429947,49.950,-7.950,96.000,25.07,22.95,97164.59,352.288,6.703765,10.534488,0.957681
49538359,-1.024718,-4.161122,6.593631,1.118501,-0.838609,0.641728,49.500,-7.050,97.200,25.31,22.95,97164.98,352.253,7.661446,6.703765,17.238253
49571359,-0.852336,-3.711013,7.800309,1.056776,-0.764114,0.681104,48.300,-4.650,98.700,25.31,22.95,97164.93,352.258,8.619126,7.661446,10.534488
49604359,-0.684742,-3.643975,8.082825,0.748150,-0.696003,0.650242,49.950,-3.300,100.650,25.12,22.95,97164.50,352.295,10.534488,10.534488,11.492168
49638431,-0.292093,-3.835511,8.327033,0.444846,-1.014207,0.825839,48.750,-2.850,101.850,24.98,22.95,97163.91,352.345,4.788404,-0.957681,12.449849
49671359,-0.335188,-3.323152,9.385271,0.377800,-1.210024,0.970573,48.750,-1.200,102.900,25.22,22.95,97163.94,352.343,10.534488,7.661446,7.661446
49704359,-0.454898,-3.327940,10.170568,0.423562,-1.162134,0.990794,47.100,-0.300,103.950,25.22,22.95,97164.79,352.270,5.746084,6.703765,21.068975
49738359,-0.478840,-2.882619,11.525687,0.143670,-0.955674,0.973766,46.050,1.050,106.050,25.31,22.95,97164.78,352.271,6.703765,1.915361,7.661446
49771359,0.105345,-3.193865,11.042058,-0.628957,-0.865215,0.992922,46.500,2.100,106.200,25.46,22.95,97165.46,352.212,8.619126,9.576807,10.534488
49804359,0.316035,-3.318364,9.830592,-0.838609,-1.282391,1.207896,45.450,3.150,106.350,25.27,22.95,97165.86,352.178,7.661446,7.661446,10.534488
49838359,0.028730,-2.106898,12.152967,-0.261799,-1.700632,1.681476,44.850,1.800,108.150,24.98,22.95,97165.98,352.168,13.407530,-0.957681,15.322891
49871359,-0.306458,-0.737414,13.555970,-0.184111,-1.103601,1.614430,44.400,3.900,107.700,25.27,22.95,97165.73,352.189,11.492168,-2.873042,16.280571
49904359,-0.694318,0.751779,13.685257,-0.657691,-0.337359,1.205767,45.600,3.000,108.150,25.07,22.95,97166.03,352.163,9.576807,0.957681,16.280571
49937359,-1.125275,0.890643,10.893618,-1.078060,-0.317139,1.007821,45.150,2.850,108.000,24.93,22.95,97165.48,352.210,3.830723,-3.830723,13.407530
49971359,-1.532289,1.283292,10.184934,-1.042941,-0.540626,0.772627,45.600,0.750,107.550,25.27,22.95,97164.87,352.263,3.830723,3.830723,10.534488
50004359,-1.211466,1.268927,10.362105,-0.780077,-0.600223,0.378864,45.150,2.100,106.200,25.22,22.95,97164.98,352.254,9.576807,6.703765,21.068975
50037359,-0.952892,1.177947,10.912771,-0.437397,-0.495929,0.194753,43.500,1.050,107.550,25.22,22.95,97165.29,352.227,7.661446,3.830723,11.492168
50071359,-0.995988,1.115698,11.856087,-0.323524,-0.094716,-0.071303,43.950,0.150,108.450,25.22,22.95,97165.40,352.217,7.661446,4.788404,18.195932
50104359,-1.039083,0.177171,11.683704,-0.384185,0.088331,-0.350130,43.800,0.750,107.850,25.12,22.95,97165.67,352.194,12.449849,-0.957681,28.730421
50137359,-0.689530,-2.030283,10.893618,-0.748150,0.214973,-0.614058,42.300,-2.250,107.850,25.22,22.95,97165.80,352.184,10.534488,1.915361,20.111294
50171359,-0.296881,-4.108450,9.624691,-0.594902,0.333102,-0.644920,43.200,-2.400,106.650,25.31,22.95,97165.84,352.180,13.407530,6.703765,17.238253
50204359,-0.124498,-4.797980,9.169792,-0.240515,0.399084,-0.587452,42.300,-3.300,104.550,25.27,22.95,97165.82,352.182,10.534488,2.873042,16.280571
50237359,-0.387861,-5.070919,8.920795,0.205395,0.320332,-0.445910,42.900,-3.600,105.900,25.27,22.95,97166.42,352.130,5.746084,9.576807,8.619126
50271359,-0.090980,-4.927267,9.605537,0.202203,0.163891,-0.350130,42.150,-3.150,105.150,25.27,22.95,97166.48,352.125,2.873042,5.746084,15.322891
50304359,0.023942,-4.644751,9.792285,-0.062789,0.018092,-0.204331,42.450,-5.100,105.900,25.22,22.95,97167.03,352.078,2.873042,8.619126,8.619126
50337359,-0.383072,-3.969586,9.605537,-0.310754,-0.107487,-0.052147,42.900,-4.350,105.900,25.22,22.95,97166.70,352.105,10.534488,10.534488,15.322891
50371359,-0.952892,-2.710236,9.538500,-0.151120,-0.008514,0.038312,43.500,-3.750,105.300,24.98,22.95,97167.12,352.070,6.703765,2.873042,9.576807
50404359,-1.053449,-1.762132,9.643845,0.111744,0.155377,-0.064918,43.200,-4.350,105.450,25.31,22.95,97166.87,352.091,3.830723,7.661446,14.365211
50437362,-0.723049,-0.608127,9.830592,0.210717,0.472516,-0.319268,42.000,-4.500,105.750,25.27,22.95,97166.00,352.166,9.576807,3.830723,12.449849
50471359,-0.531513,-0.263362,9.112331,0.158570,0.439525,-0.478901,43.500,-4.500,105.750,24.93,22.95,97166.41,352.131,14.365211,5.746084,11.492168
50504359,-0.474052,0.263362,8.954314,0.100037,0.312882,-0.609801,43.500,-5.700,103.950,25.12,22.95,97166.33,352.138,10.534488,8.619126,17.238253
50538898,0.248997,-0.057461,8.887277,0.111744,0.252221,-0.891821,42.900,-4.350,104.400,25.07,22.95,97165.28,352.228,4.788404,3.830723,12.449849
50571359,0.622492,-0.565032,8.781932,0.114936,0.246900,-0.955674,42.900,-5.100,105.450,24.88,22.95,97165.84,352.180,10.534488,-0.957681,17.238253
50604359,0.742203,-0.569820,9.040505,0.260735,0.326717,-0.984408,41.100,-4.650,104.400,25.22,22.95,97166.25,352.145,6.703765,1.915361,18.195932
50637359,0.474052,-0.531513,8.643068,-0.027670,0.183047,-1.062097,41.250,-6.450,105.000,25.07,22.95,97165.59,352.201,13.407530,10.534488,11.492168
50673332,0.502782,-1.077391,8.149862,-0.303304,0.103230,-1.217474,40.650,-7.800,104.400,25.12,22.95,97165.14,352.240,2.873042,10.534488,13.407530
50704359,0.560243,-2.097321,7.460332,-0.174533,0.230937,-1.289841,40.200,-7.500,104.550,25.22,22.95,97165.52,352.207,4.788404,2.873042,11.492168
50737359,0.517148,-2.671929,6.981492,-0.068110,0.053211,-1.247272,38.850,-9.300,104.400,25.31,22.95,97165.80,352.184,7.661446,5.746084,13.407530
50771359,0.861913,-3.141193,7.177817,0.227744,-0.150056,-1.075932,36.300,-9.300,104.400,25.41,22.95,97166.04,352.162,2.873042,3.830723,4.788404
50804359,0.531513,-2.442086,8.906430,0.526791,-0.095780,-1.201510,36.300,-9.300,105.150,25.12,22.95,97166.00,352.166,2.873042,0.957681,20.111294
50837359,1.000776,-2.753332,10.036493,0.837545,0.238386,-1.199382,35.100,-9.900,105.000,25.12,22.95,97166.13,352.155,10.534488,5.746084,15.322891
50871363,0.536301,-2.044648,10.630256,0.901399,0.320332,-1.042941,35.100,-9.150,106.350,25.22,22.95,97166.95,352.085,7.661446,9.576807,12.449849
50904359,0.052672,-1.508347,10.769119,0.396956,0.225616,-0.975894,32.700,-8.100,106.950,25.12,22.95,97166.26,352.144,3.830723,5.746084,8.619126
50937359,-0.794875,-1.541866,10.280702,0.566168,0.307561,-1.117436,33.150,-8.400,106.800,25.41,22.95,97166.10,352.157,6.703765,5.746084,17.238253
50971359,-0.383072,-1.824382,10.860099,0.668333,0.454424,-1.120629,32.250,-7.350,107.700,25.22,22.95,97166.49,352.124,5.746084,6.703765,8.619126
51004359,-0.124498,-2.188300,10.271125,0.826903,0.862022,-0.972702,31.800,-7.500,107.100,24.88,22.95,97166.56,352.117,6.703765,1.915361,13.407530
51037359,-0.646434,-1.958457,8.398860,1.167455,1.245144,-0.867343,31.950,-5.850,107.700,25.22,22.95,97167.01,352.079,6.703765,4.788404,13.407530
51071359,-1.125275,-1.795651,7.886500,0.663012,0.735380,-0.766242,33.750,-4.650,109.800,25.22,22.95,97166.77,352.100,6.703765,6.703765,16.280571
51104359,-1.522712,-1.613692,6.737284,0.126643,0.042569,-0.682168,32.850,-3.300,109.350,24.93,22.95,97166.84,352.094,5.746084,8.619126,13.407530
51137359,-0.962469,-2.130840,7.517793,-0.129835,-0.631086,-0.564039,33.000,-3.150,109.500,25.27,22.95,97167.06,352.074,10.534488,2.873042,0.000000
51171359,-0.603339,-2.217031,8.317456,-0.138349,-0.478901,-0.409727,31.350,-3.300,108.900,25.22,22.95,97167.02,352.079,9.576807,9.576807,19.153614
51204359,-0.976834,-1.608904,8.480263,0.395892,-0.101101,-0.276699,30.600,-3.000,109.350,25.27,22.95,97166.93,352.086,9.576807,5.746084,19.153614
51237359,-0.914585,-1.331176,8.930372,0.590645,0.035119,-0.283084,31.500,-2.400,109.050,25.07,22.95,97167.43,352.043,4.788404,1.915361,13.407530
51271359,-0.924162,-0.632069,9.260772,0.377800,0.020220,-0.371415,31.200,-2.850,111.300,25.22,22.95,97168.23,351.973,10.534488,3.830723,10.534488
51304359,-0.833182,-0.507571,9.763555,-0.384185,-0.365029,-0.346937,29.850,-3.750,111.750,24.93,22.95,97167.91,352.002,11.492168,1.915361,7.661446
51337359,-0.871489,-0.426168,9.030929,-0.673654,-0.288405,-0.326717,29.550,-3.000,110.700,25.27,22.95,97167.79,352.012,11.492168,9.576807,16.280571
51371362,-1.249773,-0.373495,10.419566,0.267121,-0.354387,-0.562975,29.700,-2.850,110.250,25.12,22.95,97168.26,351.971,13.407530,9.576807,16.280571
51404359,-0.497994,-0.258574,11.884817,0.395892,-0.131964,-0.652370,28.200,-3.600,109.500,25.22,22.95,97168.49,351.951,7.661446,-0.957681,20.111294
51437359,0.593762,-1.110910,12.167333,0.942904,0.800297,-0.489544,27.750,-1.800,111.750,24.98,22.95,97167.93,352.000,9.576807,3.830723,11.492168
51471359,0.277727,-0.689530,11.104307,1.044005,1.038684,-0.369286,30.300,-3.000,111.150,25.27,22.95,97167.89,352.003,9.576807,-1.915361,23.942017
51504359,0.699107,-1.019930,9.567230,0.440589,0.704517,-0.113872,30.450,0.150,111.300,24.98,22.95,97167.91,352.002,6.703765,3.830723,20.111294
51537359,0.502782,-1.364695,7.642292,0.303304,0.457617,0.089395,32.250,-0.150,113.400,24.98,22.95,97168.32,351.966,2.873042,-0.957681,10.534488
51571359,0.062249,-0.986411,7.340622,0.116001,-0.247964,0.241579,33.000,1.200,112.350,25.27,22.95,97168.85,351.920,3.830723,-0.957681,9.576807
51605542,0.292093,-0.478840,7.000646,0.121322,-0.637471,0.193689,32.400,-0.750,112.200,25.22,22.95,97169.47,351.867,12.449849,3.830723,22.984337
51637359,0.612916,-1.039083,8.140285,0.193689,-1.026977,0.192625,31.800,0.000,112.950,24.98,22.95,97169.19,351.891,4.788404,4.788404,16.280571
51671359,1.431733,-0.512359,9.868899,0.202203,-1.005693,0.253286,31.200,-0.150,112.650,25.22,22.95,97169.75,351.843,-0.957681,6.703765,22.984337
51704359,1.470040,0.028730,11.037270,0.021285,-0.887564,0.250093,29.550,0.000,112.950,25.31,22.95,97169.89,351.831,9.576807,-0.957681,15.322891
51737359,1.551443,0.076614,10.903194,-0.392699,-1.112115,0.437397,29.550,0.000,113.550,25.27,22.95,97169.68,351.849,1.915361,2.873042,18.195932
51771363,1.345541,1.345541,11.147403,-0.188368,-1.335603,0.340552,28.650,0.150,113.400,25.27,22.95,97170.11,351.812,3.830723,0.957681,19.153614
51804359,2.327164,1.024718,12.622231,-0.585324,-0.793912,0.020220,28.500,-0.750,113.250,25.07,22.95,97170.87,351.747,7.661446,4.788404,13.407530
51837359,2.375048,-0.387861,11.291056,-0.113872,-0.145799,0.199010,27.300,-3.750,113.250,24.98,22.95,97171.61,351.683,9.576807,1.915361,15.322891
51871359,2.159570,2.087744,9.471462,0.118129,-0.504443,0.250093,27.600,-1.200,112.050,24.88,22.95,97171.54,351.689,6.703765,1.915361,16.280571
51904359,1.810017,2.149993,12.540829,-0.057468,-0.338424,0.103230,27.750,-1.050,112.950,25.22,22.95,97171.55,351.687,11.492168,1.915361,13.407530
51937359,1.513135,2.011129,11.573571,-0.018092,-0.226680,-0.086202,27.150,-0.900,113.400,25.22,22.95,97172.15,351.636,6.703765,4.788404,17.238253
51971359,0.861913,1.953669,10.386047,-0.337359,-0.051083,-0.383121,28.500,-1.500,111.750,24.98,22.95,97172.73,351.586,8.619126,5.746084,19.153614
52004364,0.497994,1.082179,9.935937,-0.089395,-0.045762,-0.428883,27.750,-0.750,113.550,25.27,22.95,97172.70,351.590,6.703765,7.661446,14.365211
52037359,0.158017,1.268927,10.333375,0.276699,-0.109615,-0.562975,25.650,-0.900,111.600,25.27,22.95,97172.67,351.591,5.746084,1.915361,15.322891
52071359,0.876278,1.230620,11.271901,0.362901,-0.073432,-0.727930,26.550,-1.050,111.450,25.22,22.95,97171.84,351.663,5.746084,2.873042,16.280571
52104359,0.895431,1.197101,11.228806,0.529984,0.481030,-0.905656,25.950,-0.750,111.750,25.27,22.95,97173.30,351.538,3.830723,-4.788404,19.153614
52137359,5.415684,-6.967127,34.816483,-0.088331,1.765550,-0.775820,27.750,1.800,112.950,25.27,22.95,97173.27,351.540,7.661446,4.788404,23.942017
52171359,4.060566,2.078167,17.415422,-0.193689,1.026977,-0.688554,27.300,-1.050,110.400,25.27,22.95,97173.70,351.502,2.873042,2.873042,26.815060
52204359,1.632846,-0.694318,10.433931,-0.185175,0.351194,-0.122386,29.250,-0.300,111.750,25.22,22.95,97173.67,351.505,12.449849,-0.957681,16.280571
52237359,1.067814,-0.450110,9.399636,-0.251157,0.037248,0.085138,29.400,-0.150,110.550,25.12,22.95,97174.02,351.475,7.661446,2.873042,9.576807
52271359,1.819593,0.086191,10.486604,0.120257,0.394828,0.229873,30.750,-0.900,112.050,25.07,22.95,97173.88,351.488,8.619126,2.873042,14.365211
52304359,1.517924,-0.105345,10.261548,0.380993,0.875857,0.680040,30.450,0.150,112.650,25.22,22.95,97173.85,351.490,7.661446,-3.830723,15.322891
52342074,1.177947,1.288081,9.993398,0.915234,1.123822,0.402277,33.000,1.200,112.050,25.22,22.95,97173.89,351.487,7.661446,-0.957681,11.492168
52371359,1.723825,1.632846,9.303867,-0.136221,-0.070239,0.108551,33.000,0.900,113.400,25.22,22.95,97174.08,351.470,7.661446,4.788404,16.280571
52404359,1.120486,1.479617,10.122684,-0.335231,-0.163891,-0.190496,34.800,2.100,113.100,24.98,22.95,97174.76,351.412,10.534488,-0.957681,11.492168
52437359,0.646434,1.556231,10.055647,-0.077688,0.026606,-0.123450,32.850,0.000,113.550,25.22,22.95,97174.77,351.410,4.788404,7.661446,8.619126
52471359,0.196325,0.986411,10.041282,-0.134092,0.005321,0.151120,33.150,1.050,112.500,25.27,22.95,97174.73,351.414,2.873042,-0.957681,13.407530
52504359,0.052672,0.756568,9.873688,-0.032991,0.043633,0.263928,33.450,-0.150,113.100,25.27,22.95,97174.51,351.434,10.534488,7.661446,11.492168
52537359,-0.124498,0.440533,9.006987,-0.104294,0.046826,0.195817,31.800,0.750,112.200,25.31,22.95,97174.65,351.421,9.576807,4.788404,9.576807
52571686,0.282516,-0.138864,9.016563,-0.766242,-0.004257,0.054275,33.000,-0.450,110.850,25.41,22.95,97174.03,351.474,8.619126,2.873042,17.238253
52604359,-0.071826,1.446098,4.486734,-3.530035,0.266056,-0.014899,33.450,-2.100,110.850,25.12,22.95,97173.25,351.542,4.788404,4.788404,1.915361
52637359,0.493206,1.843535,11.401189,-0.960995,0.833288,0.046826,32.700,-3.600,109.500,25.22,22.95,97172.66,351.592,8.619126,1.915361,11.492168
52671359,-1.158794,-1.470040,11.544841,-0.294790,-0.285212,-0.013835,33.000,-2.100,108.750,25.22,22.95,97172.72,351.588,6.703765,-0.957681,13.407530
52704359,-0.047884,-0.239420,8.623915,0.194753,-0.009578,-0.029798,32.100,-2.250,109.350,25.27,22.95,97172.80,351.580,4.788404,-6.703765,19.153614
52737359,-0.976834,-0.924162,8.322245,-0.139413,0.142606,-0.001064,32.250,-2.400,108.750,25.27,22.95,97172.61,351.597,3.830723,-0.957681,15.322891
52771359,-0.062249,-0.474052,10.860099,-0.035119,0.040441,-0.003193,33.000,-3.150,108.750,25.27,22.95,97172.44,351.612,15.322891,-0.957681,16.280571
52804359,-0.043096,-0.100556,10.448297,-0.040441,0.046826,-0.001064,31.800,-2.250,109.650,25.07,22.95,97172.63,351.595,5.746084,-0.957681,9.576807
52837359,0.114922,-0.124498,9.993398,-0.017028,0.026606,-0.002128,33.750,-2.100,109.050,25.27,22.95,97172.95,351.568,7.661446,-0.957681,15.322891
52871359,0.004788,-0.181959,9.753978,-0.011706,0.024477,-0.006385,33.900,-1.800,108.900,24.98,22.95,97172.66,351.592,2.873042,2.873042,13.407530
52904359,0.019154,-0.134075,9.768343,-0.006385,0.013835,0.003193,33.150,-2.250,109.350,25.22,22.95,97172.52,351.604,2.873042,-0.957681,8.619126
52937359,0.043096,-0.129287,9.878476,-0.002128,0.009578,0.005321,33.750,-0.450,110.250,25.22,22.95,97172.66,351.592,2.873042,13.407530,18.195932
52971359,0.052672,-0.162806,9.797073,-0.002128,0.010642,0.002128,33.450,-3.600,109.500,25.22,22.95,97173.03,351.561,6.703765,1.915361,13.407530
53004359,0.000000,-0.167594,9.801862,0.001064,0.013835,-0.003193,33.750,-2.400,109.500,25.22,22.95,97173.58,351.513,4.788404,0.957681,10.534488
53037359,0.081403,-0.220267,9.849746,-0.004257,0.011706,0.002128,32.700,-2.400,109.050,25.12,22.95,97173.78,351.496,9.576807,-0.957681,15.322891
53071359,0.052672,-0.201113,9.797073,-0.003193,0.013835,-0.001064,33.750,-1.650,109.050,25.22,22.95,97173.20,351.546,6.703765,2.873042,12.449849
53104359,0.014365,-0.153229,9.835381,-0.003193,0.012771,0.000000,33.450,-2.100,109.050,25.27,22.95,97173.38,351.531,8.619126,4.788404,8.619126
53137359,0.043096,-0.167594,9.854534,-0.002128,0.007450,-0.001064,32.850,-1.800,108.150,24.98,22.95,97173.55,351.515,8.619126,7.661446,5.746084
53171359,0.014365,-0.167594,9.844957,-0.004257,0.012771,-0.001064,34.050,-2.400,109.050,25.41,22.95,97174.55,351.430,9.576807,3.830723,15.322891
53204359,0.033519,-0.225055,9.849746,-0.001064,0.012771,0.000000,32.100,-1.050,109.350,25.27,22.95,97174.45,351.439,9.576807,7.661446,9.576807
53237359,0.067038,-0.167594,9.883265,-0.003193,0.014899,-0.001064,33.150,-2.550,108.600,25.22,22.95,97173.55,351.515,13.407530,9.576807,17.238253
53271359,-0.009577,-0.153229,9.840169,0.000000,0.009578,-0.003193,32.250,-2.850,109.050,25.31,22.95,97173.62,351.510,5.746084,2.873042,15.322891
53304359,0.014365,-0.191536,9.878476,0.001064,0.015963,0.001064,32.850,-3.000,109.950,25.22,22.95,97173.83,351.492,4.788404,5.746084,14.365211
53337359,0.028730,-0.215478,9.873688,-0.006385,0.011706,-0.001064,34.050,-3.600,110.550,25.27,22.95,97173.66,351.506,8.619126,7.661446,11.492168
53371359,0.023942,-0.196325,9.830592,0.005321,0.014899,-0.001064,33.600,-2.250,109.350,24.98,22.95,97173.37,351.532,6.703765,-0.957681,7.661446
53404359,0.014365,-0.172383,9.844957,-0.003193,0.012771,0.001064,34.050,-2.100,108.750,25.22,22.95,97172.93,351.569,5.746084,-0.957681,11.492168
53437359,0.028730,-0.105345,9.864111,0.000000,0.013835,-0.003193,32.250,-1.200,109.500,25.27,22.95,97173.07,351.557,7.661446,6.703765,14.365211
53471359,0.033519,-0.220267,9.849746,-0.001064,0.009578,0.000000,33.000,-1.650,109.500,24.98,22.95,97173.60,351.511,8.619126,-1.915361,21.068975
53504359,0.071826,-0.148441,9.844957,-0.001064,0.013835,-0.002128,33.150,-1.800,109.350,25.41,22.95,97173.41,351.528,4.788404,-1.915361,12.449849
53537359,0.028730,-0.153229,9.854534,-0.005321,0.011706,-0.004257,33.450,-2.250,108.900,25.22,22.95,97173.96,351.480,5.746084,4.788404,12.449849
53571359,0.014365,-0.181959,9.840169,-0.006385,0.007450,-0.001064,34.050,-2.400,109.500,25.12,22.95,97174.15,351.464,7.661446,-0.957681,12.449849
53604359,0.038307,-0.191536,9.844957,0.000000,0.014899,-0.002128,33.150,-3.300,108.600,25.22,22.95,97174.13,351.466,3.830723,5.746084,11.492168
53638571,0.076614,-0.110133,9.849746,-0.008514,0.014899,-0.001064,33.450,-2.850,109.050,25.22,22.95,97173.42,351.527,12.449849,7.661446,10.534488
53671359,0.023942,-0.172383,9.859323,0.000000,0.013835,0.001064,33.600,-2.550,108.600,25.41,22.95,97173.22,351.544,9.576807,-0.957681,8.619126
53704359,0.052672,-0.129287,9.873688,0.002128,0.006385,-0.004257,33.150,-2.550,109.650,25.27,22.95,97172.48,351.607,6.703765,-0.957681,15.322891
53737359,0.047884,-0.138864,9.840169,-0.005321,0.014899,-0.001064,33.150,-2.550,109.350,25.27,22.95,97173.49,351.520,4.788404,5.746084,15.322891
53771359,-0.019154,-0.148441,9.835381,-0.002128,0.006385,-0.001064,33.450,-3.150,109.800,25.27,22.95,97173.67,351.505,10.534488,2.873042,13.407530
53804359,0.023942,-0.191536,9.835381,-0.001064,0.009578,0.001064,32.850,-2.250,109.350,25.12,22.95,97173.66,351.506,1.915361,10.534488,15.322891
53837363,0.038307,-0.196325,9.868899,-0.006385,0.010642,-0.004257,34.500,-2.850,109.500,25.22,22.95,97172.91,351.570,6.703765,2.873042,18.195932
53871359,0.047884,-0.186748,9.840169,-0.002128,0.011706,-0.006385,32.850,-2.250,108.600,25.31,22.95,97173.59,351.513,3.830723,1.915361,13.407530
53904359,0.023942,-0.210690,9.849746,-0.003193,0.009578,-0.005321,34.050,-2.850,110.550,25.07,22.95,97173.02,351.561,9.576807,3.830723,9.576807
53937364,0.004788,-0.172383,9.878476,-0.001064,0.008514,-0.002128,32.400,-3.000,109.650,25.22,22.95,97172.95,351.567,9.576807,5.746084,10.534488
53971359,0.028730,-0.138864,9.897630,-0.002128,0.009578,-0.003193,34.650,-2.250,110.400,25.27,22.95,97172.43,351.612,8.619126,4.788404,6.703765
54004359,0.071826,-0.143652,9.840169,0.003193,0.012771,-0.005321,33.600,-1.800,109.350,25.07,22.95,97172.27,351.626,7.661446,2.873042,8.619126
54037359,-0.009577,-0.177171,9.864111,0.000000,0.011706,-0.003193,32.400,-2.250,109.350,25.31,22.95,97172.36,351.618,8.619126,0.957681,11.492168
54071359,0.047884,-0.119710,9.782708,-0.002128,0.011706,0.001064,32.700,-2.400,109.050,24.98,22.95,97172.42,351.613,4.788404,2.873042,7.661446
54104359,0.100556,-0.205901,9.801862,0.000000,0.012771,-0.004257,32.850,-2.550,109.350,25.07,22.95,97173.47,351.523,3.830723,2.873042,11.492168
54137359,0.076614,-0.172383,9.840169,0.001064,0.012771,0.001064,33.450,-2.850,110.550,25.22,22.95,97173.57,351.514,10.534488,9.576807,7.661446
54171359,0.028730,-0.153229,9.835381,-0.003193,0.009578,0.002128,34.050,-2.850,109.050,25.27,22.95,97173.39,351.530,9.576807,2.873042,10.534488
54204359,0.028730,-0.158017,9.873688,-0.002128,0.007450,0.001064,33.750,-2.100,107.700,25.12,22.95,97173.27,351.540,6.703765,2.873042,13.407530
54237359,-0.028730,-0.181959,9.854534,-0.006385,0.010642,-0.001064,32.100,-1.800,109.950,25.07,22.95,97173.31,351.536,8.619126,6.703765,16.280571
54270658,-0.004788,-0.172383,9.782708,-0.003193,0.010642,0.000000,32.850,-1.800,109.350,25.27,22.95,97172.70,351.589,4.788404,0.000000,9.576807
54304359,0.057461,-0.153229,9.801862,-0.001064,0.015963,0.001064,33.150,-2.250,109.650,25.22,22.95,97172.32,351.621,8.619126,3.830723,4.788404
54337359,0.019154,-0.181959,9.859323,-0.001064,0.011706,-0.004257,32.700,-2.400,110.700,25.22,22.95,97172.28,351.625,6.703765,4.788404,17.238253
54371359,-0.004788,-0.158017,9.844957,-0.002128,0.007450,-0.001064,33.150,-2.550,108.150,25.22,22.95,97173.36,351.532,13.407530,-0.957681,11.492168
54404359,0.023942,-0.181959,9.873688,-0.002128,0.010642,-0.005321,33.150,-3.000,109.350,25.12,22.95,97173.10,351.554,8.619126,7.661446,15.322891
54437359,0.028730,-0.191536,9.888053,-0.006385,0.010642,-0.003193,31.350,-1.800,108.900,24.98,22.95,97173.63,351.509,8.619126,3.830723,7.661446
54471359,0.014365,-0.191536,9.844957,-0.003193,0.010642,0.000000,33.000,-2.400,109.800,25.27,22.95,97173.88,351.488,10.534488,-0.957681,11.492168
54504359,0.038307,-0.153229,9.792285,-0.002128,0.015963,0.002128,32.700,-2.400,108.750,25.46,22.95,97173.20,351.546,10.534488,3.830723,10.534488
54537359,0.014365,-0.138864,9.806650,-0.002128,0.010642,-0.004257,33.600,-2.250,111.150,25.12,22.95,97172.86,351.575,11.492168,6.703765,15.322891
54571697,0.014365,-0.153229,9.849746,0.000000,0.011706,-0.004257,34.050,-2.850,109.500,25.31,22.95,97172.57,351.600,7.661446,5.746084,11.492168
54604359,0.043096,-0.114922,9.897630,0.000000,0.010642,-0.002128,34.350,-2.550,108.900,25.07,22.95,97172.66,351.592,13.407530,1.915361,6.703765
54637359,0.019154,-0.158017,9.816227,-0.008514,0.008514,-0.002128,32.700,-2.850,109.500,25.12,22.95,97172.80,351.581,11.492168,2.873042,16.280571
54671359,-0.004788,-0.181959,9.806650,-0.004257,0.009578,-0.002128,33.150,-3.000,109.950,25.46,22.95,97172.71,351.588,6.703765,2.873042,11.492168
54704359,0.023942,-0.172383,9.816227,-0.003193,0.010642,-0.002128,33.450,-3.150,109.050,25.31,22.95,97173.70,351.502,7.661446,0.957681,11.492168
54737359,0.052672,-0.143652,9.844957,-0.002128,0.015963,-0.004257,33.150,-3.000,108.600,25.41,22.95,97173.21,351.545,8.619126,4.788404,11.492168
54771359,0.000000,-0.162806,9.801862,0.005321,0.009578,-0.003193,33.000,-3.900,108.450,25.27,22.95,97173.71,351.502,10.534488,2.873042,19.153614
54804359,0.019154,-0.167594,9.854534,-0.002128,0.009578,-0.001064,33.900,-2.550,109.350,25.22,22.95,97173.16,351.549,9.576807,8.619126,21.068975
54837359,0.067038,-0.167594,9.854534,-0.005321,0.011706,-0.004257,33.750,-1.200,109.500,25.22,22.95,97173.60,351.511,9.576807,3.830723,15.322891
54871195,0.033519,-0.162806,9.849746,-0.002128,0.014899,0.003193,33.150,-3.300,109.650,25.07,22.95,97173.90,351.486,10.534488,2.873042,20.111294
54904359,0.052672,-0.181959,9.811439,-0.003193,0.013835,-0.002128,33.450,-2.850,108.450,25.31,22.95,97173.67,351.505,7.661446,1.915361,9.576807
54937359,0.019154,-0.143652,9.864111,-0.005321,0.006385,-0.005321,34.650,-3.000,108.600,25.22,22.95,97173.56,351.515,5.746084,4.788404,11.492168
54971359,0.009577,-0.167594,9.825804,-0.001064,0.012771,-0.009578,33.450,-2.400,108.000,24.98,22.95,97173.02,351.562,11.492168,3.830723,12.449849
55004359,0.004788,-0.138864,9.892841,-0.003193,0.013835,-0.003193,34.050,-2.850,109.050,25.27,22.95,97173.14,351.551,7.661446,6.703765,16.280571
55037359,0.062249,-0.186748,9.830592,0.002128,0.010642,-0.002128,32.250,-2.850,110.250,25.22,22.95,97173.45,351.524,3.830723,6.703765,15.322891
55071359,-0.033519,-0.191536,9.811439,0.002128,0.011706,-0.002128,31.950,-2.400,108.450,25.22,22.95,97172.92,351.569,7.661446,5.746084,13.407530
55104359,0.004788,-0.124498,9.835381,-0.001064,0.011706,0.001064,34.050,-2.850,109.500,25.46,22.95,97173.11,351.554,10.534488,3.830723,15.322891
55137359,0.043096,-0.162806,9.811439,0.000000,0.009578,0.000000,32.700,-2.100,108.450,25.27,22.95,97173.00,351.563,3.830723,3.830723,12.449849
55171359,-0.014365,-0.148441,9.801862,0.001064,0.010642,-0.001064,33.150,-1.800,108.150,25.22,22.95,97173.77,351.497,7.661446,-0.957681,21.068975
55204359,0.038307,-0.201113,9.844957,-0.006385,0.011706,-0.005321,33.900,-2.250,108.900,25.27,22.95,97173.73,351.500,3.830723,2.873042,15.322891
55237359,0.062249,-0.129287,9.835381,-0.001064,0.008514,0.002128,32.400,-2.250,109.650,25.22,22.95,97173.47,351.523,8.619126,-0.957681,10.534488
55271359,0.071826,-0.138864,9.883265,-0.006385,0.014899,0.000000,34.050,-3.150,108.450,25.22,22.95,97173.94,351.483,10.534488,6.703765,8.619126
55304359,0.009577,-0.143652,9.854534,0.002128,0.011706,-0.001064,32.700,-3.150,109.050,25.22,22.95,97173.66,351.506,11.492168,4.788404,12.449849
55337359,0.004788,-0.201113,9.797073,-0.003193,0.009578,0.003193,32.400,-3.000,109.950,25.22,22.95,97173.48,351.521,10.534488,5.746084,16.280571
55371359,0.071826,-0.162806,9.859323,0.000000,0.008514,-0.003193,32.850,-3.300,108.150,25.41,22.95,97173.02,351.562,5.746084,-0.957681,15.322891
55404359,0.071826,-0.191536,9.878476,-0.001064,0.008514,0.002128,32.850,-3.300,109.650,24.88,22.95,97173.05,351.558,7.661446,1.915361,11.492168
55437365,0.052672,-0.162806,9.873688,0.000000,0.009578,-0.003193,33.000,-3.900,109.800,25.41,22.95,97173.31,351.536,9.576807,7.661446,9.576807
55471359,0.047884,-0.158017,9.897630,-0.001064,0.013835,-0.005321,32.400,-3.750,109.950,25.22,22.95,97173.29,351.538,0.957681,1.915361,13.407530
55504359,0.014365,-0.124498,9.840169,0.005321,0.012771,-0.005321,32.700,-3.150,110.250,24.98,22.95,97172.84,351.577,11.492168,2.873042,15.322891
55537359,0.004788,-0.153229,9.844957,-0.002128,0.010642,-0.005321,32.850,-2.550,108.900,25.27,22.95,97172.13,351.638,11.492168,-0.957681,22.026655
55571359,0.004788,-0.162806,9.921572,0.001064,0.008514,-0.002128,31.800,-3.750,109.650,25.31,22.95,97172.40,351.615,7.661446,5.746084,13.407530
55604359,0.100556,-0.067038,9.916783,0.006385,0.002128,-0.004257,33.150,-3.300,109.350,24.98,22.95,97172.64,351.594,4.788404,2.873042,17.238253
55640904,0.081403,-0.119710,9.821015,-0.005321,0.012771,-0.001064,32.700,-2.850,109.500,25.22,22.95,97172.66,351.592,8.619126,1.915361,11.492168
55671359,-0.004788,-0.162806,9.844957,0.003193,0.008514,-0.002128,33.150,-3.750,107.850,25.31,22.95,97172.71,351.588,5.746084,-0.957681,15.322891
55704359,0.009577,-0.186748,9.868899,-0.004257,0.011706,0.000000,33.150,-1.500,110.400,25.22,22.95,97173.10,351.554,11.492168,-0.957681,9.576807
55737359,0.004788,-0.167594,9.844957,0.000000,0.009578,0.000000,33.600,-3.300,108.150,25.31,22.95,97173.28,351.539,6.703765,-0.957681,19.153614
55771359,0.071826,-0.153229,9.854534,-0.007450,0.014899,-0.005321,33.900,-3.750,109.350,25.07,22.95,97173.91,351.485,8.619126,5.746084,9.576807
55804359,-0.009577,-0.158017,9.830592,-0.001064,0.012771,-0.005321,34.500,-2.850,108.900,25.31,22.95,97173.19,351.547,6.703765,5.746084,14.365211
55837359,0.095768,-0.186748,9.801862,-0.004257,0.013835,0.000000,32.250,-1.650,109.050,25.31,22.95,97173.63,351.509,7.661446,-2.873042,9.576807
55871359,-0.004788,-0.172383,9.835381,0.002128,0.012771,0.002128,32.100,-2.250,108.900,25.27,22.95,97172.78,351.582,10.534488,3.830723,12.449849
55904359,0.047884,-0.162806,9.811439,-0.002128,0.010642,-0.004257,32.700,-2.400,108.450,24.98,22.95,97172.80,351.580,6.703765,7.661446,13.407530
55939564,-0.023942,-0.196325,9.840169,0.001064,0.010642,-0.003193,34.350,-3.000,107.850,24.79,22.95,97173.19,351.547,13.407530,6.703765,13.407530
55971359,-0.009577,-0.105345,9.806650,0.000000,0.009578,0.004257,33.000,-2.850,110.850,25.27,22.95,97173.56,351.515,7.661446,3.830723,9.576807
56004359,0.028730,-0.186748,9.878476,0.002128,0.014899,-0.003193,33.450,-2.100,110.550,25.31,22.95,97173.77,351.497,9.576807,6.703765,8.619126
56037359,0.047884,-0.153229,9.878476,-0.005321,0.010642,-0.003193,32.400,-1.050,109.650,25.07,22.95,97173.64,351.508,8.619126,5.746084,12.449849
56071359,0.038307,-0.177171,9.797073,-0.003193,0.013835,0.000000,32.400,-3.750,108.900,25.12,22.95,97174.14,351.465,7.661446,3.830723,17.238253
56104359,0.052672,-0.148441,9.892841,0.000000,0.011706,-0.001064,33.000,-3.150,108.750,25.22,22.95,97173.43,351.526,9.576807,8.619126,9.576807
56137359,0.057461,-0.167594,9.873688,-0.002128,0.010642,-0.001064,33.450,-2.400,108.750,25.07,22.95,97173.05,351.559,5.746084,0.957681,7.661446
56171359,0.000000,-0.205901,9.811439,0.000000,0.014899,-0.005321,32.700,-2.400,109.500,25.27,22.95,97173.20,351.546,8.619126,3.830723,8.619126
56204359,0.028730,-0.162806,9.811439,0.000000,0.011706,0.007450,32.250,-2.850,109.050,25.22,22.95,97173.84,351.491,8.619126,0.957681,13.407530
56237359,0.019154,-0.167594,9.864111,-0.003193,0.008514,-0.001064,32.400,-3.000,108.900,25.22,22.95,97174.23,351.457,8.619126,-1.915361,17.238253
56271359,-0.009577,-0.167594,9.926360,-0.002128,0.009578,0.002128,33.450,-3.150,108.750,25.31,22.95,97174.23,351.458,5.746084,1.915361,13.407530
56304359,0.009577,-0.114922,9.825804,-0.006385,0.012771,0.000000,33.750,-0.900,109.050,25.27,22.95,97174.00,351.477,12.449849,-0.957681,18.195932
56337359,0.023942,-0.138864,9.873688,-0.006385,0.012771,-0.003193,33.600,-3.750,109.950,25.22,22.95,97173.39,351.530,8.619126,6.703765,19.153614
56371359,0.033519,-0.119710,9.873688,-0.002128,0.011706,0.001064,33.600,-2.550,108.900,25.41,22.95,97173.56,351.515,11.492168,-0.957681,12.449849
56404359,0.004788,-0.196325,9.911995,0.002128,0.012771,0.001064,31.950,-2.400,109.050,25.27,22.95,97173.43,351.526,12.449849,-0.957681,15.322891
56437359,0.028730,-0.129287,9.873688,-0.003193,0.012771,-0.002128,33.150,-1.800,109.950,25.22,22.95,97172.66,351.593,4.788404,3.830723,16.280571
56471359,0.095768,-0.134075,9.864111,-0.005321,0.011706,0.001064,33.450,-2.850,109.800,25.22,22.95,97172.53,351.603,4.788404,-0.957681,12.449849
56504359,-0.047884,-0.220267,9.868899,-0.001064,0.012771,-0.001064,33.000,-2.400,108.750,25.46,22.95,97173.06,351.557,5.746084,1.915361,13.407530
56537359,0.038307,-0.201113,9.821015,-0.004257,0.010642,0.001064,32.400,-1.800,109.350,25.41,22.95,97173.39,351.530,10.534488,-2.873042,13.407530
56571706,0.038307,-0.138864,9.830592,0.000000,0.012771,-0.002128,33.600,-2.550,109.950,25.22,22.95,97173.98,351.479,10.534488,1.915361,23.942017
56604359,0.076614,-0.134075,9.844957,0.000000,0.010642,0.001064,33.900,-1.050,108.900,25.22,22.95,97174.46,351.437,9.576807,6.703765,12.449849
56637359,0.067038,-0.119710,9.854534,-0.003193,0.012771,0.003193,34.050,-3.150,109.800,25.27,22.95,97174.45,351.438,10.534488,4.788404,15.322891
56677569,0.220267,-0.014365,9.878476,0.005321,0.002128,-0.004257,33.600,-1.500,108.150,25.27,22.95,97174.01,351.476,9.576807,2.873042,7.661446
56704359,0.000000,-0.105345,9.830592,0.007450,0.001064,0.001064,33.000,-1.650,109.050,25.31,22.95,97174.02,351.475,7.661446,7.661446,8.619126
56737359,0.052672,-0.234632,9.773131,-0.003193,0.014899,0.000000,33.750,-1.200,109.500,25.27,22.95,97174.27,351.453,12.449849,3.830723,8.619126
56771364,0.038307,-0.177171,9.849746,-0.001064,0.009578,0.001064,31.500,-4.350,109.800,25.31,22.95,97174.66,351.420,8.619126,5.746084,18.195932
56804362,0.004788,-0.148441,9.859323,0.001064,0.014899,-0.002128,33.600,-3.000,109.950,25.41,22.95,97174.84,351.405,5.746084,1.915361,14.365211
56837359,0.062249,-0.181959,9.787497,0.000000,0.010642,0.000000,33.150,-1.800,109.350,25.07,22.95,97174.36,351.446,5.746084,0.000000,17.238253
56871359,0.067038,-0.129287,9.897630,-0.005321,0.009578,-0.001064,33.900,-2.250,108.900,25.31,22.95,97174.36,351.446,5.746084,9.576807,18.195932
56904359,0.000000,-0.186748,9.835381,-0.005321,0.015963,0.004257,32.100,-1.050,109.650,25.07,22.95,97174.04,351.473,10.534488,6.703765,10.534488
56937359,-0.004788,-0.181959,9.835381,0.002128,0.011706,-0.003193,33.450,-1.650,108.750,25.22,22.95,97174.47,351.437,10.534488,3.830723,14.365211
56971359,0.052672,-0.186748,9.873688,-0.002128,0.017028,-0.003193,32.400,-1.800,108.600,25.22,22.95,97173.73,351.501,7.661446,6.703765,10.534488
57004359,0.004788,-0.153229,9.907207,-0.004257,0.007450,-0.002128,34.350,-1.050,108.150,24.88,22.95,97172.99,351.564,7.661446,2.873042,11.492168
57037359,0.090980,-0.143652,9.835381,-0.005321,0.011706,-0.001064,34.050,-2.850,109.500,25.41,22.95,97173.30,351.538,9.576807,2.873042,12.449849
57071359,0.004788,-0.181959,9.849746,-0.001064,0.011706,-0.003193,32.400,-1.800,109.350,25.07,22.95,97173.09,351.555,7.661446,1.915361,5.746084
57104359,0.019154,-0.177171,9.835381,0.001064,0.015963,-0.001064,34.050,-2.100,109.050,24.98,22.95,97172.65,351.593,5.746084,-0.957681,12.449849
57137359,0.033519,-0.172383,9.883265,0.002128,0.005321,0.003193,33.450,-2.400,109.050,25.41,22.95,97172.86,351.575,10.534488,2.873042,4.788404
57171359,0.090980,-0.153229,9.878476,-0.001064,0.011706,-0.002128,34.500,-3.900,108.450,25.27,22.95,97172.77,351.583,8.619126,4.788404,9.576807
57204359,0.009577,-0.167594,9.825804,-0.001064,0.013835,0.000000,33.900,-3.300,108.900,25.31,22.95,97173.09,351.556,9.576807,3.830723,4.788404
57237359,0.076614,-0.177171,9.883265,0.003193,0.013835,-0.001064,32.100,-1.800,109.350,25.27,22.95,97172.85,351.576,6.703765,7.661446,18.195932
57271359,0.009577,-0.167594,9.897630,-0.003193,0.011706,0.001064,32.850,-2.250,109.950,25.27,22.95,97173.67,351.505,2.873042,0.957681,11.492168
57304359,0.047884,-0.172383,9.821015,-0.004257,0.013835,-0.001064,33.450,-2.100,109.800,24.98,22.95,97173.97,351.480,6.703765,1.915361,5.746084
57337359,0.110133,-0.153229,9.840169,-0.003193,0.012771,-0.003193,32.850,-3.300,109.650,25.27,22.95,97173.67,351.505,11.492168,5.746084,7.661446
57371359,0.067038,-0.186748,9.873688,-0.005321,0.014899,-0.009578,33.150,-2.550,109.350,25.12,22.95,97173.59,351.513,8.619126,2.873042,14.365211
57404359,0.047884,-0.148441,9.821015,0.003193,0.009578,0.000000,33.000,-2.850,108.450,25.31,22.95,97173.20,351.546,7.661446,-0.957681,15.322891
57437359,-0.009577,-0.172383,9.797073,-0.001064,0.008514,-0.001064,32.850,-2.250,109.650,24.88,22.95,97173.05,351.558,7.661446,7.661446,10.534488
57471359,0.019154,-0.158017,9.854534,-0.003193,0.013835,-0.003193,32.400,-1.800,109.650,25.50,22.95,97173.09,351.556,8.619126,1.915361,8.619126
57504359,0.047884,-0.167594,9.825804,-0.004257,0.012771,-0.004257,33.150,-3.300,108.150,25.27,22.95,97172.66,351.593,-0.957681,8.619126,10.534488
57537359,0.038307,-0.129287,9.888053,0.000000,0.008514,-0.004257,33.900,-2.250,109.950,24.98,22.95,97172.93,351.569,8.619126,-3.830723,15.322891
57571359,0.062249,-0.177171,9.811439,0.000000,0.011706,0.002128,34.050,-2.400,110.550,25.22,22.95,97173.74,351.499,2.873042,0.957681,15.322891
57604363,0.062249,-0.110133,9.821015,0.001064,0.010642,-0.002128,32.850,-3.300,108.150,25.22,22.95,97173.47,351.523,8.619126,6.703765,17.238253
57639684,-0.033519,-0.095768,9.797073,-0.005321,0.009578,0.000000,33.900,-2.250,108.600,25.27,22.95,97173.43,351.526,6.703765,3.830723,3.830723
57677554,-0.019154,-0.181959,9.840169,-0.005321,0.009578,-0.003193,32.850,-3.300,108.900,25.27,22.95,97173.19,351.547,6.703765,0.957681,18.195932
57704364,0.023942,-0.143652,9.840169,-0.003193,0.012771,0.000000,33.750,-1.200,110.250,25.12,22.95,97173.43,351.526,6.703765,2.873042,11.492168
57737359,0.081403,-0.162806,9.811439,0.001064,0.013835,0.000000,32.850,-3.000,109.650,25.41,22.95,97173.29,351.538,7.661446,5.746084,10.534488
57771359,0.057461,-0.181959,9.821015,-0.003193,0.011706,-0.003193,32.400,-4.500,107.850,25.22,22.95,97174.36,351.446,9.576807,-0.957681,16.280571
57804359,0.062249,-0.167594,9.864111,0.002128,0.006385,0.005321,34.500,-2.400,109.800,25.41,22.95,97174.38,351.445,6.703765,5.746084,16.280571
57837359,0.004788,-0.138864,9.878476,-0.002128,0.006385,0.001064,33.450,-2.400,108.750,25.22,22.95,97173.65,351.507,7.661446,7.661446,13.407530
57871359,0.009577,-0.138864,9.830592,0.005321,0.010642,0.002128,33.600,-1.800,108.600,25.31,22.95,97173.81,351.493,6.703765,5.746084,12.449849
57904365,0.038307,-0.225055,9.830592,-0.001064,0.009578,0.000000,32.250,-2.400,109.050,25.22,22.95,97173.38,351.530,2.873042,-0.957681,14.365211
57937359,0.038307,-0.201113,9.821015,-0.001064,0.010642,-0.004257,33.150,-3.300,109.650,25.22,22.95,97173.13,351.552,12.449849,0.000000,15.322891
57971359,0.009577,-0.177171,9.840169,-0.004257,0.014899,-0.002128,32.850,-2.250,111.150,24.93,22.95,97173.42,351.527,4.788404,-0.957681,9.576807
58004359,0.062249,-0.186748,9.830592,-0.002128,0.014899,0.001064,33.150,-1.800,110.400,25.12,22.95,97173.90,351.486,11.492168,0.957681,16.280571
58037359,0.028730,-0.119710,9.849746,-0.001064,0.013835,0.002128,33.450,-2.850,109.800,25.22,22.95,97173.84,351.491,9.576807,3.830723,15.322891
58071359,0.043096,-0.215478,9.878476,-0.004257,0.011706,0.000000,32.850,-1.800,109.350,24.93,22.95,97173.18,351.548,11.492168,0.957681,17.238253
58104359,0.004788,-0.172383,9.821015,0.001064,0.008514,-0.001064,33.450,-0.450,108.750,25.27,22.95,97172.69,351.590,4.788404,-2.873042,18.195932
58137359,0.028730,-0.186748,9.825804,-0.001064,0.010642,0.000000,33.600,-3.300,109.350,25.22,22.95,97172.50,351.606,5.746084,2.873042,12.449849
58171359,0.062249,-0.124498,9.849746,-0.003193,0.011706,0.000000,33.150,-2.250,108.600,24.98,22.95,97172.70,351.589,7.661446,3.830723,15.322891
58204359,0.000000,-0.158017,9.902418,-0.006385,0.013835,-0.004257,32.100,-2.550,109.950,25.31,22.95,97173.23,351.543,7.661446,-0.957681,9.576807
58237359,0.023942,-0.186748,9.907207,-0.002128,0.008514,0.003193,33.000,-2.850,109.500,25.31,22.95,97173.66,351.506,9.576807,5.746084,12.449849
58271359,0.134075,-0.119710,9.940725,-0.009578,0.018092,-0.003193,33.450,-3.150,109.800,25.27,22.95,97173.53,351.517,8.619126,5.746084,8.619126
58304359,0.090980,-0.148441,9.797073,-0.005321,0.014899,-0.001064,32.400,-2.250,109.650,25.41,22.95,97173.34,351.533,10.534488,1.915361,15.322891
58337359,0.062249,-0.124498,9.821015,-0.005321,0.010642,0.001064,32.400,-1.500,109.950,25.31,22.95,97173.49,351.520,5.746084,3.830723,12.449849
58371359,0.014365,-0.177171,9.816227,-0.007450,0.007450,0.000000,33.450,-2.100,109.500,25.27,22.95,97173.30,351.537,6.703765,2.873042,14.365211
58404359,-0.038307,-0.181959,9.835381,-0.002128,0.011706,0.000000,32.250,-2.850,110.250,25.22,22.95,97174.00,351.477,8.619126,1.915361,17.238253
58437359,0.004788,-0.153229,9.825804,-0.002128,0.014899,-0.001064,32.100,-1.800,109.950,25.22,22.95,97173.47,351.523,9.576807,5.746084,15.322891
58471359,-0.033519,-0.153229,9.854534,-0.003193,0.011706,0.005321,33.900,-3.300,108.600,25.12,22.95,97173.27,351.540,9.576807,-0.957681,6.703765
58504359,0.033519,-0.248997,9.811439,0.002128,0.012771,-0.001064,34.050,-2.100,108.750,25.27,22.95,97173.41,351.527,7.661446,3.830723,14.365211
58537359,0.014365,-0.201113,9.883265,0.000000,0.018092,-0.005321,31.800,-3.000,109.350,25.22,22.95,97172.94,351.568,7.661446,-1.915361,13.407530
58571702,0.004788,-0.181959,9.854534,-0.001064,0.008514,-0.003193,33.150,-3.750,109.350,25.22,22.95,97173.15,351.550,5.746084,2.873042,15.322891
58604359,0.028730,-0.162806,9.811439,-0.002128,0.013835,-0.004257,33.600,-1.800,109.650,25.27,22.95,97173.25,351.542,9.576807,6.703765,13.407530
58637359,-0.019154,-0.196325,9.821015,0.001064,0.009578,-0.003193,32.700,-3.150,109.800,25.41,22.95,97173.24,351.542,5.746084,5.746084,16.280571
58670647,0.028730,-0.153229,9.859323,0.000000,0.013835,-0.004257,33.000,-2.100,108.750,25.22,22.95,97172.55,351.602,6.703765,1.915361,17.238253
58704359,0.047884,-0.158017,9.801862,-0.008514,0.009578,-0.002128,32.700,-2.100,110.250,25.22,22.95,97173.17,351.549,9.576807,-0.957681,17.238253
58737359,-0.043096,-0.196325,9.897630,0.000000,0.010642,-0.001064,33.750,-2.100,110.250,25.22,22.95,97173.32,351.536,12.449849,8.619126,14.365211
58771359,0.086191,-0.205901,9.816227,-0.003193,0.013835,-0.002128,32.850,-3.300,109.350,25.22,22.95,97173.08,351.556,8.619126,6.703765,10.534488
58804359,0.057461,-0.124498,9.864111,-0.003193,0.011706,-0.001064,33.600,-3.000,108.900,25.07,22.95,97172.60,351.597,9.576807,4.788404,21.068975
58837359,0.052672,-0.114922,9.883265,-0.002128,0.013835,-0.007450,33.600,-3.300,109.350,25.22,22.95,97172.67,351.591,4.788404,4.788404,12.449849
58871359,0.028730,-0.196325,9.844957,0.000000,0.011706,-0.002128,33.000,-2.850,107.700,25.22,22.95,97172.38,351.617,6.703765,-0.957681,15.322891
58904359,0.028730,-0.158017,9.864111,-0.001064,0.010642,-0.001064,34.650,-2.550,108.900,25.22,22.95,97171.98,351.651,3.830723,4.788404,15.322891
58937359,0.019154,-0.191536,9.864111,0.001064,0.013835,-0.001064,32.400,-2.550,109.650,25.07,22.95,97171.60,351.684,12.449849,6.703765,14.365211
58971359,0.071826,-0.134075,9.806650,0.004257,0.010642,-0.003193,34.350,-2.550,108.600,25.12,22.95,97172.57,351.600,4.788404,3.830723,12.449849
59004359,0.081403,-0.234632,9.821015,0.000000,0.012771,0.002128,33.600,-3.000,108.900,25.22,22.95,97172.52,351.605,9.576807,1.915361,11.492168
59037359,0.023942,-0.205901,9.859323,-0.001064,0.011706,0.001064,33.750,-3.150,109.050,24.79,22.95,97173.11,351.554,4.788404,4.788404,15.322891
59071359,0.023942,-0.162806,9.777920,-0.005321,0.013835,-0.004257,32.700,-3.600,109.500,25.22,22.95,97172.73,351.586,7.661446,3.830723,19.153614
59104359,-0.004788,-0.158017,9.825804,-0.005321,0.009578,-0.005321,33.900,-1.800,108.900,25.27,22.95,97172.71,351.588,5.746084,0.957681,13.407530
59137359,0.076614,-0.158017,9.830592,-0.002128,0.008514,-0.001064,32.850,-2.550,109.350,25.12,22.95,97173.55,351.516,4.788404,7.661446,19.153614
59171359,0.014365,-0.186748,9.864111,0.000000,0.007450,-0.001064,34.350,-3.000,109.650,25.31,22.95,97173.22,351.544,3.830723,-0.957681,12.449849
59204359,0.090980,-0.162806,9.840169,-0.004257,0.011706,-0.003193,33.750,-2.400,108.450,25.27,22.95,97172.81,351.579,8.619126,2.873042,17.238253
59237359,0.119710,-0.205901,9.868899,-0.003193,0.010642,-0.004257,32.250,-0.900,109.500,25.27,22.95,97173.65,351.507,8.619126,5.746084,13.407530
59271359,0.052672,-0.119710,9.873688,-0.002128,0.010642,0.002128,34.350,-3.750,110.400,25.12,22.95,97173.46,351.523,4.788404,6.703765,13.407530
59304359,0.081403,-0.172383,9.859323,-0.002128,0.008514,0.006385,32.850,-3.000,109.650,25.41,22.95,97173.91,351.485,8.619126,0.957681,12.449849
59337359,0.052672,-0.186748,9.830592,0.000000,0.013835,-0.005321,33.150,-2.250,108.900,25.07,22.95,97173.48,351.522,7.661446,1.915361,11.492168
59371359,-0.009577,-0.167594,9.816227,-0.005321,0.006385,-0.004257,32.700,-3.600,109.500,25.22,22.95,97173.66,351.506,6.703765,5.746084,9.576807
59404359,0.047884,-0.134075,9.854534,0.000000,0.010642,0.001064,33.450,-3.150,109.500,24.98,22.95,97172.79,351.581,9.576807,2.873042,12.449849
59437359,-0.004788,-0.158017,9.835381,-0.002128,0.010642,-0.005321,33.150,-3.300,109.950,25.41,22.95,97172.50,351.606,6.703765,7.661446,8.619126
59471359,-0.014365,-0.172383,9.835381,0.000000,0.010642,0.000000,33.750,-1.650,108.750,24.93,22.95,97172.63,351.595,5.746084,0.000000,16.280571
59504359,0.100556,-0.143652,9.859323,-0.003193,0.018092,-0.007450,32.850,-1.500,109.650,25.27,22.95,97173.36,351.532,11.492168,-2.873042,9.576807
59537359,0.047884,-0.196325,9.873688,0.000000,0.007450,-0.006385,31.950,-2.400,109.050,25.22,22.95,97172.64,351.594,13.407530,5.746084,17.238253
59571359,0.000000,-0.153229,9.854534,-0.001064,0.010642,-0.001064,33.900,-2.550,108.600,24.93,22.95,97173.29,351.538,2.873042,3.830723,17.238253
59604359,0.047884,-0.191536,9.844957,-0.003193,0.011706,0.000000,33.150,-2.250,108.150,25.31,22.95,97173.84,351.491,7.661446,3.830723,9.576807
59638464,-0.009577,-0.158017,9.868899,-0.005321,0.009578,0.000000,33.000,-2.400,108.450,25.07,22.95,97174.20,351.460,11.492168,0.957681,8.619126
59671359,0.033519,-0.148441,9.840169,-0.005321,0.007450,-0.002128,31.800,-2.250,108.900,25.12,22.95,97173.55,351.516,10.534488,5.746084,17.238253
59704359,0.019154,-0.167594,9.873688,0.001064,0.012771,0.000000,32.400,-1.500,108.600,25.31,22.95,97173.78,351.496,10.534488,-0.957681,10.534488
59737359,0.052672,-0.186748,9.878476,-0.003193,0.012771,-0.001064,31.950,-2.850,110.250,25.12,22.95,97173.35,351.533,7.661446,7.661446,10.534488
59771359,0.023942,-0.167594,9.840169,0.000000,0.012771,-0.001064,33.750,-3.900,109.500,25.12,22.95,97173.36,351.532,12.449849,5.746084,16.280571
59804359,0.114922,-0.143652,9.801862,0.001064,0.009578,-0.003193,32.850,-3.300,110.400,25.07,22.95,97173.47,351.523,9.576807,-0.957681,11.492168
59837359,0.057461,-0.162806,9.801862,0.000000,0.006385,-0.001064,32.850,-2.250,109.350,25.41,22.95,97172.72,351.588,12.449849,3.830723,15.322891
59871359,0.004788,-0.129287,9.854534,-0.005321,0.011706,0.003193,33.600,-2.250,109.350,25.27,22.95,97173.20,351.546,5.746084,5.746084,13.407530
59904359,0.004788,-0.143652,9.801862,-0.003193,0.010642,0.002128,35.250,-3.150,109.050,25.22,22.95,97173.82,351.492,5.746084,3.830723,0.000000
59937359,0.043096,-0.148441,9.883265,-0.002128,0.015963,-0.001064,33.150,-1.800,108.150,25.22,22.95,97173.20,351.545,4.788404,11.492168,16.280571
59971359,0.019154,-0.119710,9.844957,-0.001064,0.009578,-0.005321,35.250,-1.650,110.250,25.41,22.95,97173.20,351.546,8.619126,9.576807,12.449849
60004359,0.076614,-0.210690,9.849746,-0.001064,0.011706,0.000000,33.600,-1.800,109.350,24.79,22.95,97172.48,351.608,5.746084,5.746084,15.322891
60037359,0.004788,-0.162806,9.835381,0.000000,0.011706,0.001064,34.050,-2.100,110.550,25.41,22.95,97172.45,351.611,9.576807,-0.957681,13.407530
60071359,0.047884,-0.191536,9.844957,-0.004257,0.014899,-0.004257,32.400,-3.000,109.950,25.22,22.95,97172.16,351.636,10.534488,2.873042,9.576807
60104359,0.052672,-0.148441,9.821015,-0.007450,0.018092,-0.001064,33.600,-1.050,108.900,24.98,22.95,97172.47,351.609,8.619126,1.915361,12.449849
60137359,0.004788,-0.153229,9.821015,-0.005321,0.006385,-0.005321,32.250,-2.100,108.450,25.27,22.95,97172.42,351.613,10.534488,2.873042,15.322891
60171359,0.014365,-0.177171,9.878476,0.002128,0.011706,-0.006385,32.400,-1.800,109.950,25.31,22.95,97172.91,351.571,11.492168,-0.957681,13.407530
60204359,0.014365,-0.186748,9.782708,0.000000,0.006385,-0.001064,32.850,-2.250,109.950,25.27,22.95,97173.48,351.521,7.661446,-0.957681,15.322891
60237359,0.038307,-0.158017,9.801862,-0.002128,0.009578,0.001064,34.050,-2.850,110.850,25.50,22.95,97173.38,351.531,9.576807,5.746084,14.365211
60271359,-0.057461,-0.162806,9.811439,-0.006385,0.010642,0.006385,32.850,-3.300,109.650,25.31,22.95,97172.67,351.591,8.619126,6.703765,5.746084
60304359,0.067038,-0.191536,9.835381,-0.001064,0.011706,-0.002128,32.700,-1.650,109.800,25.22,22.95,97172.89,351.572,7.661446,3.830723,7.661446
60337359,0.043096,-0.191536,9.883265,0.003193,0.012771,-0.006385,32.700,-2.400,109.050,25.41,22.95,97172.36,351.618,9.576807,8.619126,10.534488
60371359,0.004788,-0.172383,9.840169,0.001064,0.011706,-0.001064,33.450,-1.200,109.050,25.27,22.95,97172.09,351.641,9.576807,5.746084,8.619126
60404359,0.019154,-0.215478,9.859323,-0.004257,0.008514,0.000000,32.700,-2.100,108.750,25.31,22.95,97172.58,351.600,7.661446,5.746084,15.322891
60437359,0.009577,-0.186748,9.825804,-0.002128,0.012771,0.001064,33.000,-2.100,110.250,25.07,22.95,97173.13,351.552,6.703765,-0.957681,19.153614
60471359,0.014365,-0.186748,9.821015,-0.003193,0.008514,-0.001064,34.350,-1.800,108.600,25.22,22.95,97173.04,351.559,5.746084,1.915361,10.534488
60504359,0.023942,-0.148441,9.835381,-0.001064,0.010642,0.001064,33.150,-1.800,109.350,25.12,22.95,97171.90,351.658,4.788404,-0.957681,21.068975
60537359,0.023942,-0.186748,9.859323,0.001064,0.012771,-0.003193,33.750,-2.100,109.800,25.07,22.95,97172.63,351.595,6.703765,0.957681,10.534488
60571634,0.110133,-0.148441,9.854534,-0.002128,0.014899,0.000000,33.450,-2.100,110.850,25.31,22.95,97173.37,351.532,1.915361,4.788404,7.661446
60604359,0.019154,-0.134075,9.897630,-0.005321,0.012771,-0.005321,32.250,-3.150,108.750,25.41,22.95,97173.35,351.533,7.661446,-2.873042,19.153614
60637359,0.062249,-0.162806,9.835381,-0.002128,0.012771,-0.008514,34.050,-2.850,109.800,25.07,22.95,97172.98,351.564,10.534488,-1.915361,19.153614
60671359,-0.004788,-0.138864,9.835381,-0.001064,0.013835,0.000000,33.450,-3.900,109.500,25.31,22.95,97173.07,351.557,5.746084,3.830723,13.407530
60704359,0.038307,-0.158017,9.859323,-0.003193,0.011706,-0.004257,34.500,-3.600,109.050,25.27,22.95,97173.55,351.515,8.619126,17.238253,16.280571
60737359,0.043096,-0.143652,9.883265,0.000000,0.008514,-0.001064,32.400,-3.300,109.950,25.07,22.95,97174.12,351.467,6.703765,-0.957681,16.280571
60771359,0.004788,-0.220267,9.864111,-0.002128,0.018092,-0.003193,33.900,-1.800,109.950,25.41,22.95,97173.23,351.543,6.703765,2.873042,14.365211
60804367,0.076614,-0.215478,9.897630,-0.002128,0.012771,-0.003193,33.600,-3.300,110.400,25.12,22.95,97173.45,351.525,10.534488,1.915361,12.449849
60837359,0.028730,-0.177171,9.806650,-0.001064,0.007450,-0.003193,31.950,-2.100,109.500,25.07,22.95,97173.48,351.522,7.661446,7.661446,11.492168
60871359,0.033519,-0.167594,9.849746,0.000000,0.009578,-0.002128,33.900,-2.250,109.350,25.31,22.95,97173.11,351.554,9.576807,3.830723,11.492168
60904359,0.052672,-0.220267,9.868899,0.001064,0.009578,-0.004257,32.400,-1.800,109.650,25.31,22.95,97172.77,351.583,8.619126,9.576807,12.449849
60937359,0.081403,-0.138864,9.873688,-0.005321,0.010642,-0.001064,34.050,-3.600,109.050,25.12,22.95,97174.10,351.468,7.661446,-0.957681,15.322891
60971359,0.038307,-0.158017,9.864111,0.000000,0.011706,0.004257,33.150,-3.000,109.650,24.93,22.95,97173.32,351.536,13.407530,-0.957681,15.322891
61004359,0.076614,-0.153229,9.844957,-0.002128,0.009578,-0.001064,31.950,-3.150,108.750,25.41,22.95,97172.97,351.566,9.576807,2.873042,18.195932
61037359,-0.047884,-0.114922,9.844957,-0.001064,0.007450,-0.002128,33.000,-1.650,109.800,25.27,22.95,97173.44,351.525,6.703765,-0.957681,17.238253
61071359,0.043096,-0.148441,9.878476,0.000000,0.013835,-0.005321,32.100,-2.250,109.950,25.27,22.95,97172.73,351.587,10.534488,5.746084,11.492168
61104359,0.023942,-0.129287,9.821015,-0.003193,0.008514,0.001064,33.450,-3.150,110.550,25.41,22.95,97172.91,351.570,5.746084,6.703765,11.492168
61137359,-0.009577,-0.205901,9.854534,-0.004257,0.010642,-0.002128,32.700,-1.650,110.550,25.41,22.95,97173.52,351.518,7.661446,1.915361,14.365211
61171364,0.062249,-0.153229,9.825804,0.000000,0.010642,0.001064,33.000,-2.850,108.750,24.79,22.95,97174.05,351.473,7.661446,5.746084,20.111294
61204359,0.028730,-0.177171,9.821015,0.001064,0.012771,0.001064,32.850,-3.000,109.650,25.31,22.95,97173.52,351.518,12.449849,-0.957681,6.703765
61237359,0.033519,-0.124498,9.844957,-0.004257,0.019156,-0.001064,33.450,-2.850,108.450,25.41,22.95,97172.92,351.569,2.873042,3.830723,15.322891
61271359,0.009577,-0.158017,9.844957,-0.001064,0.011706,-0.001064,32.100,-2.250,108.600,25.31,22.95,97172.47,351.609,8.619126,8.619126,15.322891
61304359,0.014365,-0.172383,9.868899,-0.004257,0.010642,-0.004257,32.250,-2.850,110.250,25.27,22.95,97172.41,351.614,8.619126,0.957681,8.619126
61337359,-0.047884,-0.239420,9.883265,0.002128,0.015963,-0.001064,33.900,-2.550,109.350,25.50,22.95,97173.15,351.550,5.746084,15.322891,11.492168
61371359,0.009577,-0.172383,9.859323,-0.002128,0.012771,-0.007450,32.700,-1.200,109.050,25.22,22.95,97173.52,351.518,9.576807,-0.957681,7.661446
61404359,0.004788,-0.177171,9.849746,-0.003193,0.009578,-0.005321,32.850,-2.250,108.600,25.12,22.95,97172.97,351.566,5.746084,5.746084,9.576807
61437359,-0.019154,-0.186748,9.840169,-0.001064,0.014899,-0.003193,31.350,-3.000,109.350,25.27,22.95,97172.78,351.582,10.534488,10.534488,12.449849
61471359,0.086191,-0.191536,9.844957,-0.004257,0.011706,-0.005321,33.600,-2.550,109.650,25.22,22.95,97172.70,351.589,5.746084,2.873042,9.576807
61504359,0.071826,-0.196325,9.844957,-0.003193,0.011706,0.002128,33.450,-1.650,109.800,24.98,22.95,97173.09,351.555,3.830723,5.746084,11.492168
61537359,0.000000,-0.158017,9.816227,-0.005321,0.018092,0.000000,33.750,-1.650,109.500,25.31,22.95,97172.82,351.579,16.280571,2.873042,13.407530
61571359,0.004788,-0.191536,9.825804,-0.006385,0.013835,-0.002128,31.800,-2.250,109.350,25.27,22.95,97173.25,351.542,7.661446,5.746084,15.322891
61604359,0.067038,-0.201113,9.878476,0.000000,0.014899,0.002128,33.150,-1.500,109.650,24.93,22.95,97173.93,351.483,5.746084,-5.746084,8.619126
61638277,0.000000,-0.134075,9.835381,-0.002128,0.010642,0.002128,33.000,-1.200,108.450,25.22,22.95,97173.82,351.492,11.492168,4.788404,12.449849
61671359,0.019154,-0.177171,9.926360,-0.005321,0.013835,-0.002128,34.500,-3.150,108.750,25.41,22.95,97174.10,351.468,7.661446,-0.957681,23.942017
61704359,0.033519,-0.210690,9.840169,0.000000,0.010642,0.002128,33.450,-3.150,110.250,25.07,22.95,97174.43,351.440,4.788404,6.703765,13.407530
61737359,-0.023942,-0.191536,9.844957,0.000000,0.008514,-0.002128,33.600,-0.750,108.900,25.46,22.95,97173.84,351.491,7.661446,3.830723,12.449849
61771359,0.067038,-0.158017,9.835381,0.000000,0.015963,-0.005321,31.950,-2.850,109.500,25.27,22.95,97174.21,351.459,10.534488,5.746084,9.576807
61804359,0.033519,-0.158017,9.806650,-0.003193,0.007450,-0.002128,33.600,-1.800,109.650,25.07,22.95,97174.03,351.474,5.746084,-0.957681,17.238253
61837359,0.067038,-0.153229,9.907207,-0.002128,0.012771,0.004257,34.800,-2.100,108.750,25.31,22.95,97173.80,351.494,6.703765,3.830723,2.873042
61871359,0.023942,-0.167594,9.768343,-0.004257,0.008514,-0.001064,33.000,-3.150,106.950,25.46,22.95,97174.37,351.446,9.576807,-1.915361,12.449849
61904359,0.038307,-0.172383,9.840169,-0.006385,0.010642,-0.001064,33.750,-1.650,110.850,25.31,22.95,97174.48,351.436,8.619126,7.661446,18.195932
61937359,0.095768,-0.162806,9.811439,-0.006385,0.014899,-0.004257,32.700,-2.100,108.450,25.46,22.95,97173.77,351.497,10.534488,1.915361,16.280571
61971359,0.047884,-0.205901,9.825804,0.000000,0.013835,-0.001064,32.400,-3.750,108.600,25.12,22.95,97173.77,351.497,9.576807,2.873042,15.322891
62004359,0.023942,-0.153229,9.811439,0.001064,0.015963,-0.005321,33.150,-3.000,110.400,25.22,22.95,97173.70,351.503,5.746084,3.830723,13.407530
62037359,0.110133,-0.143652,9.868899,-0.006385,0.014899,-0.003193,33.900,-2.250,109.950,25.12,22.95,97174.23,351.458,2.873042,6.703765,13.407530
62071359,0.009577,-0.148441,9.835381,0.005321,0.009578,-0.004257,33.750,-0.900,108.000,25.22,22.95,97173.78,351.496,12.449849,-0.957681,15.322891
62104359,-0.047884,-0.196325,9.864111,-0.002128,0.014899,0.001064,33.150,-3.000,108.900,25.12,22.95,97172.73,351.586,4.788404,6.703765,12.449849
62137359,0.043096,-0.153229,9.849746,-0.001064,0.013835,-0.003193,32.700,-2.400,108.750,25.27,22.95,97173.84,351.491,5.746084,5.746084,18.195932
62171359,0.119710,-0.114922,9.873688,-0.004257,0.014899,-0.001064,33.750,-2.850,109.500,25.12,22.95,97173.31,351.536,4.788404,8.619126,17.238253
62204359,0.028730,-0.234632,9.859323,-0.007450,0.006385,-0.005321,33.450,-0.900,109.500,25.27,22.95,97173.41,351.528,9.576807,5.746084,10.534488
62237359,0.028730,-0.234632,9.844957,-0.003193,0.008514,0.002128,33.450,-1.200,109.050,24.93,22.95,97172.96,351.566,4.788404,4.788404,8.619126
62271359,0.057461,-0.158017,9.840169,-0.003193,0.008514,-0.002128,33.450,-3.150,109.800,25.07,22.95,97172.69,351.590,7.661446,3.830723,7.661446
62304359,0.043096,-0.215478,9.830592,-0.002128,0.010642,-0.006385,31.950,-1.650,109.500,25.22,22.95,97173.04,351.559,6.703765,2.873042,7.661446
62337359,0.071826,-0.225055,9.873688,-0.004257,0.008514,0.002128,32.700,-0.900,109.500,25.07,22.95,97173.19,351.547,6.703765,-0.957681,10.534488
62371359,0.019154,-0.220267,9.830592,0.000000,0.012771,0.000000,32.400,-1.500,108.900,25.31,22.95,97173.55,351.515,8.619126,7.661446,13.407530
62404359,0.019154,-0.177171,9.859323,-0.003193,0.014899,-0.004257,32.850,-1.500,109.950,25.46,22.95,97173.85,351.490,9.576807,-1.915361,8.619126
62437359,0.071826,-0.148441,9.835381,0.000000,0.010642,-0.003193,33.900,-0.750,107.850,25.27,22.95,97173.98,351.479,0.957681,10.534488,12.449849
62471359,0.081403,-0.162806,9.854534,-0.001064,0.011706,-0.006385,33.000,-3.600,108.750,24.98,22.95,97174.20,351.460,11.492168,-0.957681,12.449849
62504359,0.033519,-0.201113,9.801862,-0.004257,0.011706,0.002128,33.450,-2.850,109.800,25.31,22.95,97174.20,351.460,2.873042,7.661446,13.407530
62537359,0.014365,-0.167594,9.844957,0.001064,0.006385,-0.005321,33.000,-0.900,108.750,25.22,22.95,97173.98,351.479,7.661446,3.830723,15.322891
62571446,-0.014365,-0.114922,9.864111,-0.002128,0.009578,0.000000,34.350,-1.050,108.150,25.07,22.95,97174.98,351.393,8.619126,2.873042,8.619126
62604359,0.090980,-0.124498,9.878476,0.000000,0.009578,-0.002128,33.900,-3.000,109.350,25.22,22.95,97174.78,351.410,11.492168,1.915361,11.492168
62637359,0.014365,-0.181959,9.849746,0.000000,0.010642,-0.003193,33.900,-1.800,109.350,25.27,22.95,97175.04,351.388,5.746084,-0.957681,12.449849
62684781,0.023942,-0.143652,9.868899,-0.003193,0.013835,-0.001064,33.000,-2.100,108.450,25.31,22.95,97175.04,351.388,8.619126,6.703765,11.492168
62708342,0.081403,-0.177171,9.859323,0.002128,0.007450,0.000000,34.050,-2.400,109.050,25.12,22.95,97174.52,351.432,9.576807,5.746084,14.365211
62737936,0.043096,-0.153229,9.864111,-0.004257,0.013835,-0.002128,32.700,-2.400,110.250,25.22,22.95,97173.87,351.489,7.661446,3.830723,8.619126
62771359,0.047884,-0.201113,9.854534,-0.003193,0.015963,-0.002128,32.850,-2.550,109.350,25.22,22.95,97173.60,351.511,8.619126,0.000000,16.280571
62804359,-0.119710,-0.210690,9.955091,-0.011706,0.017028,0.000000,33.600,-3.000,107.550,25.27,22.95,97173.68,351.504,7.661446,5.746084,16.280571
62837359,0.067038,-0.177171,9.911995,0.005321,0.007450,-0.005321,32.250,-2.400,109.800,25.27,22.95,97173.47,351.523,10.534488,-0.957681,15.322891
62871359,0.138864,-0.134075,9.816227,-0.007450,0.014899,-0.001064,32.250,-1.200,108.450,25.27,22.95,97173.57,351.514,9.576807,3.830723,13.407530
62904359,0.071826,-0.148441,9.859323,-0.004257,0.012771,-0.001064,33.600,-2.250,109.650,25.27,22.95,97173.44,351.525,8.619126,7.661446,11.492168
62937359,0.057461,-0.196325,9.864111,-0.006385,0.017028,-0.001064,33.150,-3.000,109.350,25.31,22.95,97173.34,351.535,4.788404,-0.957681,8.619126
62971359,0.028730,-0.215478,9.868899,0.004257,0.008514,0.000000,33.150,-3.000,108.900,25.31,22.95,97174.34,351.448,7.661446,0.957681,11.492168
63004359,0.028730,-0.191536,9.792285,0.001064,0.010642,-0.002128,33.900,-2.250,110.700,24.98,22.95,97174.12,351.467,7.661446,5.746084,12.449849
63037359,0.033519,-0.162806,9.888053,0.004257,0.012771,-0.002128,33.750,-2.400,108.000,25.31,22.95,97173.81,351.493,8.619126,6.703765,15.322891
63071359,0.100556,-0.186748,9.859323,-0.008514,0.011706,0.001064,33.000,-2.100,109.500,25.31,22.95,97174.01,351.476,6.703765,2.873042,6.703765
63104359,0.062249,-0.177171,9.806650,-0.004257,0.012771,-0.004257,33.750,-1.200,108.450,25.07,22.95,97174.27,351.453,4.788404,4.788404,17.238253
63137359,0.019154,-0.167594,9.821015,-0.002128,0.010642,0.000000,34.050,-3.150,108.450,25.31,22.95,97174.44,351.439,4.788404,2.873042,4.788404
63171359,-0.043096,-0.191536,9.940725,0.011706,0.007450,-0.002128,33.450,-2.400,108.000,25.22,22.95,97174.02,351.475,4.788404,7.661446,18.195932
63204359,0.028730,-0.229843,9.916783,0.003193,0.009578,-0.001064,33.000,-2.100,109.500,24.98,22.95,97173.78,351.496,9.576807,5.746084,12.449849
63237359,0.043096,-0.172383,9.921572,0.001064,0.012771,-0.002128,33.150,-1.500,109.950,25.27,22.95,97174.25,351.455,10.534488,6.703765,11.492168
63271359,0.038307,-0.124498,9.849746,0.002128,0.011706,-0.002128,33.600,-2.850,110.250,25.27,22.95,97174.73,351.414,7.661446,-0.957681,16.280571
63304359,-0.019154,-0.215478,9.859323,-0.001064,0.013835,-0.001064,34.500,-2.100,108.750,25.27,22.95,97173.89,351.487,10.534488,0.957681,9.576807
63337359,0.062249,-0.186748,9.854534,-0.003193,0.011706,0.002128,31.950,-1.200,110.250,25.31,22.95,97174.41,351.442,1.915361,-0.957681,10.534488
63371359,0.019154,-0.167594,9.854534,0.002128,0.015963,0.000000,33.150,-1.500,108.600,25.12,22.95,97174.26,351.455,7.661446,7.661446,13.407530
63404359,0.114922,-0.129287,9.830592,-0.001064,0.009578,-0.003193,32.250,-2.100,108.750,25.22,22.95,97173.60,351.511,6.703765,9.576807,11.492168
63437359,-0.043096,-0.162806,9.888053,0.002128,0.010642,-0.001064,32.700,-2.850,109.500,25.27,22.95,97173.90,351.486,8.619126,3.830723,8.619126
63471359,0.038307,-0.134075,9.878476,-0.003193,0.011706,0.001064,33.000,-2.850,109.800,25.27,22.95,97173.07,351.557,4.788404,7.661446,14.365211
63504359,-0.009577,-0.158017,9.849746,0.001064,0.010642,0.000000,32.700,-1.650,108.750,25.31,22.95,97173.37,351.532,2.873042,-0.957681,15.322891
63537359,0.019154,-0.138864,9.797073,-0.001064,0.011706,-0.001064,33.450,-2.850,108.450,24.98,22.95,97173.50,351.520,4.788404,4.788404,14.365211
63571359,0.071826,-0.138864,9.864111,-0.004257,0.010642,0.000000,33.150,-2.550,107.850,25.27,22.95,97173.28,351.539,12.449849,2.873042,14.365211
63604359,0.062249,-0.196325,9.821015,0.000000,0.011706,-0.006385,33.000,-3.600,109.800,25.22,22.95,97173.26,351.541,7.661446,2.873042,7.661446
63638384,0.043096,-0.148441,9.821015,0.000000,0.012771,-0.002128,33.600,-3.000,108.600,24.88,22.95,97173.13,351.552,2.873042,2.873042,17.238253
63671359,-0.038307,-0.138864,9.868899,0.000000,0.012771,-0.005321,31.950,-3.150,109.500,25.22,22.95,97173.56,351.515,11.492168,0.957681,16.280571
63704359,0.019154,-0.148441,9.907207,-0.002128,0.007450,0.004257,33.750,-3.600,108.750,25.12,22.95,97172.75,351.585,3.830723,-2.873042,13.407530
63737359,0.047884,-0.162806,9.835381,-0.001064,0.012771,-0.003193,34.500,-2.850,109.500,24.98,22.95,97173.09,351.555,7.661446,6.703765,13.407530
63771359,0.052672,-0.172383,9.830592,-0.001064,0.009578,0.002128,33.450,-2.400,108.450,25.31,22.95,97172.84,351.577,9.576807,7.661446,15.322891
63804359,0.071826,-0.181959,9.902418,-0.002128,0.011706,-0.002128,32.100,-2.250,108.600,25.31,22.95,97173.91,351.485,11.492168,3.830723,9.576807
63837359,0.019154,-0.191536,9.830592,-0.003193,0.013835,0.002128,34.350,-2.250,109.950,25.22,22.95,97173.59,351.513,8.619126,-0.957681,17.238253
63871359,0.038307,-0.158017,9.816227,0.001064,0.012771,0.001064,33.600,-1.500,110.700,25.12,22.95,97172.91,351.571,10.534488,2.873042,11.492168
63904359,0.014365,-0.148441,9.830592,-0.002128,0.010642,-0.006385,33.750,-0.900,109.500,25.46,22.95,97172.37,351.617,12.449849,-2.873042,16.280571
63937359,0.009577,-0.191536,9.883265,-0.001064,0.007450,0.002128,32.250,-2.400,109.500,25.22,22.95,97172.08,351.643,6.703765,-0.957681,7.661446
63971359,0.038307,-0.114922,9.911995,-0.002128,0.011706,-0.001064,33.750,-2.400,109.050,24.98,22.95,97172.37,351.617,6.703765,2.873042,13.407530
64004359,0.014365,-0.181959,9.854534,-0.003193,0.008514,-0.005321,33.600,-2.250,109.650,25.22,22.95,97173.41,351.527,9.576807,4.788404,16.280571
64037359,0.081403,-0.177171,9.840169,-0.007450,0.009578,-0.002128,32.400,-2.250,108.600,25.27,22.95,97173.80,351.494,7.661446,1.915361,9.576807
64076599,0.028730,-0.205901,9.801862,0.001064,0.007450,0.001064,34.350,-2.550,109.950,24.93,22.95,97172.99,351.564,9.576807,3.830723,9.576807
64104359,0.086191,-0.172383,9.816227,-0.002128,0.011706,-0.001064,33.000,-2.400,109.800,25.31,22.95,97172.66,351.592,9.576807,-0.957681,13.407530
64137359,-0.009577,-0.167594,9.821015,-0.001064,0.009578,-0.001064,32.250,-2.400,108.750,25.22,22.95,97172.58,351.600,5.746084,6.703765,2.873042
64171359,-0.028730,-0.186748,10.060435,-0.011706,0.018092,-0.006385,33.150,-3.750,108.900,25.07,22.95,97172.47,351.609,2.873042,7.661446,15.322891
64204359,0.138864,-0.119710,9.792285,-0.004257,0.019156,-0.002128,34.800,-2.100,109.800,25.22,22.95,97172.87,351.574,5.746084,3.830723,10.534488
64237359,0.076614,-0.129287,9.888053,-0.005321,0.014899,-0.001064,32.700,-2.400,109.050,25.27,22.95,97172.84,351.577,4.788404,6.703765,8.619126
64271359,0.028730,-0.158017,9.825804,-0.004257,0.011706,-0.003193,33.450,-3.900,108.450,25.27,22.95,97173.12,351.553,13.407530,0.957681,17.238253
64304359,-0.014365,-0.181959,9.888053,-0.004257,0.012771,0.003193,34.350,-3.000,108.900,25.22,22.95,97172.41,351.614,12.449849,-0.957681,12.449849
64337359,0.038307,-0.229843,9.864111,-0.007450,0.011706,-0.003193,33.000,-2.400,108.750,25.07,22.95,97173.34,351.535,12.449849,2.873042,17.238253
64371359,0.004788,-0.210690,9.782708,-0.001064,0.007450,-0.002128,33.450,-2.850,109.500,25.22,22.95,97174.02,351.475,7.661446,-3.830723,17.238253
64405339,0.110133,-0.167594,9.859323,-0.001064,0.015963,-0.005321,33.450,-1.650,110.250,25.46,22.95,97173.34,351.533,12.449849,6.703765,16.280571
64437359,0.004788,-0.177171,9.844957,-0.002128,0.015963,-0.001064,33.450,-2.100,110.250,25.22,22.95,97173.41,351.527,7.661446,3.830723,17.238253
64471359,0.028730,-0.186748,9.859323,0.001064,0.012771,0.003193,33.900,-2.250,108.600,25.41,22.95,97174.19,351.461,4.788404,1.915361,9.576807
64504359,0.033519,-0.172383,9.878476,0.001064,0.010642,-0.004257,33.150,-2.550,108.600,24.98,22.95,97174.31,351.450,7.661446,8.619126,14.365211
64537359,0.023942,-0.181959,9.849746,-0.005321,0.013835,0.001064,32.100,-3.300,108.900,25.12,22.95,97174.43,351.440,5.746084,5.746084,10.534488
64572069,0.043096,-0.105345,9.825804,-0.001064,0.019156,-0.005321,32.250,-2.100,109.500,25.31,22.95,97174.88,351.401,5.746084,4.788404,14.365211
64604359,-0.009577,-0.153229,9.859323,0.001064,0.007450,-0.002128,32.400,-3.000,107.850,25.22,22.95,97174.32,351.449,3.830723,4.788404,16.280571
64637359,0.014365,-0.210690,9.806650,0.000000,0.010642,0.000000,32.700,-2.100,109.800,25.22,22.95,97174.16,351.463,5.746084,11.492168,9.576807
64670954,0.014365,-0.205901,9.797073,-0.006385,0.015963,-0.002128,33.600,-3.750,108.150,25.22,22.95,97174.49,351.435,8.619126,-3.830723,14.365211
64704359,0.110133,-0.124498,9.744401,0.000000,0.014899,0.000000,33.750,-3.150,109.500,24.93,22.95,97174.64,351.422,4.788404,6.703765,9.576807
64737359,0.052672,-0.186748,9.849746,-0.003193,0.009578,-0.002128,33.750,-2.400,109.800,25.12,22.95,97174.53,351.432,3.830723,5.746084,16.280571
64771359,0.038307,-0.177171,9.892841,0.000000,0.015963,-0.001064,33.900,-2.550,110.400,25.41,22.95,97173.72,351.501,3.830723,2.873042,15.322891
64804359,-0.038307,-0.100556,9.864111,0.001064,0.009578,-0.001064,32.700,-2.400,108.450,25.27,22.95,97173.41,351.528,8.619126,-1.915361,22.026655
64837359,0.023942,-0.158017,9.926360,-0.002128,0.011706,-0.002128,32.850,-2.250,107.850,25.27,22.95,97173.41,351.528,8.619126,2.873042,16.280571
64871359,0.047884,-0.105345,9.854534,0.001064,0.010642,-0.001064,33.000,-1.650,109.500,25.22,22.95,97173.84,351.490,4.788404,8.619126,10.534488
64904359,0.095768,-0.186748,9.878476,-0.001064,0.013835,-0.005321,32.850,-1.500,108.600,25.12,22.95,97173.94,351.483,4.788404,6.703765,11.492168
64937359,-0.019154,-0.124498,9.840169,-0.001064,0.010642,-0.001064,32.850,-2.550,109.650,25.27,22.95,97173.33,351.535,9.576807,7.661446,7.661446
64971359,-0.019154,-0.177171,9.806650,-0.001064,0.014899,-0.003193,32.700,-1.650,109.050,25.27,22.95,97173.84,351.490,9.576807,3.830723,13.407530
65004359,-0.014365,-0.177171,9.825804,0.002128,0.011706,0.004257,32.850,-2.550,109.650,25.22,22.95,97173.84,351.490,0.957681,1.915361,15.322891
65037359,-0.052672,-0.263362,9.926360,-0.013835,0.023413,0.002128,33.450,-3.150,107.700,25.22,22.95,97173.66,351.506,9.576807,3.830723,14.365211
65071365,0.143652,-0.086191,9.873688,0.002128,0.010642,-0.003193,32.700,-1.650,109.050,25.46,22.95,97173.63,351.509,8.619126,7.661446,15.322891
65104359,0.071826,-0.181959,9.835381,-0.004257,0.018092,-0.006385,33.450,-3.600,108.450,25.41,22.95,97172.99,351.564,8.619126,-0.957681,12.449849
65137359,0.023942,-0.143652,9.864111,-0.003193,0.014899,-0.002128,32.850,-3.750,108.600,24.98,22.95,97173.02,351.562,9.576807,3.830723,16.280571
65171359,0.038307,-0.172383,9.825804,0.000000,0.012771,-0.003193,33.150,-3.300,108.900,25.27,22.95,97173.38,351.531,2.873042,4.788404,8.619126
65204359,0.014365,-0.210690,9.830592,-0.003193,0.010642,0.001064,33.600,-2.250,108.600,25.31,22.95,97173.58,351.513,13.407530,1.915361,19.153614
65237359,0.009577,-0.134075,9.821015,-0.003193,0.012771,-0.002128,33.750,-1.650,108.450,25.12,22.95,97173.70,351.503,6.703765,-0.957681,16.280571
65271359,0.009577,-0.177171,9.825804,0.002128,0.015963,0.000000,31.800,-1.800,109.650,25.22,22.95,97173.80,351.494,7.661446,7.661446,13.407530
65307191,0.047884,-0.234632,9.873688,-0.004257,0.011706,-0.002128,32.400,-2.550,110.400,25.22,22.95,97173.57,351.514,12.449849,-0.957681,6.703765
65337359,0.043096,-0.196325,9.835381,-0.001064,0.011706,0.001064,33.150,-2.550,108.600,25.50,22.95,97173.96,351.480,7.661446,-1.915361,11.492168
65371359,0.071826,-0.177171,9.859323,-0.007450,0.010642,-0.002128,33.150,-1.800,107.850,25.22,22.95,97173.98,351.478,5.746084,6.703765,9.576807
65404359,0.033519,-0.215478,9.859323,0.000000,0.009578,0.002128,33.900,-3.000,109.350,25.22,22.95,97174.27,351.454,11.492168,-0.957681,9.576807
65437359,-0.009577,-0.191536,9.840169,-0.002128,0.015963,-0.004257,33.150,-3.000,108.900,25.22,22.95,97174.17,351.462,10.534488,4.788404,19.153614
65471359,-0.014365,-0.153229,9.840169,-0.003193,0.011706,-0.002128,32.250,-2.400,108.750,24.98,22.95,97173.82,351.492,11.492168,2.873042,15.322891
65504359,-0.009577,-0.234632,9.816227,0.000000,0.013835,0.002128,31.800,-1.500,110.400,25.27,22.95,97173.23,351.543,6.703765,-0.957681,19.153614
65537359,0.043096,-0.172383,9.868899,-0.003193,0.013835,-0.002128,32.850,-2.550,108.900,25.07,22.95,97174.09,351.470,7.661446,2.873042,16.280571
65571365,0.028730,-0.201113,9.797073,-0.006385,0.008514,0.001064,32.850,-3.300,109.950,24.93,22.95,97173.44,351.525,9.576807,0.957681,8.619126
65604359,0.057461,-0.143652,9.797073,-0.002128,0.010642,0.003193,34.650,-1.050,109.950,25.22,22.95,97173.23,351.544,11.492168,1.915361,8.619126
65638533,0.004788,-0.191536,9.792285,0.000000,0.013835,0.001064,33.900,-3.000,108.150,25.12,22.95,97173.05,351.559,9.576807,3.830723,10.534488
65671359,0.004788,-0.153229,9.777920,0.000000,0.009578,-0.003193,33.450,-3.900,109.050,24.88,22.95,97173.66,351.506,5.746084,6.703765,15.322891
65704359,0.057461,-0.196325,9.835381,-0.002128,0.008514,-0.002128,33.600,-1.500,108.900,25.12,22.95,97173.38,351.531,11.492168,-0.957681,14.365211
65737359,0.009577,-0.129287,9.844957,-0.002128,0.010642,0.003193,33.150,-4.500,109.350,25.31,22.95,97173.88,351.488,8.619126,3.830723,15.322891
65771359,-0.009577,-0.186748,9.801862,0.001064,0.010642,0.002128,32.250,-2.400,109.800,25.22,22.95,97172.88,351.573,10.534488,-0.957681,15.322891
65804359,-0.023942,-0.114922,9.883265,-0.004257,0.011706,-0.002128,32.250,-4.350,108.750,25.50,22.95,97173.65,351.507,2.873042,3.830723,15.322891
65837359,0.043096,-0.158017,9.873688,-0.002128,0.014899,0.001064,33.000,-3.150,110.550,25.31,22.95,97173.90,351.486,6.703765,7.661446,19.153614
65871359,0.028730,-0.186748,9.811439,0.002128,0.007450,-0.002128,32.700,-3.600,109.500,25.27,22.95,97173.95,351.481,4.788404,0.957681,10.534488
65904359,0.019154,-0.181959,9.782708,-0.002128,0.010642,0.001064,33.000,-3.600,109.500,25.31,22.95,97174.02,351.475,9.576807,-0.957681,7.661446
65937359,0.138864,-0.186748,9.916783,-0.004257,0.015963,0.001064,32.850,-3.000,109.650,25.31,22.95,97173.73,351.500,10.534488,0.957681,7.661446
65971359,0.043096,-0.153229,9.849746,-0.003193,0.008514,-0.001064,33.600,-3.750,109.650,25.31,22.95,97173.92,351.484,19.153614,5.746084,13.407530
66004359,0.090980,-0.172383,9.830592,-0.003193,0.013835,0.000000,33.000,-3.150,108.000,25.07,22.95,97174.17,351.462,9.576807,6.703765,13.407530
66037359,-0.023942,-0.220267,9.864111,0.000000,0.015963,-0.002128,33.450,-2.850,108.750,25.22,22.95,97173.41,351.528,10.534488,1.915361,11.492168
66071359,0.019154,-0.158017,9.849746,-0.004257,0.004257,-0.001064,33.900,-1.050,108.900,25.22,22.95,97173.38,351.530,7.661446,2.873042,11.492168
66104359,0.071826,-0.138864,9.811439,-0.001064,0.009578,0.000000,32.850,-3.300,109.350,25.07,22.95,97173.02,351.561,5.746084,1.915361,11.492168
66137359,0.033519,-0.201113,9.883265,-0.001064,0.006385,0.000000,33.600,-3.000,109.650,25.27,22.95,97172.78,351.582,8.619126,0.957681,15.322891
66171359,0.043096,-0.210690,9.883265,0.001064,0.008514,-0.003193,34.350,-2.250,110.700,25.27,22.95,97172.96,351.566,6.703765,-0.957681,6.703765
66204359,0.033519,-0.229843,9.873688,-0.003193,0.011706,-0.002128,33.600,-3.000,109.350,25.07,22.95,97172.70,351.590,8.619126,-0.957681,19.153614
66237359,0.000000,-0.138864,9.892841,-0.005321,0.011706,-0.001064,31.800,-3.000,108.900,25.22,22.95,97173.11,351.554,9.576807,7.661446,15.322891
66271359,-0.009577,-0.143652,9.854534,0.003193,0.009578,0.000000,33.900,-1.800,109.350,25.27,22.95,97173.09,351.555,8.619126,7.661446,15.322891
66304359,0.047884,-0.162806,9.806650,0.004257,0.014899,-0.002128,33.750,-3.600,108.450,25.27,22.95,97173.48,351.521,6.703765,2.873042,13.407530
66337216,-0.023942,-0.148441,9.811439,0.003193,0.011706,-0.005321,34.050,-1.650,108.750,25.31,22.95,97173.34,351.535,1.915361,3.830723,14.365211
66371359,0.004788,-0.162806,9.878476,-0.008514,0.019156,-0.001064,33.000,-4.350,109.500,25.27,22.95,97173.47,351.523,10.534488,2.873042,14.365211
66404359,0.047884,-0.153229,9.921572,-0.003193,0.014899,-0.002128,32.250,-2.100,110.250,25.31,22.95,97173.22,351.544,4.788404,8.619126,17.238253
66437359,0.062249,-0.143652,9.902418,0.004257,0.011706,0.000000,32.850,-2.250,108.600,25.46,22.95,97173.36,351.532,13.407530,9.576807,10.534488
66471359,0.062249,-0.172383,9.811439,0.000000,0.011706,0.001064,34.050,-2.100,109.800,25.27,22.95,97173.40,351.529,5.746084,6.703765,8.619126
66504365,0.023942,-0.138864,9.888053,-0.004257,0.008514,-0.003193,32.700,-1.200,108.000,25.12,22.95,97173.12,351.553,6.703765,-0.957681,18.195932
66537359,0.014365,-0.186748,9.859323,0.002128,0.011706,0.001064,33.600,-3.300,110.700,24.93,22.95,97172.85,351.576,7.661446,3.830723,19.153614
66571684,0.033519,-0.191536,9.816227,-0.003193,0.012771,0.000000,32.700,-1.650,110.250,25.27,22.95,97173.34,351.535,4.788404,5.746084,13.407530
66604359,-0.052672,-0.205901,9.773131,0.002128,0.010642,0.002128,33.600,-2.250,109.950,25.12,22.95,97173.33,351.535,13.407530,-0.957681,10.534488
66637211,0.009577,-0.181959,9.816227,-0.004257,0.014899,-0.002128,32.700,-2.850,109.050,24.98,22.95,97173.25,351.542,7.661446,2.873042,14.365211
